# 17x17 fuel assembly (shortened), mm, y-up. Generated by tools/make_examples.py
# pitch 12.6, rod OD 9.5, guide/instrument tube OD 12.24 (24 + 1). Heights are illustrative.
o fuel_rods
v -96.0500 62.0000 -100.8000
v -96.2825 62.0000 -99.3322
v -96.9572 62.0000 -98.0080
v -98.0080 62.0000 -96.9572
v -99.3322 62.0000 -96.2825
v -100.8000 62.0000 -96.0500
v -102.2678 62.0000 -96.2825
v -103.5920 62.0000 -96.9572
v -104.6428 62.0000 -98.0080
v -105.3175 62.0000 -99.3322
v -105.5500 62.0000 -100.8000
v -105.3175 62.0000 -102.2678
v -104.6428 62.0000 -103.5920
v -103.5920 62.0000 -104.6428
v -102.2678 62.0000 -105.3175
v -100.8000 62.0000 -105.5500
v -99.3322 62.0000 -105.3175
v -98.0080 62.0000 -104.6428
v -96.9572 62.0000 -103.5920
v -96.2825 62.0000 -102.2678
v -96.0500 998.0000 -100.8000
v -96.2825 998.0000 -99.3322
v -96.9572 998.0000 -98.0080
v -98.0080 998.0000 -96.9572
v -99.3322 998.0000 -96.2825
v -100.8000 998.0000 -96.0500
v -102.2678 998.0000 -96.2825
v -103.5920 998.0000 -96.9572
v -104.6428 998.0000 -98.0080
v -105.3175 998.0000 -99.3322
v -105.5500 998.0000 -100.8000
v -105.3175 998.0000 -102.2678
v -104.6428 998.0000 -103.5920
v -103.5920 998.0000 -104.6428
v -102.2678 998.0000 -105.3175
v -100.8000 998.0000 -105.5500
v -99.3322 998.0000 -105.3175
v -98.0080 998.0000 -104.6428
v -96.9572 998.0000 -103.5920
v -96.2825 998.0000 -102.2678
v -96.0500 62.0000 -100.8000
v -96.2825 62.0000 -99.3322
v -96.9572 62.0000 -98.0080
v -98.0080 62.0000 -96.9572
v -99.3322 62.0000 -96.2825
v -100.8000 62.0000 -96.0500
v -102.2678 62.0000 -96.2825
v -103.5920 62.0000 -96.9572
v -104.6428 62.0000 -98.0080
v -105.3175 62.0000 -99.3322
v -105.5500 62.0000 -100.8000
v -105.3175 62.0000 -102.2678
v -104.6428 62.0000 -103.5920
v -103.5920 62.0000 -104.6428
v -102.2678 62.0000 -105.3175
v -100.8000 62.0000 -105.5500
v -99.3322 62.0000 -105.3175
v -98.0080 62.0000 -104.6428
v -96.9572 62.0000 -103.5920
v -96.2825 62.0000 -102.2678
v -96.0500 998.0000 -100.8000
v -96.2825 998.0000 -99.3322
v -96.9572 998.0000 -98.0080
v -98.0080 998.0000 -96.9572
v -99.3322 998.0000 -96.2825
v -100.8000 998.0000 -96.0500
v -102.2678 998.0000 -96.2825
v -103.5920 998.0000 -96.9572
v -104.6428 998.0000 -98.0080
v -105.3175 998.0000 -99.3322
v -105.5500 998.0000 -100.8000
v -105.3175 998.0000 -102.2678
v -104.6428 998.0000 -103.5920
v -103.5920 998.0000 -104.6428
v -102.2678 998.0000 -105.3175
v -100.8000 998.0000 -105.5500
v -99.3322 998.0000 -105.3175
v -98.0080 998.0000 -104.6428
v -96.9572 998.0000 -103.5920
v -96.2825 998.0000 -102.2678
v -83.4500 62.0000 -100.8000
v -83.6825 62.0000 -99.3322
v -84.3572 62.0000 -98.0080
v -85.4080 62.0000 -96.9572
v -86.7322 62.0000 -96.2825
v -88.2000 62.0000 -96.0500
v -89.6678 62.0000 -96.2825
v -90.9920 62.0000 -96.9572
v -92.0428 62.0000 -98.0080
v -92.7175 62.0000 -99.3322
v -92.9500 62.0000 -100.8000
v -92.7175 62.0000 -102.2678
v -92.0428 62.0000 -103.5920
v -90.9920 62.0000 -104.6428
v -89.6678 62.0000 -105.3175
v -88.2000 62.0000 -105.5500
v -86.7322 62.0000 -105.3175
v -85.4080 62.0000 -104.6428
v -84.3572 62.0000 -103.5920
v -83.6825 62.0000 -102.2678
v -83.4500 998.0000 -100.8000
v -83.6825 998.0000 -99.3322
v -84.3572 998.0000 -98.0080
v -85.4080 998.0000 -96.9572
v -86.7322 998.0000 -96.2825
v -88.2000 998.0000 -96.0500
v -89.6678 998.0000 -96.2825
v -90.9920 998.0000 -96.9572
v -92.0428 998.0000 -98.0080
v -92.7175 998.0000 -99.3322
v -92.9500 998.0000 -100.8000
v -92.7175 998.0000 -102.2678
v -92.0428 998.0000 -103.5920
v -90.9920 998.0000 -104.6428
v -89.6678 998.0000 -105.3175
v -88.2000 998.0000 -105.5500
v -86.7322 998.0000 -105.3175
v -85.4080 998.0000 -104.6428
v -84.3572 998.0000 -103.5920
v -83.6825 998.0000 -102.2678
v -83.4500 62.0000 -100.8000
v -83.6825 62.0000 -99.3322
v -84.3572 62.0000 -98.0080
v -85.4080 62.0000 -96.9572
v -86.7322 62.0000 -96.2825
v -88.2000 62.0000 -96.0500
v -89.6678 62.0000 -96.2825
v -90.9920 62.0000 -96.9572
v -92.0428 62.0000 -98.0080
v -92.7175 62.0000 -99.3322
v -92.9500 62.0000 -100.8000
v -92.7175 62.0000 -102.2678
v -92.0428 62.0000 -103.5920
v -90.9920 62.0000 -104.6428
v -89.6678 62.0000 -105.3175
v -88.2000 62.0000 -105.5500
v -86.7322 62.0000 -105.3175
v -85.4080 62.0000 -104.6428
v -84.3572 62.0000 -103.5920
v -83.6825 62.0000 -102.2678
v -83.4500 998.0000 -100.8000
v -83.6825 998.0000 -99.3322
v -84.3572 998.0000 -98.0080
v -85.4080 998.0000 -96.9572
v -86.7322 998.0000 -96.2825
v -88.2000 998.0000 -96.0500
v -89.6678 998.0000 -96.2825
v -90.9920 998.0000 -96.9572
v -92.0428 998.0000 -98.0080
v -92.7175 998.0000 -99.3322
v -92.9500 998.0000 -100.8000
v -92.7175 998.0000 -102.2678
v -92.0428 998.0000 -103.5920
v -90.9920 998.0000 -104.6428
v -89.6678 998.0000 -105.3175
v -88.2000 998.0000 -105.5500
v -86.7322 998.0000 -105.3175
v -85.4080 998.0000 -104.6428
v -84.3572 998.0000 -103.5920
v -83.6825 998.0000 -102.2678
v -70.8500 62.0000 -100.8000
v -71.0825 62.0000 -99.3322
v -71.7572 62.0000 -98.0080
v -72.8080 62.0000 -96.9572
v -74.1322 62.0000 -96.2825
v -75.6000 62.0000 -96.0500
v -77.0678 62.0000 -96.2825
v -78.3920 62.0000 -96.9572
v -79.4428 62.0000 -98.0080
v -80.1175 62.0000 -99.3322
v -80.3500 62.0000 -100.8000
v -80.1175 62.0000 -102.2678
v -79.4428 62.0000 -103.5920
v -78.3920 62.0000 -104.6428
v -77.0678 62.0000 -105.3175
v -75.6000 62.0000 -105.5500
v -74.1322 62.0000 -105.3175
v -72.8080 62.0000 -104.6428
v -71.7572 62.0000 -103.5920
v -71.0825 62.0000 -102.2678
v -70.8500 998.0000 -100.8000
v -71.0825 998.0000 -99.3322
v -71.7572 998.0000 -98.0080
v -72.8080 998.0000 -96.9572
v -74.1322 998.0000 -96.2825
v -75.6000 998.0000 -96.0500
v -77.0678 998.0000 -96.2825
v -78.3920 998.0000 -96.9572
v -79.4428 998.0000 -98.0080
v -80.1175 998.0000 -99.3322
v -80.3500 998.0000 -100.8000
v -80.1175 998.0000 -102.2678
v -79.4428 998.0000 -103.5920
v -78.3920 998.0000 -104.6428
v -77.0678 998.0000 -105.3175
v -75.6000 998.0000 -105.5500
v -74.1322 998.0000 -105.3175
v -72.8080 998.0000 -104.6428
v -71.7572 998.0000 -103.5920
v -71.0825 998.0000 -102.2678
v -70.8500 62.0000 -100.8000
v -71.0825 62.0000 -99.3322
v -71.7572 62.0000 -98.0080
v -72.8080 62.0000 -96.9572
v -74.1322 62.0000 -96.2825
v -75.6000 62.0000 -96.0500
v -77.0678 62.0000 -96.2825
v -78.3920 62.0000 -96.9572
v -79.4428 62.0000 -98.0080
v -80.1175 62.0000 -99.3322
v -80.3500 62.0000 -100.8000
v -80.1175 62.0000 -102.2678
v -79.4428 62.0000 -103.5920
v -78.3920 62.0000 -104.6428
v -77.0678 62.0000 -105.3175
v -75.6000 62.0000 -105.5500
v -74.1322 62.0000 -105.3175
v -72.8080 62.0000 -104.6428
v -71.7572 62.0000 -103.5920
v -71.0825 62.0000 -102.2678
v -70.8500 998.0000 -100.8000
v -71.0825 998.0000 -99.3322
v -71.7572 998.0000 -98.0080
v -72.8080 998.0000 -96.9572
v -74.1322 998.0000 -96.2825
v -75.6000 998.0000 -96.0500
v -77.0678 998.0000 -96.2825
v -78.3920 998.0000 -96.9572
v -79.4428 998.0000 -98.0080
v -80.1175 998.0000 -99.3322
v -80.3500 998.0000 -100.8000
v -80.1175 998.0000 -102.2678
v -79.4428 998.0000 -103.5920
v -78.3920 998.0000 -104.6428
v -77.0678 998.0000 -105.3175
v -75.6000 998.0000 -105.5500
v -74.1322 998.0000 -105.3175
v -72.8080 998.0000 -104.6428
v -71.7572 998.0000 -103.5920
v -71.0825 998.0000 -102.2678
v -58.2500 62.0000 -100.8000
v -58.4825 62.0000 -99.3322
v -59.1572 62.0000 -98.0080
v -60.2080 62.0000 -96.9572
v -61.5322 62.0000 -96.2825
v -63.0000 62.0000 -96.0500
v -64.4678 62.0000 -96.2825
v -65.7920 62.0000 -96.9572
v -66.8428 62.0000 -98.0080
v -67.5175 62.0000 -99.3322
v -67.7500 62.0000 -100.8000
v -67.5175 62.0000 -102.2678
v -66.8428 62.0000 -103.5920
v -65.7920 62.0000 -104.6428
v -64.4678 62.0000 -105.3175
v -63.0000 62.0000 -105.5500
v -61.5322 62.0000 -105.3175
v -60.2080 62.0000 -104.6428
v -59.1572 62.0000 -103.5920
v -58.4825 62.0000 -102.2678
v -58.2500 998.0000 -100.8000
v -58.4825 998.0000 -99.3322
v -59.1572 998.0000 -98.0080
v -60.2080 998.0000 -96.9572
v -61.5322 998.0000 -96.2825
v -63.0000 998.0000 -96.0500
v -64.4678 998.0000 -96.2825
v -65.7920 998.0000 -96.9572
v -66.8428 998.0000 -98.0080
v -67.5175 998.0000 -99.3322
v -67.7500 998.0000 -100.8000
v -67.5175 998.0000 -102.2678
v -66.8428 998.0000 -103.5920
v -65.7920 998.0000 -104.6428
v -64.4678 998.0000 -105.3175
v -63.0000 998.0000 -105.5500
v -61.5322 998.0000 -105.3175
v -60.2080 998.0000 -104.6428
v -59.1572 998.0000 -103.5920
v -58.4825 998.0000 -102.2678
v -58.2500 62.0000 -100.8000
v -58.4825 62.0000 -99.3322
v -59.1572 62.0000 -98.0080
v -60.2080 62.0000 -96.9572
v -61.5322 62.0000 -96.2825
v -63.0000 62.0000 -96.0500
v -64.4678 62.0000 -96.2825
v -65.7920 62.0000 -96.9572
v -66.8428 62.0000 -98.0080
v -67.5175 62.0000 -99.3322
v -67.7500 62.0000 -100.8000
v -67.5175 62.0000 -102.2678
v -66.8428 62.0000 -103.5920
v -65.7920 62.0000 -104.6428
v -64.4678 62.0000 -105.3175
v -63.0000 62.0000 -105.5500
v -61.5322 62.0000 -105.3175
v -60.2080 62.0000 -104.6428
v -59.1572 62.0000 -103.5920
v -58.4825 62.0000 -102.2678
v -58.2500 998.0000 -100.8000
v -58.4825 998.0000 -99.3322
v -59.1572 998.0000 -98.0080
v -60.2080 998.0000 -96.9572
v -61.5322 998.0000 -96.2825
v -63.0000 998.0000 -96.0500
v -64.4678 998.0000 -96.2825
v -65.7920 998.0000 -96.9572
v -66.8428 998.0000 -98.0080
v -67.5175 998.0000 -99.3322
v -67.7500 998.0000 -100.8000
v -67.5175 998.0000 -102.2678
v -66.8428 998.0000 -103.5920
v -65.7920 998.0000 -104.6428
v -64.4678 998.0000 -105.3175
v -63.0000 998.0000 -105.5500
v -61.5322 998.0000 -105.3175
v -60.2080 998.0000 -104.6428
v -59.1572 998.0000 -103.5920
v -58.4825 998.0000 -102.2678
v -45.6500 62.0000 -100.8000
v -45.8825 62.0000 -99.3322
v -46.5572 62.0000 -98.0080
v -47.6080 62.0000 -96.9572
v -48.9322 62.0000 -96.2825
v -50.4000 62.0000 -96.0500
v -51.8678 62.0000 -96.2825
v -53.1920 62.0000 -96.9572
v -54.2428 62.0000 -98.0080
v -54.9175 62.0000 -99.3322
v -55.1500 62.0000 -100.8000
v -54.9175 62.0000 -102.2678
v -54.2428 62.0000 -103.5920
v -53.1920 62.0000 -104.6428
v -51.8678 62.0000 -105.3175
v -50.4000 62.0000 -105.5500
v -48.9322 62.0000 -105.3175
v -47.6080 62.0000 -104.6428
v -46.5572 62.0000 -103.5920
v -45.8825 62.0000 -102.2678
v -45.6500 998.0000 -100.8000
v -45.8825 998.0000 -99.3322
v -46.5572 998.0000 -98.0080
v -47.6080 998.0000 -96.9572
v -48.9322 998.0000 -96.2825
v -50.4000 998.0000 -96.0500
v -51.8678 998.0000 -96.2825
v -53.1920 998.0000 -96.9572
v -54.2428 998.0000 -98.0080
v -54.9175 998.0000 -99.3322
v -55.1500 998.0000 -100.8000
v -54.9175 998.0000 -102.2678
v -54.2428 998.0000 -103.5920
v -53.1920 998.0000 -104.6428
v -51.8678 998.0000 -105.3175
v -50.4000 998.0000 -105.5500
v -48.9322 998.0000 -105.3175
v -47.6080 998.0000 -104.6428
v -46.5572 998.0000 -103.5920
v -45.8825 998.0000 -102.2678
v -45.6500 62.0000 -100.8000
v -45.8825 62.0000 -99.3322
v -46.5572 62.0000 -98.0080
v -47.6080 62.0000 -96.9572
v -48.9322 62.0000 -96.2825
v -50.4000 62.0000 -96.0500
v -51.8678 62.0000 -96.2825
v -53.1920 62.0000 -96.9572
v -54.2428 62.0000 -98.0080
v -54.9175 62.0000 -99.3322
v -55.1500 62.0000 -100.8000
v -54.9175 62.0000 -102.2678
v -54.2428 62.0000 -103.5920
v -53.1920 62.0000 -104.6428
v -51.8678 62.0000 -105.3175
v -50.4000 62.0000 -105.5500
v -48.9322 62.0000 -105.3175
v -47.6080 62.0000 -104.6428
v -46.5572 62.0000 -103.5920
v -45.8825 62.0000 -102.2678
v -45.6500 998.0000 -100.8000
v -45.8825 998.0000 -99.3322
v -46.5572 998.0000 -98.0080
v -47.6080 998.0000 -96.9572
v -48.9322 998.0000 -96.2825
v -50.4000 998.0000 -96.0500
v -51.8678 998.0000 -96.2825
v -53.1920 998.0000 -96.9572
v -54.2428 998.0000 -98.0080
v -54.9175 998.0000 -99.3322
v -55.1500 998.0000 -100.8000
v -54.9175 998.0000 -102.2678
v -54.2428 998.0000 -103.5920
v -53.1920 998.0000 -104.6428
v -51.8678 998.0000 -105.3175
v -50.4000 998.0000 -105.5500
v -48.9322 998.0000 -105.3175
v -47.6080 998.0000 -104.6428
v -46.5572 998.0000 -103.5920
v -45.8825 998.0000 -102.2678
v -33.0500 62.0000 -100.8000
v -33.2825 62.0000 -99.3322
v -33.9572 62.0000 -98.0080
v -35.0080 62.0000 -96.9572
v -36.3322 62.0000 -96.2825
v -37.8000 62.0000 -96.0500
v -39.2678 62.0000 -96.2825
v -40.5920 62.0000 -96.9572
v -41.6428 62.0000 -98.0080
v -42.3175 62.0000 -99.3322
v -42.5500 62.0000 -100.8000
v -42.3175 62.0000 -102.2678
v -41.6428 62.0000 -103.5920
v -40.5920 62.0000 -104.6428
v -39.2678 62.0000 -105.3175
v -37.8000 62.0000 -105.5500
v -36.3322 62.0000 -105.3175
v -35.0080 62.0000 -104.6428
v -33.9572 62.0000 -103.5920
v -33.2825 62.0000 -102.2678
v -33.0500 998.0000 -100.8000
v -33.2825 998.0000 -99.3322
v -33.9572 998.0000 -98.0080
v -35.0080 998.0000 -96.9572
v -36.3322 998.0000 -96.2825
v -37.8000 998.0000 -96.0500
v -39.2678 998.0000 -96.2825
v -40.5920 998.0000 -96.9572
v -41.6428 998.0000 -98.0080
v -42.3175 998.0000 -99.3322
v -42.5500 998.0000 -100.8000
v -42.3175 998.0000 -102.2678
v -41.6428 998.0000 -103.5920
v -40.5920 998.0000 -104.6428
v -39.2678 998.0000 -105.3175
v -37.8000 998.0000 -105.5500
v -36.3322 998.0000 -105.3175
v -35.0080 998.0000 -104.6428
v -33.9572 998.0000 -103.5920
v -33.2825 998.0000 -102.2678
v -33.0500 62.0000 -100.8000
v -33.2825 62.0000 -99.3322
v -33.9572 62.0000 -98.0080
v -35.0080 62.0000 -96.9572
v -36.3322 62.0000 -96.2825
v -37.8000 62.0000 -96.0500
v -39.2678 62.0000 -96.2825
v -40.5920 62.0000 -96.9572
v -41.6428 62.0000 -98.0080
v -42.3175 62.0000 -99.3322
v -42.5500 62.0000 -100.8000
v -42.3175 62.0000 -102.2678
v -41.6428 62.0000 -103.5920
v -40.5920 62.0000 -104.6428
v -39.2678 62.0000 -105.3175
v -37.8000 62.0000 -105.5500
v -36.3322 62.0000 -105.3175
v -35.0080 62.0000 -104.6428
v -33.9572 62.0000 -103.5920
v -33.2825 62.0000 -102.2678
v -33.0500 998.0000 -100.8000
v -33.2825 998.0000 -99.3322
v -33.9572 998.0000 -98.0080
v -35.0080 998.0000 -96.9572
v -36.3322 998.0000 -96.2825
v -37.8000 998.0000 -96.0500
v -39.2678 998.0000 -96.2825
v -40.5920 998.0000 -96.9572
v -41.6428 998.0000 -98.0080
v -42.3175 998.0000 -99.3322
v -42.5500 998.0000 -100.8000
v -42.3175 998.0000 -102.2678
v -41.6428 998.0000 -103.5920
v -40.5920 998.0000 -104.6428
v -39.2678 998.0000 -105.3175
v -37.8000 998.0000 -105.5500
v -36.3322 998.0000 -105.3175
v -35.0080 998.0000 -104.6428
v -33.9572 998.0000 -103.5920
v -33.2825 998.0000 -102.2678
v -20.4500 62.0000 -100.8000
v -20.6825 62.0000 -99.3322
v -21.3572 62.0000 -98.0080
v -22.4080 62.0000 -96.9572
v -23.7322 62.0000 -96.2825
v -25.2000 62.0000 -96.0500
v -26.6678 62.0000 -96.2825
v -27.9920 62.0000 -96.9572
v -29.0428 62.0000 -98.0080
v -29.7175 62.0000 -99.3322
v -29.9500 62.0000 -100.8000
v -29.7175 62.0000 -102.2678
v -29.0428 62.0000 -103.5920
v -27.9920 62.0000 -104.6428
v -26.6678 62.0000 -105.3175
v -25.2000 62.0000 -105.5500
v -23.7322 62.0000 -105.3175
v -22.4080 62.0000 -104.6428
v -21.3572 62.0000 -103.5920
v -20.6825 62.0000 -102.2678
v -20.4500 998.0000 -100.8000
v -20.6825 998.0000 -99.3322
v -21.3572 998.0000 -98.0080
v -22.4080 998.0000 -96.9572
v -23.7322 998.0000 -96.2825
v -25.2000 998.0000 -96.0500
v -26.6678 998.0000 -96.2825
v -27.9920 998.0000 -96.9572
v -29.0428 998.0000 -98.0080
v -29.7175 998.0000 -99.3322
v -29.9500 998.0000 -100.8000
v -29.7175 998.0000 -102.2678
v -29.0428 998.0000 -103.5920
v -27.9920 998.0000 -104.6428
v -26.6678 998.0000 -105.3175
v -25.2000 998.0000 -105.5500
v -23.7322 998.0000 -105.3175
v -22.4080 998.0000 -104.6428
v -21.3572 998.0000 -103.5920
v -20.6825 998.0000 -102.2678
v -20.4500 62.0000 -100.8000
v -20.6825 62.0000 -99.3322
v -21.3572 62.0000 -98.0080
v -22.4080 62.0000 -96.9572
v -23.7322 62.0000 -96.2825
v -25.2000 62.0000 -96.0500
v -26.6678 62.0000 -96.2825
v -27.9920 62.0000 -96.9572
v -29.0428 62.0000 -98.0080
v -29.7175 62.0000 -99.3322
v -29.9500 62.0000 -100.8000
v -29.7175 62.0000 -102.2678
v -29.0428 62.0000 -103.5920
v -27.9920 62.0000 -104.6428
v -26.6678 62.0000 -105.3175
v -25.2000 62.0000 -105.5500
v -23.7322 62.0000 -105.3175
v -22.4080 62.0000 -104.6428
v -21.3572 62.0000 -103.5920
v -20.6825 62.0000 -102.2678
v -20.4500 998.0000 -100.8000
v -20.6825 998.0000 -99.3322
v -21.3572 998.0000 -98.0080
v -22.4080 998.0000 -96.9572
v -23.7322 998.0000 -96.2825
v -25.2000 998.0000 -96.0500
v -26.6678 998.0000 -96.2825
v -27.9920 998.0000 -96.9572
v -29.0428 998.0000 -98.0080
v -29.7175 998.0000 -99.3322
v -29.9500 998.0000 -100.8000
v -29.7175 998.0000 -102.2678
v -29.0428 998.0000 -103.5920
v -27.9920 998.0000 -104.6428
v -26.6678 998.0000 -105.3175
v -25.2000 998.0000 -105.5500
v -23.7322 998.0000 -105.3175
v -22.4080 998.0000 -104.6428
v -21.3572 998.0000 -103.5920
v -20.6825 998.0000 -102.2678
v -7.8500 62.0000 -100.8000
v -8.0825 62.0000 -99.3322
v -8.7572 62.0000 -98.0080
v -9.8080 62.0000 -96.9572
v -11.1322 62.0000 -96.2825
v -12.6000 62.0000 -96.0500
v -14.0678 62.0000 -96.2825
v -15.3920 62.0000 -96.9572
v -16.4428 62.0000 -98.0080
v -17.1175 62.0000 -99.3322
v -17.3500 62.0000 -100.8000
v -17.1175 62.0000 -102.2678
v -16.4428 62.0000 -103.5920
v -15.3920 62.0000 -104.6428
v -14.0678 62.0000 -105.3175
v -12.6000 62.0000 -105.5500
v -11.1322 62.0000 -105.3175
v -9.8080 62.0000 -104.6428
v -8.7572 62.0000 -103.5920
v -8.0825 62.0000 -102.2678
v -7.8500 998.0000 -100.8000
v -8.0825 998.0000 -99.3322
v -8.7572 998.0000 -98.0080
v -9.8080 998.0000 -96.9572
v -11.1322 998.0000 -96.2825
v -12.6000 998.0000 -96.0500
v -14.0678 998.0000 -96.2825
v -15.3920 998.0000 -96.9572
v -16.4428 998.0000 -98.0080
v -17.1175 998.0000 -99.3322
v -17.3500 998.0000 -100.8000
v -17.1175 998.0000 -102.2678
v -16.4428 998.0000 -103.5920
v -15.3920 998.0000 -104.6428
v -14.0678 998.0000 -105.3175
v -12.6000 998.0000 -105.5500
v -11.1322 998.0000 -105.3175
v -9.8080 998.0000 -104.6428
v -8.7572 998.0000 -103.5920
v -8.0825 998.0000 -102.2678
v -7.8500 62.0000 -100.8000
v -8.0825 62.0000 -99.3322
v -8.7572 62.0000 -98.0080
v -9.8080 62.0000 -96.9572
v -11.1322 62.0000 -96.2825
v -12.6000 62.0000 -96.0500
v -14.0678 62.0000 -96.2825
v -15.3920 62.0000 -96.9572
v -16.4428 62.0000 -98.0080
v -17.1175 62.0000 -99.3322
v -17.3500 62.0000 -100.8000
v -17.1175 62.0000 -102.2678
v -16.4428 62.0000 -103.5920
v -15.3920 62.0000 -104.6428
v -14.0678 62.0000 -105.3175
v -12.6000 62.0000 -105.5500
v -11.1322 62.0000 -105.3175
v -9.8080 62.0000 -104.6428
v -8.7572 62.0000 -103.5920
v -8.0825 62.0000 -102.2678
v -7.8500 998.0000 -100.8000
v -8.0825 998.0000 -99.3322
v -8.7572 998.0000 -98.0080
v -9.8080 998.0000 -96.9572
v -11.1322 998.0000 -96.2825
v -12.6000 998.0000 -96.0500
v -14.0678 998.0000 -96.2825
v -15.3920 998.0000 -96.9572
v -16.4428 998.0000 -98.0080
v -17.1175 998.0000 -99.3322
v -17.3500 998.0000 -100.8000
v -17.1175 998.0000 -102.2678
v -16.4428 998.0000 -103.5920
v -15.3920 998.0000 -104.6428
v -14.0678 998.0000 -105.3175
v -12.6000 998.0000 -105.5500
v -11.1322 998.0000 -105.3175
v -9.8080 998.0000 -104.6428
v -8.7572 998.0000 -103.5920
v -8.0825 998.0000 -102.2678
v 4.7500 62.0000 -100.8000
v 4.5175 62.0000 -99.3322
v 3.8428 62.0000 -98.0080
v 2.7920 62.0000 -96.9572
v 1.4678 62.0000 -96.2825
v 0.0000 62.0000 -96.0500
v -1.4678 62.0000 -96.2825
v -2.7920 62.0000 -96.9572
v -3.8428 62.0000 -98.0080
v -4.5175 62.0000 -99.3322
v -4.7500 62.0000 -100.8000
v -4.5175 62.0000 -102.2678
v -3.8428 62.0000 -103.5920
v -2.7920 62.0000 -104.6428
v -1.4678 62.0000 -105.3175
v -0.0000 62.0000 -105.5500
v 1.4678 62.0000 -105.3175
v 2.7920 62.0000 -104.6428
v 3.8428 62.0000 -103.5920
v 4.5175 62.0000 -102.2678
v 4.7500 998.0000 -100.8000
v 4.5175 998.0000 -99.3322
v 3.8428 998.0000 -98.0080
v 2.7920 998.0000 -96.9572
v 1.4678 998.0000 -96.2825
v 0.0000 998.0000 -96.0500
v -1.4678 998.0000 -96.2825
v -2.7920 998.0000 -96.9572
v -3.8428 998.0000 -98.0080
v -4.5175 998.0000 -99.3322
v -4.7500 998.0000 -100.8000
v -4.5175 998.0000 -102.2678
v -3.8428 998.0000 -103.5920
v -2.7920 998.0000 -104.6428
v -1.4678 998.0000 -105.3175
v -0.0000 998.0000 -105.5500
v 1.4678 998.0000 -105.3175
v 2.7920 998.0000 -104.6428
v 3.8428 998.0000 -103.5920
v 4.5175 998.0000 -102.2678
v 4.7500 62.0000 -100.8000
v 4.5175 62.0000 -99.3322
v 3.8428 62.0000 -98.0080
v 2.7920 62.0000 -96.9572
v 1.4678 62.0000 -96.2825
v 0.0000 62.0000 -96.0500
v -1.4678 62.0000 -96.2825
v -2.7920 62.0000 -96.9572
v -3.8428 62.0000 -98.0080
v -4.5175 62.0000 -99.3322
v -4.7500 62.0000 -100.8000
v -4.5175 62.0000 -102.2678
v -3.8428 62.0000 -103.5920
v -2.7920 62.0000 -104.6428
v -1.4678 62.0000 -105.3175
v -0.0000 62.0000 -105.5500
v 1.4678 62.0000 -105.3175
v 2.7920 62.0000 -104.6428
v 3.8428 62.0000 -103.5920
v 4.5175 62.0000 -102.2678
v 4.7500 998.0000 -100.8000
v 4.5175 998.0000 -99.3322
v 3.8428 998.0000 -98.0080
v 2.7920 998.0000 -96.9572
v 1.4678 998.0000 -96.2825
v 0.0000 998.0000 -96.0500
v -1.4678 998.0000 -96.2825
v -2.7920 998.0000 -96.9572
v -3.8428 998.0000 -98.0080
v -4.5175 998.0000 -99.3322
v -4.7500 998.0000 -100.8000
v -4.5175 998.0000 -102.2678
v -3.8428 998.0000 -103.5920
v -2.7920 998.0000 -104.6428
v -1.4678 998.0000 -105.3175
v -0.0000 998.0000 -105.5500
v 1.4678 998.0000 -105.3175
v 2.7920 998.0000 -104.6428
v 3.8428 998.0000 -103.5920
v 4.5175 998.0000 -102.2678
v 17.3500 62.0000 -100.8000
v 17.1175 62.0000 -99.3322
v 16.4428 62.0000 -98.0080
v 15.3920 62.0000 -96.9572
v 14.0678 62.0000 -96.2825
v 12.6000 62.0000 -96.0500
v 11.1322 62.0000 -96.2825
v 9.8080 62.0000 -96.9572
v 8.7572 62.0000 -98.0080
v 8.0825 62.0000 -99.3322
v 7.8500 62.0000 -100.8000
v 8.0825 62.0000 -102.2678
v 8.7572 62.0000 -103.5920
v 9.8080 62.0000 -104.6428
v 11.1322 62.0000 -105.3175
v 12.6000 62.0000 -105.5500
v 14.0678 62.0000 -105.3175
v 15.3920 62.0000 -104.6428
v 16.4428 62.0000 -103.5920
v 17.1175 62.0000 -102.2678
v 17.3500 998.0000 -100.8000
v 17.1175 998.0000 -99.3322
v 16.4428 998.0000 -98.0080
v 15.3920 998.0000 -96.9572
v 14.0678 998.0000 -96.2825
v 12.6000 998.0000 -96.0500
v 11.1322 998.0000 -96.2825
v 9.8080 998.0000 -96.9572
v 8.7572 998.0000 -98.0080
v 8.0825 998.0000 -99.3322
v 7.8500 998.0000 -100.8000
v 8.0825 998.0000 -102.2678
v 8.7572 998.0000 -103.5920
v 9.8080 998.0000 -104.6428
v 11.1322 998.0000 -105.3175
v 12.6000 998.0000 -105.5500
v 14.0678 998.0000 -105.3175
v 15.3920 998.0000 -104.6428
v 16.4428 998.0000 -103.5920
v 17.1175 998.0000 -102.2678
v 17.3500 62.0000 -100.8000
v 17.1175 62.0000 -99.3322
v 16.4428 62.0000 -98.0080
v 15.3920 62.0000 -96.9572
v 14.0678 62.0000 -96.2825
v 12.6000 62.0000 -96.0500
v 11.1322 62.0000 -96.2825
v 9.8080 62.0000 -96.9572
v 8.7572 62.0000 -98.0080
v 8.0825 62.0000 -99.3322
v 7.8500 62.0000 -100.8000
v 8.0825 62.0000 -102.2678
v 8.7572 62.0000 -103.5920
v 9.8080 62.0000 -104.6428
v 11.1322 62.0000 -105.3175
v 12.6000 62.0000 -105.5500
v 14.0678 62.0000 -105.3175
v 15.3920 62.0000 -104.6428
v 16.4428 62.0000 -103.5920
v 17.1175 62.0000 -102.2678
v 17.3500 998.0000 -100.8000
v 17.1175 998.0000 -99.3322
v 16.4428 998.0000 -98.0080
v 15.3920 998.0000 -96.9572
v 14.0678 998.0000 -96.2825
v 12.6000 998.0000 -96.0500
v 11.1322 998.0000 -96.2825
v 9.8080 998.0000 -96.9572
v 8.7572 998.0000 -98.0080
v 8.0825 998.0000 -99.3322
v 7.8500 998.0000 -100.8000
v 8.0825 998.0000 -102.2678
v 8.7572 998.0000 -103.5920
v 9.8080 998.0000 -104.6428
v 11.1322 998.0000 -105.3175
v 12.6000 998.0000 -105.5500
v 14.0678 998.0000 -105.3175
v 15.3920 998.0000 -104.6428
v 16.4428 998.0000 -103.5920
v 17.1175 998.0000 -102.2678
v 29.9500 62.0000 -100.8000
v 29.7175 62.0000 -99.3322
v 29.0428 62.0000 -98.0080
v 27.9920 62.0000 -96.9572
v 26.6678 62.0000 -96.2825
v 25.2000 62.0000 -96.0500
v 23.7322 62.0000 -96.2825
v 22.4080 62.0000 -96.9572
v 21.3572 62.0000 -98.0080
v 20.6825 62.0000 -99.3322
v 20.4500 62.0000 -100.8000
v 20.6825 62.0000 -102.2678
v 21.3572 62.0000 -103.5920
v 22.4080 62.0000 -104.6428
v 23.7322 62.0000 -105.3175
v 25.2000 62.0000 -105.5500
v 26.6678 62.0000 -105.3175
v 27.9920 62.0000 -104.6428
v 29.0428 62.0000 -103.5920
v 29.7175 62.0000 -102.2678
v 29.9500 998.0000 -100.8000
v 29.7175 998.0000 -99.3322
v 29.0428 998.0000 -98.0080
v 27.9920 998.0000 -96.9572
v 26.6678 998.0000 -96.2825
v 25.2000 998.0000 -96.0500
v 23.7322 998.0000 -96.2825
v 22.4080 998.0000 -96.9572
v 21.3572 998.0000 -98.0080
v 20.6825 998.0000 -99.3322
v 20.4500 998.0000 -100.8000
v 20.6825 998.0000 -102.2678
v 21.3572 998.0000 -103.5920
v 22.4080 998.0000 -104.6428
v 23.7322 998.0000 -105.3175
v 25.2000 998.0000 -105.5500
v 26.6678 998.0000 -105.3175
v 27.9920 998.0000 -104.6428
v 29.0428 998.0000 -103.5920
v 29.7175 998.0000 -102.2678
v 29.9500 62.0000 -100.8000
v 29.7175 62.0000 -99.3322
v 29.0428 62.0000 -98.0080
v 27.9920 62.0000 -96.9572
v 26.6678 62.0000 -96.2825
v 25.2000 62.0000 -96.0500
v 23.7322 62.0000 -96.2825
v 22.4080 62.0000 -96.9572
v 21.3572 62.0000 -98.0080
v 20.6825 62.0000 -99.3322
v 20.4500 62.0000 -100.8000
v 20.6825 62.0000 -102.2678
v 21.3572 62.0000 -103.5920
v 22.4080 62.0000 -104.6428
v 23.7322 62.0000 -105.3175
v 25.2000 62.0000 -105.5500
v 26.6678 62.0000 -105.3175
v 27.9920 62.0000 -104.6428
v 29.0428 62.0000 -103.5920
v 29.7175 62.0000 -102.2678
v 29.9500 998.0000 -100.8000
v 29.7175 998.0000 -99.3322
v 29.0428 998.0000 -98.0080
v 27.9920 998.0000 -96.9572
v 26.6678 998.0000 -96.2825
v 25.2000 998.0000 -96.0500
v 23.7322 998.0000 -96.2825
v 22.4080 998.0000 -96.9572
v 21.3572 998.0000 -98.0080
v 20.6825 998.0000 -99.3322
v 20.4500 998.0000 -100.8000
v 20.6825 998.0000 -102.2678
v 21.3572 998.0000 -103.5920
v 22.4080 998.0000 -104.6428
v 23.7322 998.0000 -105.3175
v 25.2000 998.0000 -105.5500
v 26.6678 998.0000 -105.3175
v 27.9920 998.0000 -104.6428
v 29.0428 998.0000 -103.5920
v 29.7175 998.0000 -102.2678
v 42.5500 62.0000 -100.8000
v 42.3175 62.0000 -99.3322
v 41.6428 62.0000 -98.0080
v 40.5920 62.0000 -96.9572
v 39.2678 62.0000 -96.2825
v 37.8000 62.0000 -96.0500
v 36.3322 62.0000 -96.2825
v 35.0080 62.0000 -96.9572
v 33.9572 62.0000 -98.0080
v 33.2825 62.0000 -99.3322
v 33.0500 62.0000 -100.8000
v 33.2825 62.0000 -102.2678
v 33.9572 62.0000 -103.5920
v 35.0080 62.0000 -104.6428
v 36.3322 62.0000 -105.3175
v 37.8000 62.0000 -105.5500
v 39.2678 62.0000 -105.3175
v 40.5920 62.0000 -104.6428
v 41.6428 62.0000 -103.5920
v 42.3175 62.0000 -102.2678
v 42.5500 998.0000 -100.8000
v 42.3175 998.0000 -99.3322
v 41.6428 998.0000 -98.0080
v 40.5920 998.0000 -96.9572
v 39.2678 998.0000 -96.2825
v 37.8000 998.0000 -96.0500
v 36.3322 998.0000 -96.2825
v 35.0080 998.0000 -96.9572
v 33.9572 998.0000 -98.0080
v 33.2825 998.0000 -99.3322
v 33.0500 998.0000 -100.8000
v 33.2825 998.0000 -102.2678
v 33.9572 998.0000 -103.5920
v 35.0080 998.0000 -104.6428
v 36.3322 998.0000 -105.3175
v 37.8000 998.0000 -105.5500
v 39.2678 998.0000 -105.3175
v 40.5920 998.0000 -104.6428
v 41.6428 998.0000 -103.5920
v 42.3175 998.0000 -102.2678
v 42.5500 62.0000 -100.8000
v 42.3175 62.0000 -99.3322
v 41.6428 62.0000 -98.0080
v 40.5920 62.0000 -96.9572
v 39.2678 62.0000 -96.2825
v 37.8000 62.0000 -96.0500
v 36.3322 62.0000 -96.2825
v 35.0080 62.0000 -96.9572
v 33.9572 62.0000 -98.0080
v 33.2825 62.0000 -99.3322
v 33.0500 62.0000 -100.8000
v 33.2825 62.0000 -102.2678
v 33.9572 62.0000 -103.5920
v 35.0080 62.0000 -104.6428
v 36.3322 62.0000 -105.3175
v 37.8000 62.0000 -105.5500
v 39.2678 62.0000 -105.3175
v 40.5920 62.0000 -104.6428
v 41.6428 62.0000 -103.5920
v 42.3175 62.0000 -102.2678
v 42.5500 998.0000 -100.8000
v 42.3175 998.0000 -99.3322
v 41.6428 998.0000 -98.0080
v 40.5920 998.0000 -96.9572
v 39.2678 998.0000 -96.2825
v 37.8000 998.0000 -96.0500
v 36.3322 998.0000 -96.2825
v 35.0080 998.0000 -96.9572
v 33.9572 998.0000 -98.0080
v 33.2825 998.0000 -99.3322
v 33.0500 998.0000 -100.8000
v 33.2825 998.0000 -102.2678
v 33.9572 998.0000 -103.5920
v 35.0080 998.0000 -104.6428
v 36.3322 998.0000 -105.3175
v 37.8000 998.0000 -105.5500
v 39.2678 998.0000 -105.3175
v 40.5920 998.0000 -104.6428
v 41.6428 998.0000 -103.5920
v 42.3175 998.0000 -102.2678
v 55.1500 62.0000 -100.8000
v 54.9175 62.0000 -99.3322
v 54.2428 62.0000 -98.0080
v 53.1920 62.0000 -96.9572
v 51.8678 62.0000 -96.2825
v 50.4000 62.0000 -96.0500
v 48.9322 62.0000 -96.2825
v 47.6080 62.0000 -96.9572
v 46.5572 62.0000 -98.0080
v 45.8825 62.0000 -99.3322
v 45.6500 62.0000 -100.8000
v 45.8825 62.0000 -102.2678
v 46.5572 62.0000 -103.5920
v 47.6080 62.0000 -104.6428
v 48.9322 62.0000 -105.3175
v 50.4000 62.0000 -105.5500
v 51.8678 62.0000 -105.3175
v 53.1920 62.0000 -104.6428
v 54.2428 62.0000 -103.5920
v 54.9175 62.0000 -102.2678
v 55.1500 998.0000 -100.8000
v 54.9175 998.0000 -99.3322
v 54.2428 998.0000 -98.0080
v 53.1920 998.0000 -96.9572
v 51.8678 998.0000 -96.2825
v 50.4000 998.0000 -96.0500
v 48.9322 998.0000 -96.2825
v 47.6080 998.0000 -96.9572
v 46.5572 998.0000 -98.0080
v 45.8825 998.0000 -99.3322
v 45.6500 998.0000 -100.8000
v 45.8825 998.0000 -102.2678
v 46.5572 998.0000 -103.5920
v 47.6080 998.0000 -104.6428
v 48.9322 998.0000 -105.3175
v 50.4000 998.0000 -105.5500
v 51.8678 998.0000 -105.3175
v 53.1920 998.0000 -104.6428
v 54.2428 998.0000 -103.5920
v 54.9175 998.0000 -102.2678
v 55.1500 62.0000 -100.8000
v 54.9175 62.0000 -99.3322
v 54.2428 62.0000 -98.0080
v 53.1920 62.0000 -96.9572
v 51.8678 62.0000 -96.2825
v 50.4000 62.0000 -96.0500
v 48.9322 62.0000 -96.2825
v 47.6080 62.0000 -96.9572
v 46.5572 62.0000 -98.0080
v 45.8825 62.0000 -99.3322
v 45.6500 62.0000 -100.8000
v 45.8825 62.0000 -102.2678
v 46.5572 62.0000 -103.5920
v 47.6080 62.0000 -104.6428
v 48.9322 62.0000 -105.3175
v 50.4000 62.0000 -105.5500
v 51.8678 62.0000 -105.3175
v 53.1920 62.0000 -104.6428
v 54.2428 62.0000 -103.5920
v 54.9175 62.0000 -102.2678
v 55.1500 998.0000 -100.8000
v 54.9175 998.0000 -99.3322
v 54.2428 998.0000 -98.0080
v 53.1920 998.0000 -96.9572
v 51.8678 998.0000 -96.2825
v 50.4000 998.0000 -96.0500
v 48.9322 998.0000 -96.2825
v 47.6080 998.0000 -96.9572
v 46.5572 998.0000 -98.0080
v 45.8825 998.0000 -99.3322
v 45.6500 998.0000 -100.8000
v 45.8825 998.0000 -102.2678
v 46.5572 998.0000 -103.5920
v 47.6080 998.0000 -104.6428
v 48.9322 998.0000 -105.3175
v 50.4000 998.0000 -105.5500
v 51.8678 998.0000 -105.3175
v 53.1920 998.0000 -104.6428
v 54.2428 998.0000 -103.5920
v 54.9175 998.0000 -102.2678
v 67.7500 62.0000 -100.8000
v 67.5175 62.0000 -99.3322
v 66.8428 62.0000 -98.0080
v 65.7920 62.0000 -96.9572
v 64.4678 62.0000 -96.2825
v 63.0000 62.0000 -96.0500
v 61.5322 62.0000 -96.2825
v 60.2080 62.0000 -96.9572
v 59.1572 62.0000 -98.0080
v 58.4825 62.0000 -99.3322
v 58.2500 62.0000 -100.8000
v 58.4825 62.0000 -102.2678
v 59.1572 62.0000 -103.5920
v 60.2080 62.0000 -104.6428
v 61.5322 62.0000 -105.3175
v 63.0000 62.0000 -105.5500
v 64.4678 62.0000 -105.3175
v 65.7920 62.0000 -104.6428
v 66.8428 62.0000 -103.5920
v 67.5175 62.0000 -102.2678
v 67.7500 998.0000 -100.8000
v 67.5175 998.0000 -99.3322
v 66.8428 998.0000 -98.0080
v 65.7920 998.0000 -96.9572
v 64.4678 998.0000 -96.2825
v 63.0000 998.0000 -96.0500
v 61.5322 998.0000 -96.2825
v 60.2080 998.0000 -96.9572
v 59.1572 998.0000 -98.0080
v 58.4825 998.0000 -99.3322
v 58.2500 998.0000 -100.8000
v 58.4825 998.0000 -102.2678
v 59.1572 998.0000 -103.5920
v 60.2080 998.0000 -104.6428
v 61.5322 998.0000 -105.3175
v 63.0000 998.0000 -105.5500
v 64.4678 998.0000 -105.3175
v 65.7920 998.0000 -104.6428
v 66.8428 998.0000 -103.5920
v 67.5175 998.0000 -102.2678
v 67.7500 62.0000 -100.8000
v 67.5175 62.0000 -99.3322
v 66.8428 62.0000 -98.0080
v 65.7920 62.0000 -96.9572
v 64.4678 62.0000 -96.2825
v 63.0000 62.0000 -96.0500
v 61.5322 62.0000 -96.2825
v 60.2080 62.0000 -96.9572
v 59.1572 62.0000 -98.0080
v 58.4825 62.0000 -99.3322
v 58.2500 62.0000 -100.8000
v 58.4825 62.0000 -102.2678
v 59.1572 62.0000 -103.5920
v 60.2080 62.0000 -104.6428
v 61.5322 62.0000 -105.3175
v 63.0000 62.0000 -105.5500
v 64.4678 62.0000 -105.3175
v 65.7920 62.0000 -104.6428
v 66.8428 62.0000 -103.5920
v 67.5175 62.0000 -102.2678
v 67.7500 998.0000 -100.8000
v 67.5175 998.0000 -99.3322
v 66.8428 998.0000 -98.0080
v 65.7920 998.0000 -96.9572
v 64.4678 998.0000 -96.2825
v 63.0000 998.0000 -96.0500
v 61.5322 998.0000 -96.2825
v 60.2080 998.0000 -96.9572
v 59.1572 998.0000 -98.0080
v 58.4825 998.0000 -99.3322
v 58.2500 998.0000 -100.8000
v 58.4825 998.0000 -102.2678
v 59.1572 998.0000 -103.5920
v 60.2080 998.0000 -104.6428
v 61.5322 998.0000 -105.3175
v 63.0000 998.0000 -105.5500
v 64.4678 998.0000 -105.3175
v 65.7920 998.0000 -104.6428
v 66.8428 998.0000 -103.5920
v 67.5175 998.0000 -102.2678
v 80.3500 62.0000 -100.8000
v 80.1175 62.0000 -99.3322
v 79.4428 62.0000 -98.0080
v 78.3920 62.0000 -96.9572
v 77.0678 62.0000 -96.2825
v 75.6000 62.0000 -96.0500
v 74.1322 62.0000 -96.2825
v 72.8080 62.0000 -96.9572
v 71.7572 62.0000 -98.0080
v 71.0825 62.0000 -99.3322
v 70.8500 62.0000 -100.8000
v 71.0825 62.0000 -102.2678
v 71.7572 62.0000 -103.5920
v 72.8080 62.0000 -104.6428
v 74.1322 62.0000 -105.3175
v 75.6000 62.0000 -105.5500
v 77.0678 62.0000 -105.3175
v 78.3920 62.0000 -104.6428
v 79.4428 62.0000 -103.5920
v 80.1175 62.0000 -102.2678
v 80.3500 998.0000 -100.8000
v 80.1175 998.0000 -99.3322
v 79.4428 998.0000 -98.0080
v 78.3920 998.0000 -96.9572
v 77.0678 998.0000 -96.2825
v 75.6000 998.0000 -96.0500
v 74.1322 998.0000 -96.2825
v 72.8080 998.0000 -96.9572
v 71.7572 998.0000 -98.0080
v 71.0825 998.0000 -99.3322
v 70.8500 998.0000 -100.8000
v 71.0825 998.0000 -102.2678
v 71.7572 998.0000 -103.5920
v 72.8080 998.0000 -104.6428
v 74.1322 998.0000 -105.3175
v 75.6000 998.0000 -105.5500
v 77.0678 998.0000 -105.3175
v 78.3920 998.0000 -104.6428
v 79.4428 998.0000 -103.5920
v 80.1175 998.0000 -102.2678
v 80.3500 62.0000 -100.8000
v 80.1175 62.0000 -99.3322
v 79.4428 62.0000 -98.0080
v 78.3920 62.0000 -96.9572
v 77.0678 62.0000 -96.2825
v 75.6000 62.0000 -96.0500
v 74.1322 62.0000 -96.2825
v 72.8080 62.0000 -96.9572
v 71.7572 62.0000 -98.0080
v 71.0825 62.0000 -99.3322
v 70.8500 62.0000 -100.8000
v 71.0825 62.0000 -102.2678
v 71.7572 62.0000 -103.5920
v 72.8080 62.0000 -104.6428
v 74.1322 62.0000 -105.3175
v 75.6000 62.0000 -105.5500
v 77.0678 62.0000 -105.3175
v 78.3920 62.0000 -104.6428
v 79.4428 62.0000 -103.5920
v 80.1175 62.0000 -102.2678
v 80.3500 998.0000 -100.8000
v 80.1175 998.0000 -99.3322
v 79.4428 998.0000 -98.0080
v 78.3920 998.0000 -96.9572
v 77.0678 998.0000 -96.2825
v 75.6000 998.0000 -96.0500
v 74.1322 998.0000 -96.2825
v 72.8080 998.0000 -96.9572
v 71.7572 998.0000 -98.0080
v 71.0825 998.0000 -99.3322
v 70.8500 998.0000 -100.8000
v 71.0825 998.0000 -102.2678
v 71.7572 998.0000 -103.5920
v 72.8080 998.0000 -104.6428
v 74.1322 998.0000 -105.3175
v 75.6000 998.0000 -105.5500
v 77.0678 998.0000 -105.3175
v 78.3920 998.0000 -104.6428
v 79.4428 998.0000 -103.5920
v 80.1175 998.0000 -102.2678
v 92.9500 62.0000 -100.8000
v 92.7175 62.0000 -99.3322
v 92.0428 62.0000 -98.0080
v 90.9920 62.0000 -96.9572
v 89.6678 62.0000 -96.2825
v 88.2000 62.0000 -96.0500
v 86.7322 62.0000 -96.2825
v 85.4080 62.0000 -96.9572
v 84.3572 62.0000 -98.0080
v 83.6825 62.0000 -99.3322
v 83.4500 62.0000 -100.8000
v 83.6825 62.0000 -102.2678
v 84.3572 62.0000 -103.5920
v 85.4080 62.0000 -104.6428
v 86.7322 62.0000 -105.3175
v 88.2000 62.0000 -105.5500
v 89.6678 62.0000 -105.3175
v 90.9920 62.0000 -104.6428
v 92.0428 62.0000 -103.5920
v 92.7175 62.0000 -102.2678
v 92.9500 998.0000 -100.8000
v 92.7175 998.0000 -99.3322
v 92.0428 998.0000 -98.0080
v 90.9920 998.0000 -96.9572
v 89.6678 998.0000 -96.2825
v 88.2000 998.0000 -96.0500
v 86.7322 998.0000 -96.2825
v 85.4080 998.0000 -96.9572
v 84.3572 998.0000 -98.0080
v 83.6825 998.0000 -99.3322
v 83.4500 998.0000 -100.8000
v 83.6825 998.0000 -102.2678
v 84.3572 998.0000 -103.5920
v 85.4080 998.0000 -104.6428
v 86.7322 998.0000 -105.3175
v 88.2000 998.0000 -105.5500
v 89.6678 998.0000 -105.3175
v 90.9920 998.0000 -104.6428
v 92.0428 998.0000 -103.5920
v 92.7175 998.0000 -102.2678
v 92.9500 62.0000 -100.8000
v 92.7175 62.0000 -99.3322
v 92.0428 62.0000 -98.0080
v 90.9920 62.0000 -96.9572
v 89.6678 62.0000 -96.2825
v 88.2000 62.0000 -96.0500
v 86.7322 62.0000 -96.2825
v 85.4080 62.0000 -96.9572
v 84.3572 62.0000 -98.0080
v 83.6825 62.0000 -99.3322
v 83.4500 62.0000 -100.8000
v 83.6825 62.0000 -102.2678
v 84.3572 62.0000 -103.5920
v 85.4080 62.0000 -104.6428
v 86.7322 62.0000 -105.3175
v 88.2000 62.0000 -105.5500
v 89.6678 62.0000 -105.3175
v 90.9920 62.0000 -104.6428
v 92.0428 62.0000 -103.5920
v 92.7175 62.0000 -102.2678
v 92.9500 998.0000 -100.8000
v 92.7175 998.0000 -99.3322
v 92.0428 998.0000 -98.0080
v 90.9920 998.0000 -96.9572
v 89.6678 998.0000 -96.2825
v 88.2000 998.0000 -96.0500
v 86.7322 998.0000 -96.2825
v 85.4080 998.0000 -96.9572
v 84.3572 998.0000 -98.0080
v 83.6825 998.0000 -99.3322
v 83.4500 998.0000 -100.8000
v 83.6825 998.0000 -102.2678
v 84.3572 998.0000 -103.5920
v 85.4080 998.0000 -104.6428
v 86.7322 998.0000 -105.3175
v 88.2000 998.0000 -105.5500
v 89.6678 998.0000 -105.3175
v 90.9920 998.0000 -104.6428
v 92.0428 998.0000 -103.5920
v 92.7175 998.0000 -102.2678
v 105.5500 62.0000 -100.8000
v 105.3175 62.0000 -99.3322
v 104.6428 62.0000 -98.0080
v 103.5920 62.0000 -96.9572
v 102.2678 62.0000 -96.2825
v 100.8000 62.0000 -96.0500
v 99.3322 62.0000 -96.2825
v 98.0080 62.0000 -96.9572
v 96.9572 62.0000 -98.0080
v 96.2825 62.0000 -99.3322
v 96.0500 62.0000 -100.8000
v 96.2825 62.0000 -102.2678
v 96.9572 62.0000 -103.5920
v 98.0080 62.0000 -104.6428
v 99.3322 62.0000 -105.3175
v 100.8000 62.0000 -105.5500
v 102.2678 62.0000 -105.3175
v 103.5920 62.0000 -104.6428
v 104.6428 62.0000 -103.5920
v 105.3175 62.0000 -102.2678
v 105.5500 998.0000 -100.8000
v 105.3175 998.0000 -99.3322
v 104.6428 998.0000 -98.0080
v 103.5920 998.0000 -96.9572
v 102.2678 998.0000 -96.2825
v 100.8000 998.0000 -96.0500
v 99.3322 998.0000 -96.2825
v 98.0080 998.0000 -96.9572
v 96.9572 998.0000 -98.0080
v 96.2825 998.0000 -99.3322
v 96.0500 998.0000 -100.8000
v 96.2825 998.0000 -102.2678
v 96.9572 998.0000 -103.5920
v 98.0080 998.0000 -104.6428
v 99.3322 998.0000 -105.3175
v 100.8000 998.0000 -105.5500
v 102.2678 998.0000 -105.3175
v 103.5920 998.0000 -104.6428
v 104.6428 998.0000 -103.5920
v 105.3175 998.0000 -102.2678
v 105.5500 62.0000 -100.8000
v 105.3175 62.0000 -99.3322
v 104.6428 62.0000 -98.0080
v 103.5920 62.0000 -96.9572
v 102.2678 62.0000 -96.2825
v 100.8000 62.0000 -96.0500
v 99.3322 62.0000 -96.2825
v 98.0080 62.0000 -96.9572
v 96.9572 62.0000 -98.0080
v 96.2825 62.0000 -99.3322
v 96.0500 62.0000 -100.8000
v 96.2825 62.0000 -102.2678
v 96.9572 62.0000 -103.5920
v 98.0080 62.0000 -104.6428
v 99.3322 62.0000 -105.3175
v 100.8000 62.0000 -105.5500
v 102.2678 62.0000 -105.3175
v 103.5920 62.0000 -104.6428
v 104.6428 62.0000 -103.5920
v 105.3175 62.0000 -102.2678
v 105.5500 998.0000 -100.8000
v 105.3175 998.0000 -99.3322
v 104.6428 998.0000 -98.0080
v 103.5920 998.0000 -96.9572
v 102.2678 998.0000 -96.2825
v 100.8000 998.0000 -96.0500
v 99.3322 998.0000 -96.2825
v 98.0080 998.0000 -96.9572
v 96.9572 998.0000 -98.0080
v 96.2825 998.0000 -99.3322
v 96.0500 998.0000 -100.8000
v 96.2825 998.0000 -102.2678
v 96.9572 998.0000 -103.5920
v 98.0080 998.0000 -104.6428
v 99.3322 998.0000 -105.3175
v 100.8000 998.0000 -105.5500
v 102.2678 998.0000 -105.3175
v 103.5920 998.0000 -104.6428
v 104.6428 998.0000 -103.5920
v 105.3175 998.0000 -102.2678
v -96.0500 62.0000 -88.2000
v -96.2825 62.0000 -86.7322
v -96.9572 62.0000 -85.4080
v -98.0080 62.0000 -84.3572
v -99.3322 62.0000 -83.6825
v -100.8000 62.0000 -83.4500
v -102.2678 62.0000 -83.6825
v -103.5920 62.0000 -84.3572
v -104.6428 62.0000 -85.4080
v -105.3175 62.0000 -86.7322
v -105.5500 62.0000 -88.2000
v -105.3175 62.0000 -89.6678
v -104.6428 62.0000 -90.9920
v -103.5920 62.0000 -92.0428
v -102.2678 62.0000 -92.7175
v -100.8000 62.0000 -92.9500
v -99.3322 62.0000 -92.7175
v -98.0080 62.0000 -92.0428
v -96.9572 62.0000 -90.9920
v -96.2825 62.0000 -89.6678
v -96.0500 998.0000 -88.2000
v -96.2825 998.0000 -86.7322
v -96.9572 998.0000 -85.4080
v -98.0080 998.0000 -84.3572
v -99.3322 998.0000 -83.6825
v -100.8000 998.0000 -83.4500
v -102.2678 998.0000 -83.6825
v -103.5920 998.0000 -84.3572
v -104.6428 998.0000 -85.4080
v -105.3175 998.0000 -86.7322
v -105.5500 998.0000 -88.2000
v -105.3175 998.0000 -89.6678
v -104.6428 998.0000 -90.9920
v -103.5920 998.0000 -92.0428
v -102.2678 998.0000 -92.7175
v -100.8000 998.0000 -92.9500
v -99.3322 998.0000 -92.7175
v -98.0080 998.0000 -92.0428
v -96.9572 998.0000 -90.9920
v -96.2825 998.0000 -89.6678
v -96.0500 62.0000 -88.2000
v -96.2825 62.0000 -86.7322
v -96.9572 62.0000 -85.4080
v -98.0080 62.0000 -84.3572
v -99.3322 62.0000 -83.6825
v -100.8000 62.0000 -83.4500
v -102.2678 62.0000 -83.6825
v -103.5920 62.0000 -84.3572
v -104.6428 62.0000 -85.4080
v -105.3175 62.0000 -86.7322
v -105.5500 62.0000 -88.2000
v -105.3175 62.0000 -89.6678
v -104.6428 62.0000 -90.9920
v -103.5920 62.0000 -92.0428
v -102.2678 62.0000 -92.7175
v -100.8000 62.0000 -92.9500
v -99.3322 62.0000 -92.7175
v -98.0080 62.0000 -92.0428
v -96.9572 62.0000 -90.9920
v -96.2825 62.0000 -89.6678
v -96.0500 998.0000 -88.2000
v -96.2825 998.0000 -86.7322
v -96.9572 998.0000 -85.4080
v -98.0080 998.0000 -84.3572
v -99.3322 998.0000 -83.6825
v -100.8000 998.0000 -83.4500
v -102.2678 998.0000 -83.6825
v -103.5920 998.0000 -84.3572
v -104.6428 998.0000 -85.4080
v -105.3175 998.0000 -86.7322
v -105.5500 998.0000 -88.2000
v -105.3175 998.0000 -89.6678
v -104.6428 998.0000 -90.9920
v -103.5920 998.0000 -92.0428
v -102.2678 998.0000 -92.7175
v -100.8000 998.0000 -92.9500
v -99.3322 998.0000 -92.7175
v -98.0080 998.0000 -92.0428
v -96.9572 998.0000 -90.9920
v -96.2825 998.0000 -89.6678
v -83.4500 62.0000 -88.2000
v -83.6825 62.0000 -86.7322
v -84.3572 62.0000 -85.4080
v -85.4080 62.0000 -84.3572
v -86.7322 62.0000 -83.6825
v -88.2000 62.0000 -83.4500
v -89.6678 62.0000 -83.6825
v -90.9920 62.0000 -84.3572
v -92.0428 62.0000 -85.4080
v -92.7175 62.0000 -86.7322
v -92.9500 62.0000 -88.2000
v -92.7175 62.0000 -89.6678
v -92.0428 62.0000 -90.9920
v -90.9920 62.0000 -92.0428
v -89.6678 62.0000 -92.7175
v -88.2000 62.0000 -92.9500
v -86.7322 62.0000 -92.7175
v -85.4080 62.0000 -92.0428
v -84.3572 62.0000 -90.9920
v -83.6825 62.0000 -89.6678
v -83.4500 998.0000 -88.2000
v -83.6825 998.0000 -86.7322
v -84.3572 998.0000 -85.4080
v -85.4080 998.0000 -84.3572
v -86.7322 998.0000 -83.6825
v -88.2000 998.0000 -83.4500
v -89.6678 998.0000 -83.6825
v -90.9920 998.0000 -84.3572
v -92.0428 998.0000 -85.4080
v -92.7175 998.0000 -86.7322
v -92.9500 998.0000 -88.2000
v -92.7175 998.0000 -89.6678
v -92.0428 998.0000 -90.9920
v -90.9920 998.0000 -92.0428
v -89.6678 998.0000 -92.7175
v -88.2000 998.0000 -92.9500
v -86.7322 998.0000 -92.7175
v -85.4080 998.0000 -92.0428
v -84.3572 998.0000 -90.9920
v -83.6825 998.0000 -89.6678
v -83.4500 62.0000 -88.2000
v -83.6825 62.0000 -86.7322
v -84.3572 62.0000 -85.4080
v -85.4080 62.0000 -84.3572
v -86.7322 62.0000 -83.6825
v -88.2000 62.0000 -83.4500
v -89.6678 62.0000 -83.6825
v -90.9920 62.0000 -84.3572
v -92.0428 62.0000 -85.4080
v -92.7175 62.0000 -86.7322
v -92.9500 62.0000 -88.2000
v -92.7175 62.0000 -89.6678
v -92.0428 62.0000 -90.9920
v -90.9920 62.0000 -92.0428
v -89.6678 62.0000 -92.7175
v -88.2000 62.0000 -92.9500
v -86.7322 62.0000 -92.7175
v -85.4080 62.0000 -92.0428
v -84.3572 62.0000 -90.9920
v -83.6825 62.0000 -89.6678
v -83.4500 998.0000 -88.2000
v -83.6825 998.0000 -86.7322
v -84.3572 998.0000 -85.4080
v -85.4080 998.0000 -84.3572
v -86.7322 998.0000 -83.6825
v -88.2000 998.0000 -83.4500
v -89.6678 998.0000 -83.6825
v -90.9920 998.0000 -84.3572
v -92.0428 998.0000 -85.4080
v -92.7175 998.0000 -86.7322
v -92.9500 998.0000 -88.2000
v -92.7175 998.0000 -89.6678
v -92.0428 998.0000 -90.9920
v -90.9920 998.0000 -92.0428
v -89.6678 998.0000 -92.7175
v -88.2000 998.0000 -92.9500
v -86.7322 998.0000 -92.7175
v -85.4080 998.0000 -92.0428
v -84.3572 998.0000 -90.9920
v -83.6825 998.0000 -89.6678
v -70.8500 62.0000 -88.2000
v -71.0825 62.0000 -86.7322
v -71.7572 62.0000 -85.4080
v -72.8080 62.0000 -84.3572
v -74.1322 62.0000 -83.6825
v -75.6000 62.0000 -83.4500
v -77.0678 62.0000 -83.6825
v -78.3920 62.0000 -84.3572
v -79.4428 62.0000 -85.4080
v -80.1175 62.0000 -86.7322
v -80.3500 62.0000 -88.2000
v -80.1175 62.0000 -89.6678
v -79.4428 62.0000 -90.9920
v -78.3920 62.0000 -92.0428
v -77.0678 62.0000 -92.7175
v -75.6000 62.0000 -92.9500
v -74.1322 62.0000 -92.7175
v -72.8080 62.0000 -92.0428
v -71.7572 62.0000 -90.9920
v -71.0825 62.0000 -89.6678
v -70.8500 998.0000 -88.2000
v -71.0825 998.0000 -86.7322
v -71.7572 998.0000 -85.4080
v -72.8080 998.0000 -84.3572
v -74.1322 998.0000 -83.6825
v -75.6000 998.0000 -83.4500
v -77.0678 998.0000 -83.6825
v -78.3920 998.0000 -84.3572
v -79.4428 998.0000 -85.4080
v -80.1175 998.0000 -86.7322
v -80.3500 998.0000 -88.2000
v -80.1175 998.0000 -89.6678
v -79.4428 998.0000 -90.9920
v -78.3920 998.0000 -92.0428
v -77.0678 998.0000 -92.7175
v -75.6000 998.0000 -92.9500
v -74.1322 998.0000 -92.7175
v -72.8080 998.0000 -92.0428
v -71.7572 998.0000 -90.9920
v -71.0825 998.0000 -89.6678
v -70.8500 62.0000 -88.2000
v -71.0825 62.0000 -86.7322
v -71.7572 62.0000 -85.4080
v -72.8080 62.0000 -84.3572
v -74.1322 62.0000 -83.6825
v -75.6000 62.0000 -83.4500
v -77.0678 62.0000 -83.6825
v -78.3920 62.0000 -84.3572
v -79.4428 62.0000 -85.4080
v -80.1175 62.0000 -86.7322
v -80.3500 62.0000 -88.2000
v -80.1175 62.0000 -89.6678
v -79.4428 62.0000 -90.9920
v -78.3920 62.0000 -92.0428
v -77.0678 62.0000 -92.7175
v -75.6000 62.0000 -92.9500
v -74.1322 62.0000 -92.7175
v -72.8080 62.0000 -92.0428
v -71.7572 62.0000 -90.9920
v -71.0825 62.0000 -89.6678
v -70.8500 998.0000 -88.2000
v -71.0825 998.0000 -86.7322
v -71.7572 998.0000 -85.4080
v -72.8080 998.0000 -84.3572
v -74.1322 998.0000 -83.6825
v -75.6000 998.0000 -83.4500
v -77.0678 998.0000 -83.6825
v -78.3920 998.0000 -84.3572
v -79.4428 998.0000 -85.4080
v -80.1175 998.0000 -86.7322
v -80.3500 998.0000 -88.2000
v -80.1175 998.0000 -89.6678
v -79.4428 998.0000 -90.9920
v -78.3920 998.0000 -92.0428
v -77.0678 998.0000 -92.7175
v -75.6000 998.0000 -92.9500
v -74.1322 998.0000 -92.7175
v -72.8080 998.0000 -92.0428
v -71.7572 998.0000 -90.9920
v -71.0825 998.0000 -89.6678
v -58.2500 62.0000 -88.2000
v -58.4825 62.0000 -86.7322
v -59.1572 62.0000 -85.4080
v -60.2080 62.0000 -84.3572
v -61.5322 62.0000 -83.6825
v -63.0000 62.0000 -83.4500
v -64.4678 62.0000 -83.6825
v -65.7920 62.0000 -84.3572
v -66.8428 62.0000 -85.4080
v -67.5175 62.0000 -86.7322
v -67.7500 62.0000 -88.2000
v -67.5175 62.0000 -89.6678
v -66.8428 62.0000 -90.9920
v -65.7920 62.0000 -92.0428
v -64.4678 62.0000 -92.7175
v -63.0000 62.0000 -92.9500
v -61.5322 62.0000 -92.7175
v -60.2080 62.0000 -92.0428
v -59.1572 62.0000 -90.9920
v -58.4825 62.0000 -89.6678
v -58.2500 998.0000 -88.2000
v -58.4825 998.0000 -86.7322
v -59.1572 998.0000 -85.4080
v -60.2080 998.0000 -84.3572
v -61.5322 998.0000 -83.6825
v -63.0000 998.0000 -83.4500
v -64.4678 998.0000 -83.6825
v -65.7920 998.0000 -84.3572
v -66.8428 998.0000 -85.4080
v -67.5175 998.0000 -86.7322
v -67.7500 998.0000 -88.2000
v -67.5175 998.0000 -89.6678
v -66.8428 998.0000 -90.9920
v -65.7920 998.0000 -92.0428
v -64.4678 998.0000 -92.7175
v -63.0000 998.0000 -92.9500
v -61.5322 998.0000 -92.7175
v -60.2080 998.0000 -92.0428
v -59.1572 998.0000 -90.9920
v -58.4825 998.0000 -89.6678
v -58.2500 62.0000 -88.2000
v -58.4825 62.0000 -86.7322
v -59.1572 62.0000 -85.4080
v -60.2080 62.0000 -84.3572
v -61.5322 62.0000 -83.6825
v -63.0000 62.0000 -83.4500
v -64.4678 62.0000 -83.6825
v -65.7920 62.0000 -84.3572
v -66.8428 62.0000 -85.4080
v -67.5175 62.0000 -86.7322
v -67.7500 62.0000 -88.2000
v -67.5175 62.0000 -89.6678
v -66.8428 62.0000 -90.9920
v -65.7920 62.0000 -92.0428
v -64.4678 62.0000 -92.7175
v -63.0000 62.0000 -92.9500
v -61.5322 62.0000 -92.7175
v -60.2080 62.0000 -92.0428
v -59.1572 62.0000 -90.9920
v -58.4825 62.0000 -89.6678
v -58.2500 998.0000 -88.2000
v -58.4825 998.0000 -86.7322
v -59.1572 998.0000 -85.4080
v -60.2080 998.0000 -84.3572
v -61.5322 998.0000 -83.6825
v -63.0000 998.0000 -83.4500
v -64.4678 998.0000 -83.6825
v -65.7920 998.0000 -84.3572
v -66.8428 998.0000 -85.4080
v -67.5175 998.0000 -86.7322
v -67.7500 998.0000 -88.2000
v -67.5175 998.0000 -89.6678
v -66.8428 998.0000 -90.9920
v -65.7920 998.0000 -92.0428
v -64.4678 998.0000 -92.7175
v -63.0000 998.0000 -92.9500
v -61.5322 998.0000 -92.7175
v -60.2080 998.0000 -92.0428
v -59.1572 998.0000 -90.9920
v -58.4825 998.0000 -89.6678
v -45.6500 62.0000 -88.2000
v -45.8825 62.0000 -86.7322
v -46.5572 62.0000 -85.4080
v -47.6080 62.0000 -84.3572
v -48.9322 62.0000 -83.6825
v -50.4000 62.0000 -83.4500
v -51.8678 62.0000 -83.6825
v -53.1920 62.0000 -84.3572
v -54.2428 62.0000 -85.4080
v -54.9175 62.0000 -86.7322
v -55.1500 62.0000 -88.2000
v -54.9175 62.0000 -89.6678
v -54.2428 62.0000 -90.9920
v -53.1920 62.0000 -92.0428
v -51.8678 62.0000 -92.7175
v -50.4000 62.0000 -92.9500
v -48.9322 62.0000 -92.7175
v -47.6080 62.0000 -92.0428
v -46.5572 62.0000 -90.9920
v -45.8825 62.0000 -89.6678
v -45.6500 998.0000 -88.2000
v -45.8825 998.0000 -86.7322
v -46.5572 998.0000 -85.4080
v -47.6080 998.0000 -84.3572
v -48.9322 998.0000 -83.6825
v -50.4000 998.0000 -83.4500
v -51.8678 998.0000 -83.6825
v -53.1920 998.0000 -84.3572
v -54.2428 998.0000 -85.4080
v -54.9175 998.0000 -86.7322
v -55.1500 998.0000 -88.2000
v -54.9175 998.0000 -89.6678
v -54.2428 998.0000 -90.9920
v -53.1920 998.0000 -92.0428
v -51.8678 998.0000 -92.7175
v -50.4000 998.0000 -92.9500
v -48.9322 998.0000 -92.7175
v -47.6080 998.0000 -92.0428
v -46.5572 998.0000 -90.9920
v -45.8825 998.0000 -89.6678
v -45.6500 62.0000 -88.2000
v -45.8825 62.0000 -86.7322
v -46.5572 62.0000 -85.4080
v -47.6080 62.0000 -84.3572
v -48.9322 62.0000 -83.6825
v -50.4000 62.0000 -83.4500
v -51.8678 62.0000 -83.6825
v -53.1920 62.0000 -84.3572
v -54.2428 62.0000 -85.4080
v -54.9175 62.0000 -86.7322
v -55.1500 62.0000 -88.2000
v -54.9175 62.0000 -89.6678
v -54.2428 62.0000 -90.9920
v -53.1920 62.0000 -92.0428
v -51.8678 62.0000 -92.7175
v -50.4000 62.0000 -92.9500
v -48.9322 62.0000 -92.7175
v -47.6080 62.0000 -92.0428
v -46.5572 62.0000 -90.9920
v -45.8825 62.0000 -89.6678
v -45.6500 998.0000 -88.2000
v -45.8825 998.0000 -86.7322
v -46.5572 998.0000 -85.4080
v -47.6080 998.0000 -84.3572
v -48.9322 998.0000 -83.6825
v -50.4000 998.0000 -83.4500
v -51.8678 998.0000 -83.6825
v -53.1920 998.0000 -84.3572
v -54.2428 998.0000 -85.4080
v -54.9175 998.0000 -86.7322
v -55.1500 998.0000 -88.2000
v -54.9175 998.0000 -89.6678
v -54.2428 998.0000 -90.9920
v -53.1920 998.0000 -92.0428
v -51.8678 998.0000 -92.7175
v -50.4000 998.0000 -92.9500
v -48.9322 998.0000 -92.7175
v -47.6080 998.0000 -92.0428
v -46.5572 998.0000 -90.9920
v -45.8825 998.0000 -89.6678
v -33.0500 62.0000 -88.2000
v -33.2825 62.0000 -86.7322
v -33.9572 62.0000 -85.4080
v -35.0080 62.0000 -84.3572
v -36.3322 62.0000 -83.6825
v -37.8000 62.0000 -83.4500
v -39.2678 62.0000 -83.6825
v -40.5920 62.0000 -84.3572
v -41.6428 62.0000 -85.4080
v -42.3175 62.0000 -86.7322
v -42.5500 62.0000 -88.2000
v -42.3175 62.0000 -89.6678
v -41.6428 62.0000 -90.9920
v -40.5920 62.0000 -92.0428
v -39.2678 62.0000 -92.7175
v -37.8000 62.0000 -92.9500
v -36.3322 62.0000 -92.7175
v -35.0080 62.0000 -92.0428
v -33.9572 62.0000 -90.9920
v -33.2825 62.0000 -89.6678
v -33.0500 998.0000 -88.2000
v -33.2825 998.0000 -86.7322
v -33.9572 998.0000 -85.4080
v -35.0080 998.0000 -84.3572
v -36.3322 998.0000 -83.6825
v -37.8000 998.0000 -83.4500
v -39.2678 998.0000 -83.6825
v -40.5920 998.0000 -84.3572
v -41.6428 998.0000 -85.4080
v -42.3175 998.0000 -86.7322
v -42.5500 998.0000 -88.2000
v -42.3175 998.0000 -89.6678
v -41.6428 998.0000 -90.9920
v -40.5920 998.0000 -92.0428
v -39.2678 998.0000 -92.7175
v -37.8000 998.0000 -92.9500
v -36.3322 998.0000 -92.7175
v -35.0080 998.0000 -92.0428
v -33.9572 998.0000 -90.9920
v -33.2825 998.0000 -89.6678
v -33.0500 62.0000 -88.2000
v -33.2825 62.0000 -86.7322
v -33.9572 62.0000 -85.4080
v -35.0080 62.0000 -84.3572
v -36.3322 62.0000 -83.6825
v -37.8000 62.0000 -83.4500
v -39.2678 62.0000 -83.6825
v -40.5920 62.0000 -84.3572
v -41.6428 62.0000 -85.4080
v -42.3175 62.0000 -86.7322
v -42.5500 62.0000 -88.2000
v -42.3175 62.0000 -89.6678
v -41.6428 62.0000 -90.9920
v -40.5920 62.0000 -92.0428
v -39.2678 62.0000 -92.7175
v -37.8000 62.0000 -92.9500
v -36.3322 62.0000 -92.7175
v -35.0080 62.0000 -92.0428
v -33.9572 62.0000 -90.9920
v -33.2825 62.0000 -89.6678
v -33.0500 998.0000 -88.2000
v -33.2825 998.0000 -86.7322
v -33.9572 998.0000 -85.4080
v -35.0080 998.0000 -84.3572
v -36.3322 998.0000 -83.6825
v -37.8000 998.0000 -83.4500
v -39.2678 998.0000 -83.6825
v -40.5920 998.0000 -84.3572
v -41.6428 998.0000 -85.4080
v -42.3175 998.0000 -86.7322
v -42.5500 998.0000 -88.2000
v -42.3175 998.0000 -89.6678
v -41.6428 998.0000 -90.9920
v -40.5920 998.0000 -92.0428
v -39.2678 998.0000 -92.7175
v -37.8000 998.0000 -92.9500
v -36.3322 998.0000 -92.7175
v -35.0080 998.0000 -92.0428
v -33.9572 998.0000 -90.9920
v -33.2825 998.0000 -89.6678
v -20.4500 62.0000 -88.2000
v -20.6825 62.0000 -86.7322
v -21.3572 62.0000 -85.4080
v -22.4080 62.0000 -84.3572
v -23.7322 62.0000 -83.6825
v -25.2000 62.0000 -83.4500
v -26.6678 62.0000 -83.6825
v -27.9920 62.0000 -84.3572
v -29.0428 62.0000 -85.4080
v -29.7175 62.0000 -86.7322
v -29.9500 62.0000 -88.2000
v -29.7175 62.0000 -89.6678
v -29.0428 62.0000 -90.9920
v -27.9920 62.0000 -92.0428
v -26.6678 62.0000 -92.7175
v -25.2000 62.0000 -92.9500
v -23.7322 62.0000 -92.7175
v -22.4080 62.0000 -92.0428
v -21.3572 62.0000 -90.9920
v -20.6825 62.0000 -89.6678
v -20.4500 998.0000 -88.2000
v -20.6825 998.0000 -86.7322
v -21.3572 998.0000 -85.4080
v -22.4080 998.0000 -84.3572
v -23.7322 998.0000 -83.6825
v -25.2000 998.0000 -83.4500
v -26.6678 998.0000 -83.6825
v -27.9920 998.0000 -84.3572
v -29.0428 998.0000 -85.4080
v -29.7175 998.0000 -86.7322
v -29.9500 998.0000 -88.2000
v -29.7175 998.0000 -89.6678
v -29.0428 998.0000 -90.9920
v -27.9920 998.0000 -92.0428
v -26.6678 998.0000 -92.7175
v -25.2000 998.0000 -92.9500
v -23.7322 998.0000 -92.7175
v -22.4080 998.0000 -92.0428
v -21.3572 998.0000 -90.9920
v -20.6825 998.0000 -89.6678
v -20.4500 62.0000 -88.2000
v -20.6825 62.0000 -86.7322
v -21.3572 62.0000 -85.4080
v -22.4080 62.0000 -84.3572
v -23.7322 62.0000 -83.6825
v -25.2000 62.0000 -83.4500
v -26.6678 62.0000 -83.6825
v -27.9920 62.0000 -84.3572
v -29.0428 62.0000 -85.4080
v -29.7175 62.0000 -86.7322
v -29.9500 62.0000 -88.2000
v -29.7175 62.0000 -89.6678
v -29.0428 62.0000 -90.9920
v -27.9920 62.0000 -92.0428
v -26.6678 62.0000 -92.7175
v -25.2000 62.0000 -92.9500
v -23.7322 62.0000 -92.7175
v -22.4080 62.0000 -92.0428
v -21.3572 62.0000 -90.9920
v -20.6825 62.0000 -89.6678
v -20.4500 998.0000 -88.2000
v -20.6825 998.0000 -86.7322
v -21.3572 998.0000 -85.4080
v -22.4080 998.0000 -84.3572
v -23.7322 998.0000 -83.6825
v -25.2000 998.0000 -83.4500
v -26.6678 998.0000 -83.6825
v -27.9920 998.0000 -84.3572
v -29.0428 998.0000 -85.4080
v -29.7175 998.0000 -86.7322
v -29.9500 998.0000 -88.2000
v -29.7175 998.0000 -89.6678
v -29.0428 998.0000 -90.9920
v -27.9920 998.0000 -92.0428
v -26.6678 998.0000 -92.7175
v -25.2000 998.0000 -92.9500
v -23.7322 998.0000 -92.7175
v -22.4080 998.0000 -92.0428
v -21.3572 998.0000 -90.9920
v -20.6825 998.0000 -89.6678
v -7.8500 62.0000 -88.2000
v -8.0825 62.0000 -86.7322
v -8.7572 62.0000 -85.4080
v -9.8080 62.0000 -84.3572
v -11.1322 62.0000 -83.6825
v -12.6000 62.0000 -83.4500
v -14.0678 62.0000 -83.6825
v -15.3920 62.0000 -84.3572
v -16.4428 62.0000 -85.4080
v -17.1175 62.0000 -86.7322
v -17.3500 62.0000 -88.2000
v -17.1175 62.0000 -89.6678
v -16.4428 62.0000 -90.9920
v -15.3920 62.0000 -92.0428
v -14.0678 62.0000 -92.7175
v -12.6000 62.0000 -92.9500
v -11.1322 62.0000 -92.7175
v -9.8080 62.0000 -92.0428
v -8.7572 62.0000 -90.9920
v -8.0825 62.0000 -89.6678
v -7.8500 998.0000 -88.2000
v -8.0825 998.0000 -86.7322
v -8.7572 998.0000 -85.4080
v -9.8080 998.0000 -84.3572
v -11.1322 998.0000 -83.6825
v -12.6000 998.0000 -83.4500
v -14.0678 998.0000 -83.6825
v -15.3920 998.0000 -84.3572
v -16.4428 998.0000 -85.4080
v -17.1175 998.0000 -86.7322
v -17.3500 998.0000 -88.2000
v -17.1175 998.0000 -89.6678
v -16.4428 998.0000 -90.9920
v -15.3920 998.0000 -92.0428
v -14.0678 998.0000 -92.7175
v -12.6000 998.0000 -92.9500
v -11.1322 998.0000 -92.7175
v -9.8080 998.0000 -92.0428
v -8.7572 998.0000 -90.9920
v -8.0825 998.0000 -89.6678
v -7.8500 62.0000 -88.2000
v -8.0825 62.0000 -86.7322
v -8.7572 62.0000 -85.4080
v -9.8080 62.0000 -84.3572
v -11.1322 62.0000 -83.6825
v -12.6000 62.0000 -83.4500
v -14.0678 62.0000 -83.6825
v -15.3920 62.0000 -84.3572
v -16.4428 62.0000 -85.4080
v -17.1175 62.0000 -86.7322
v -17.3500 62.0000 -88.2000
v -17.1175 62.0000 -89.6678
v -16.4428 62.0000 -90.9920
v -15.3920 62.0000 -92.0428
v -14.0678 62.0000 -92.7175
v -12.6000 62.0000 -92.9500
v -11.1322 62.0000 -92.7175
v -9.8080 62.0000 -92.0428
v -8.7572 62.0000 -90.9920
v -8.0825 62.0000 -89.6678
v -7.8500 998.0000 -88.2000
v -8.0825 998.0000 -86.7322
v -8.7572 998.0000 -85.4080
v -9.8080 998.0000 -84.3572
v -11.1322 998.0000 -83.6825
v -12.6000 998.0000 -83.4500
v -14.0678 998.0000 -83.6825
v -15.3920 998.0000 -84.3572
v -16.4428 998.0000 -85.4080
v -17.1175 998.0000 -86.7322
v -17.3500 998.0000 -88.2000
v -17.1175 998.0000 -89.6678
v -16.4428 998.0000 -90.9920
v -15.3920 998.0000 -92.0428
v -14.0678 998.0000 -92.7175
v -12.6000 998.0000 -92.9500
v -11.1322 998.0000 -92.7175
v -9.8080 998.0000 -92.0428
v -8.7572 998.0000 -90.9920
v -8.0825 998.0000 -89.6678
v 4.7500 62.0000 -88.2000
v 4.5175 62.0000 -86.7322
v 3.8428 62.0000 -85.4080
v 2.7920 62.0000 -84.3572
v 1.4678 62.0000 -83.6825
v 0.0000 62.0000 -83.4500
v -1.4678 62.0000 -83.6825
v -2.7920 62.0000 -84.3572
v -3.8428 62.0000 -85.4080
v -4.5175 62.0000 -86.7322
v -4.7500 62.0000 -88.2000
v -4.5175 62.0000 -89.6678
v -3.8428 62.0000 -90.9920
v -2.7920 62.0000 -92.0428
v -1.4678 62.0000 -92.7175
v -0.0000 62.0000 -92.9500
v 1.4678 62.0000 -92.7175
v 2.7920 62.0000 -92.0428
v 3.8428 62.0000 -90.9920
v 4.5175 62.0000 -89.6678
v 4.7500 998.0000 -88.2000
v 4.5175 998.0000 -86.7322
v 3.8428 998.0000 -85.4080
v 2.7920 998.0000 -84.3572
v 1.4678 998.0000 -83.6825
v 0.0000 998.0000 -83.4500
v -1.4678 998.0000 -83.6825
v -2.7920 998.0000 -84.3572
v -3.8428 998.0000 -85.4080
v -4.5175 998.0000 -86.7322
v -4.7500 998.0000 -88.2000
v -4.5175 998.0000 -89.6678
v -3.8428 998.0000 -90.9920
v -2.7920 998.0000 -92.0428
v -1.4678 998.0000 -92.7175
v -0.0000 998.0000 -92.9500
v 1.4678 998.0000 -92.7175
v 2.7920 998.0000 -92.0428
v 3.8428 998.0000 -90.9920
v 4.5175 998.0000 -89.6678
v 4.7500 62.0000 -88.2000
v 4.5175 62.0000 -86.7322
v 3.8428 62.0000 -85.4080
v 2.7920 62.0000 -84.3572
v 1.4678 62.0000 -83.6825
v 0.0000 62.0000 -83.4500
v -1.4678 62.0000 -83.6825
v -2.7920 62.0000 -84.3572
v -3.8428 62.0000 -85.4080
v -4.5175 62.0000 -86.7322
v -4.7500 62.0000 -88.2000
v -4.5175 62.0000 -89.6678
v -3.8428 62.0000 -90.9920
v -2.7920 62.0000 -92.0428
v -1.4678 62.0000 -92.7175
v -0.0000 62.0000 -92.9500
v 1.4678 62.0000 -92.7175
v 2.7920 62.0000 -92.0428
v 3.8428 62.0000 -90.9920
v 4.5175 62.0000 -89.6678
v 4.7500 998.0000 -88.2000
v 4.5175 998.0000 -86.7322
v 3.8428 998.0000 -85.4080
v 2.7920 998.0000 -84.3572
v 1.4678 998.0000 -83.6825
v 0.0000 998.0000 -83.4500
v -1.4678 998.0000 -83.6825
v -2.7920 998.0000 -84.3572
v -3.8428 998.0000 -85.4080
v -4.5175 998.0000 -86.7322
v -4.7500 998.0000 -88.2000
v -4.5175 998.0000 -89.6678
v -3.8428 998.0000 -90.9920
v -2.7920 998.0000 -92.0428
v -1.4678 998.0000 -92.7175
v -0.0000 998.0000 -92.9500
v 1.4678 998.0000 -92.7175
v 2.7920 998.0000 -92.0428
v 3.8428 998.0000 -90.9920
v 4.5175 998.0000 -89.6678
v 17.3500 62.0000 -88.2000
v 17.1175 62.0000 -86.7322
v 16.4428 62.0000 -85.4080
v 15.3920 62.0000 -84.3572
v 14.0678 62.0000 -83.6825
v 12.6000 62.0000 -83.4500
v 11.1322 62.0000 -83.6825
v 9.8080 62.0000 -84.3572
v 8.7572 62.0000 -85.4080
v 8.0825 62.0000 -86.7322
v 7.8500 62.0000 -88.2000
v 8.0825 62.0000 -89.6678
v 8.7572 62.0000 -90.9920
v 9.8080 62.0000 -92.0428
v 11.1322 62.0000 -92.7175
v 12.6000 62.0000 -92.9500
v 14.0678 62.0000 -92.7175
v 15.3920 62.0000 -92.0428
v 16.4428 62.0000 -90.9920
v 17.1175 62.0000 -89.6678
v 17.3500 998.0000 -88.2000
v 17.1175 998.0000 -86.7322
v 16.4428 998.0000 -85.4080
v 15.3920 998.0000 -84.3572
v 14.0678 998.0000 -83.6825
v 12.6000 998.0000 -83.4500
v 11.1322 998.0000 -83.6825
v 9.8080 998.0000 -84.3572
v 8.7572 998.0000 -85.4080
v 8.0825 998.0000 -86.7322
v 7.8500 998.0000 -88.2000
v 8.0825 998.0000 -89.6678
v 8.7572 998.0000 -90.9920
v 9.8080 998.0000 -92.0428
v 11.1322 998.0000 -92.7175
v 12.6000 998.0000 -92.9500
v 14.0678 998.0000 -92.7175
v 15.3920 998.0000 -92.0428
v 16.4428 998.0000 -90.9920
v 17.1175 998.0000 -89.6678
v 17.3500 62.0000 -88.2000
v 17.1175 62.0000 -86.7322
v 16.4428 62.0000 -85.4080
v 15.3920 62.0000 -84.3572
v 14.0678 62.0000 -83.6825
v 12.6000 62.0000 -83.4500
v 11.1322 62.0000 -83.6825
v 9.8080 62.0000 -84.3572
v 8.7572 62.0000 -85.4080
v 8.0825 62.0000 -86.7322
v 7.8500 62.0000 -88.2000
v 8.0825 62.0000 -89.6678
v 8.7572 62.0000 -90.9920
v 9.8080 62.0000 -92.0428
v 11.1322 62.0000 -92.7175
v 12.6000 62.0000 -92.9500
v 14.0678 62.0000 -92.7175
v 15.3920 62.0000 -92.0428
v 16.4428 62.0000 -90.9920
v 17.1175 62.0000 -89.6678
v 17.3500 998.0000 -88.2000
v 17.1175 998.0000 -86.7322
v 16.4428 998.0000 -85.4080
v 15.3920 998.0000 -84.3572
v 14.0678 998.0000 -83.6825
v 12.6000 998.0000 -83.4500
v 11.1322 998.0000 -83.6825
v 9.8080 998.0000 -84.3572
v 8.7572 998.0000 -85.4080
v 8.0825 998.0000 -86.7322
v 7.8500 998.0000 -88.2000
v 8.0825 998.0000 -89.6678
v 8.7572 998.0000 -90.9920
v 9.8080 998.0000 -92.0428
v 11.1322 998.0000 -92.7175
v 12.6000 998.0000 -92.9500
v 14.0678 998.0000 -92.7175
v 15.3920 998.0000 -92.0428
v 16.4428 998.0000 -90.9920
v 17.1175 998.0000 -89.6678
v 29.9500 62.0000 -88.2000
v 29.7175 62.0000 -86.7322
v 29.0428 62.0000 -85.4080
v 27.9920 62.0000 -84.3572
v 26.6678 62.0000 -83.6825
v 25.2000 62.0000 -83.4500
v 23.7322 62.0000 -83.6825
v 22.4080 62.0000 -84.3572
v 21.3572 62.0000 -85.4080
v 20.6825 62.0000 -86.7322
v 20.4500 62.0000 -88.2000
v 20.6825 62.0000 -89.6678
v 21.3572 62.0000 -90.9920
v 22.4080 62.0000 -92.0428
v 23.7322 62.0000 -92.7175
v 25.2000 62.0000 -92.9500
v 26.6678 62.0000 -92.7175
v 27.9920 62.0000 -92.0428
v 29.0428 62.0000 -90.9920
v 29.7175 62.0000 -89.6678
v 29.9500 998.0000 -88.2000
v 29.7175 998.0000 -86.7322
v 29.0428 998.0000 -85.4080
v 27.9920 998.0000 -84.3572
v 26.6678 998.0000 -83.6825
v 25.2000 998.0000 -83.4500
v 23.7322 998.0000 -83.6825
v 22.4080 998.0000 -84.3572
v 21.3572 998.0000 -85.4080
v 20.6825 998.0000 -86.7322
v 20.4500 998.0000 -88.2000
v 20.6825 998.0000 -89.6678
v 21.3572 998.0000 -90.9920
v 22.4080 998.0000 -92.0428
v 23.7322 998.0000 -92.7175
v 25.2000 998.0000 -92.9500
v 26.6678 998.0000 -92.7175
v 27.9920 998.0000 -92.0428
v 29.0428 998.0000 -90.9920
v 29.7175 998.0000 -89.6678
v 29.9500 62.0000 -88.2000
v 29.7175 62.0000 -86.7322
v 29.0428 62.0000 -85.4080
v 27.9920 62.0000 -84.3572
v 26.6678 62.0000 -83.6825
v 25.2000 62.0000 -83.4500
v 23.7322 62.0000 -83.6825
v 22.4080 62.0000 -84.3572
v 21.3572 62.0000 -85.4080
v 20.6825 62.0000 -86.7322
v 20.4500 62.0000 -88.2000
v 20.6825 62.0000 -89.6678
v 21.3572 62.0000 -90.9920
v 22.4080 62.0000 -92.0428
v 23.7322 62.0000 -92.7175
v 25.2000 62.0000 -92.9500
v 26.6678 62.0000 -92.7175
v 27.9920 62.0000 -92.0428
v 29.0428 62.0000 -90.9920
v 29.7175 62.0000 -89.6678
v 29.9500 998.0000 -88.2000
v 29.7175 998.0000 -86.7322
v 29.0428 998.0000 -85.4080
v 27.9920 998.0000 -84.3572
v 26.6678 998.0000 -83.6825
v 25.2000 998.0000 -83.4500
v 23.7322 998.0000 -83.6825
v 22.4080 998.0000 -84.3572
v 21.3572 998.0000 -85.4080
v 20.6825 998.0000 -86.7322
v 20.4500 998.0000 -88.2000
v 20.6825 998.0000 -89.6678
v 21.3572 998.0000 -90.9920
v 22.4080 998.0000 -92.0428
v 23.7322 998.0000 -92.7175
v 25.2000 998.0000 -92.9500
v 26.6678 998.0000 -92.7175
v 27.9920 998.0000 -92.0428
v 29.0428 998.0000 -90.9920
v 29.7175 998.0000 -89.6678
v 42.5500 62.0000 -88.2000
v 42.3175 62.0000 -86.7322
v 41.6428 62.0000 -85.4080
v 40.5920 62.0000 -84.3572
v 39.2678 62.0000 -83.6825
v 37.8000 62.0000 -83.4500
v 36.3322 62.0000 -83.6825
v 35.0080 62.0000 -84.3572
v 33.9572 62.0000 -85.4080
v 33.2825 62.0000 -86.7322
v 33.0500 62.0000 -88.2000
v 33.2825 62.0000 -89.6678
v 33.9572 62.0000 -90.9920
v 35.0080 62.0000 -92.0428
v 36.3322 62.0000 -92.7175
v 37.8000 62.0000 -92.9500
v 39.2678 62.0000 -92.7175
v 40.5920 62.0000 -92.0428
v 41.6428 62.0000 -90.9920
v 42.3175 62.0000 -89.6678
v 42.5500 998.0000 -88.2000
v 42.3175 998.0000 -86.7322
v 41.6428 998.0000 -85.4080
v 40.5920 998.0000 -84.3572
v 39.2678 998.0000 -83.6825
v 37.8000 998.0000 -83.4500
v 36.3322 998.0000 -83.6825
v 35.0080 998.0000 -84.3572
v 33.9572 998.0000 -85.4080
v 33.2825 998.0000 -86.7322
v 33.0500 998.0000 -88.2000
v 33.2825 998.0000 -89.6678
v 33.9572 998.0000 -90.9920
v 35.0080 998.0000 -92.0428
v 36.3322 998.0000 -92.7175
v 37.8000 998.0000 -92.9500
v 39.2678 998.0000 -92.7175
v 40.5920 998.0000 -92.0428
v 41.6428 998.0000 -90.9920
v 42.3175 998.0000 -89.6678
v 42.5500 62.0000 -88.2000
v 42.3175 62.0000 -86.7322
v 41.6428 62.0000 -85.4080
v 40.5920 62.0000 -84.3572
v 39.2678 62.0000 -83.6825
v 37.8000 62.0000 -83.4500
v 36.3322 62.0000 -83.6825
v 35.0080 62.0000 -84.3572
v 33.9572 62.0000 -85.4080
v 33.2825 62.0000 -86.7322
v 33.0500 62.0000 -88.2000
v 33.2825 62.0000 -89.6678
v 33.9572 62.0000 -90.9920
v 35.0080 62.0000 -92.0428
v 36.3322 62.0000 -92.7175
v 37.8000 62.0000 -92.9500
v 39.2678 62.0000 -92.7175
v 40.5920 62.0000 -92.0428
v 41.6428 62.0000 -90.9920
v 42.3175 62.0000 -89.6678
v 42.5500 998.0000 -88.2000
v 42.3175 998.0000 -86.7322
v 41.6428 998.0000 -85.4080
v 40.5920 998.0000 -84.3572
v 39.2678 998.0000 -83.6825
v 37.8000 998.0000 -83.4500
v 36.3322 998.0000 -83.6825
v 35.0080 998.0000 -84.3572
v 33.9572 998.0000 -85.4080
v 33.2825 998.0000 -86.7322
v 33.0500 998.0000 -88.2000
v 33.2825 998.0000 -89.6678
v 33.9572 998.0000 -90.9920
v 35.0080 998.0000 -92.0428
v 36.3322 998.0000 -92.7175
v 37.8000 998.0000 -92.9500
v 39.2678 998.0000 -92.7175
v 40.5920 998.0000 -92.0428
v 41.6428 998.0000 -90.9920
v 42.3175 998.0000 -89.6678
v 55.1500 62.0000 -88.2000
v 54.9175 62.0000 -86.7322
v 54.2428 62.0000 -85.4080
v 53.1920 62.0000 -84.3572
v 51.8678 62.0000 -83.6825
v 50.4000 62.0000 -83.4500
v 48.9322 62.0000 -83.6825
v 47.6080 62.0000 -84.3572
v 46.5572 62.0000 -85.4080
v 45.8825 62.0000 -86.7322
v 45.6500 62.0000 -88.2000
v 45.8825 62.0000 -89.6678
v 46.5572 62.0000 -90.9920
v 47.6080 62.0000 -92.0428
v 48.9322 62.0000 -92.7175
v 50.4000 62.0000 -92.9500
v 51.8678 62.0000 -92.7175
v 53.1920 62.0000 -92.0428
v 54.2428 62.0000 -90.9920
v 54.9175 62.0000 -89.6678
v 55.1500 998.0000 -88.2000
v 54.9175 998.0000 -86.7322
v 54.2428 998.0000 -85.4080
v 53.1920 998.0000 -84.3572
v 51.8678 998.0000 -83.6825
v 50.4000 998.0000 -83.4500
v 48.9322 998.0000 -83.6825
v 47.6080 998.0000 -84.3572
v 46.5572 998.0000 -85.4080
v 45.8825 998.0000 -86.7322
v 45.6500 998.0000 -88.2000
v 45.8825 998.0000 -89.6678
v 46.5572 998.0000 -90.9920
v 47.6080 998.0000 -92.0428
v 48.9322 998.0000 -92.7175
v 50.4000 998.0000 -92.9500
v 51.8678 998.0000 -92.7175
v 53.1920 998.0000 -92.0428
v 54.2428 998.0000 -90.9920
v 54.9175 998.0000 -89.6678
v 55.1500 62.0000 -88.2000
v 54.9175 62.0000 -86.7322
v 54.2428 62.0000 -85.4080
v 53.1920 62.0000 -84.3572
v 51.8678 62.0000 -83.6825
v 50.4000 62.0000 -83.4500
v 48.9322 62.0000 -83.6825
v 47.6080 62.0000 -84.3572
v 46.5572 62.0000 -85.4080
v 45.8825 62.0000 -86.7322
v 45.6500 62.0000 -88.2000
v 45.8825 62.0000 -89.6678
v 46.5572 62.0000 -90.9920
v 47.6080 62.0000 -92.0428
v 48.9322 62.0000 -92.7175
v 50.4000 62.0000 -92.9500
v 51.8678 62.0000 -92.7175
v 53.1920 62.0000 -92.0428
v 54.2428 62.0000 -90.9920
v 54.9175 62.0000 -89.6678
v 55.1500 998.0000 -88.2000
v 54.9175 998.0000 -86.7322
v 54.2428 998.0000 -85.4080
v 53.1920 998.0000 -84.3572
v 51.8678 998.0000 -83.6825
v 50.4000 998.0000 -83.4500
v 48.9322 998.0000 -83.6825
v 47.6080 998.0000 -84.3572
v 46.5572 998.0000 -85.4080
v 45.8825 998.0000 -86.7322
v 45.6500 998.0000 -88.2000
v 45.8825 998.0000 -89.6678
v 46.5572 998.0000 -90.9920
v 47.6080 998.0000 -92.0428
v 48.9322 998.0000 -92.7175
v 50.4000 998.0000 -92.9500
v 51.8678 998.0000 -92.7175
v 53.1920 998.0000 -92.0428
v 54.2428 998.0000 -90.9920
v 54.9175 998.0000 -89.6678
v 67.7500 62.0000 -88.2000
v 67.5175 62.0000 -86.7322
v 66.8428 62.0000 -85.4080
v 65.7920 62.0000 -84.3572
v 64.4678 62.0000 -83.6825
v 63.0000 62.0000 -83.4500
v 61.5322 62.0000 -83.6825
v 60.2080 62.0000 -84.3572
v 59.1572 62.0000 -85.4080
v 58.4825 62.0000 -86.7322
v 58.2500 62.0000 -88.2000
v 58.4825 62.0000 -89.6678
v 59.1572 62.0000 -90.9920
v 60.2080 62.0000 -92.0428
v 61.5322 62.0000 -92.7175
v 63.0000 62.0000 -92.9500
v 64.4678 62.0000 -92.7175
v 65.7920 62.0000 -92.0428
v 66.8428 62.0000 -90.9920
v 67.5175 62.0000 -89.6678
v 67.7500 998.0000 -88.2000
v 67.5175 998.0000 -86.7322
v 66.8428 998.0000 -85.4080
v 65.7920 998.0000 -84.3572
v 64.4678 998.0000 -83.6825
v 63.0000 998.0000 -83.4500
v 61.5322 998.0000 -83.6825
v 60.2080 998.0000 -84.3572
v 59.1572 998.0000 -85.4080
v 58.4825 998.0000 -86.7322
v 58.2500 998.0000 -88.2000
v 58.4825 998.0000 -89.6678
v 59.1572 998.0000 -90.9920
v 60.2080 998.0000 -92.0428
v 61.5322 998.0000 -92.7175
v 63.0000 998.0000 -92.9500
v 64.4678 998.0000 -92.7175
v 65.7920 998.0000 -92.0428
v 66.8428 998.0000 -90.9920
v 67.5175 998.0000 -89.6678
v 67.7500 62.0000 -88.2000
v 67.5175 62.0000 -86.7322
v 66.8428 62.0000 -85.4080
v 65.7920 62.0000 -84.3572
v 64.4678 62.0000 -83.6825
v 63.0000 62.0000 -83.4500
v 61.5322 62.0000 -83.6825
v 60.2080 62.0000 -84.3572
v 59.1572 62.0000 -85.4080
v 58.4825 62.0000 -86.7322
v 58.2500 62.0000 -88.2000
v 58.4825 62.0000 -89.6678
v 59.1572 62.0000 -90.9920
v 60.2080 62.0000 -92.0428
v 61.5322 62.0000 -92.7175
v 63.0000 62.0000 -92.9500
v 64.4678 62.0000 -92.7175
v 65.7920 62.0000 -92.0428
v 66.8428 62.0000 -90.9920
v 67.5175 62.0000 -89.6678
v 67.7500 998.0000 -88.2000
v 67.5175 998.0000 -86.7322
v 66.8428 998.0000 -85.4080
v 65.7920 998.0000 -84.3572
v 64.4678 998.0000 -83.6825
v 63.0000 998.0000 -83.4500
v 61.5322 998.0000 -83.6825
v 60.2080 998.0000 -84.3572
v 59.1572 998.0000 -85.4080
v 58.4825 998.0000 -86.7322
v 58.2500 998.0000 -88.2000
v 58.4825 998.0000 -89.6678
v 59.1572 998.0000 -90.9920
v 60.2080 998.0000 -92.0428
v 61.5322 998.0000 -92.7175
v 63.0000 998.0000 -92.9500
v 64.4678 998.0000 -92.7175
v 65.7920 998.0000 -92.0428
v 66.8428 998.0000 -90.9920
v 67.5175 998.0000 -89.6678
v 80.3500 62.0000 -88.2000
v 80.1175 62.0000 -86.7322
v 79.4428 62.0000 -85.4080
v 78.3920 62.0000 -84.3572
v 77.0678 62.0000 -83.6825
v 75.6000 62.0000 -83.4500
v 74.1322 62.0000 -83.6825
v 72.8080 62.0000 -84.3572
v 71.7572 62.0000 -85.4080
v 71.0825 62.0000 -86.7322
v 70.8500 62.0000 -88.2000
v 71.0825 62.0000 -89.6678
v 71.7572 62.0000 -90.9920
v 72.8080 62.0000 -92.0428
v 74.1322 62.0000 -92.7175
v 75.6000 62.0000 -92.9500
v 77.0678 62.0000 -92.7175
v 78.3920 62.0000 -92.0428
v 79.4428 62.0000 -90.9920
v 80.1175 62.0000 -89.6678
v 80.3500 998.0000 -88.2000
v 80.1175 998.0000 -86.7322
v 79.4428 998.0000 -85.4080
v 78.3920 998.0000 -84.3572
v 77.0678 998.0000 -83.6825
v 75.6000 998.0000 -83.4500
v 74.1322 998.0000 -83.6825
v 72.8080 998.0000 -84.3572
v 71.7572 998.0000 -85.4080
v 71.0825 998.0000 -86.7322
v 70.8500 998.0000 -88.2000
v 71.0825 998.0000 -89.6678
v 71.7572 998.0000 -90.9920
v 72.8080 998.0000 -92.0428
v 74.1322 998.0000 -92.7175
v 75.6000 998.0000 -92.9500
v 77.0678 998.0000 -92.7175
v 78.3920 998.0000 -92.0428
v 79.4428 998.0000 -90.9920
v 80.1175 998.0000 -89.6678
v 80.3500 62.0000 -88.2000
v 80.1175 62.0000 -86.7322
v 79.4428 62.0000 -85.4080
v 78.3920 62.0000 -84.3572
v 77.0678 62.0000 -83.6825
v 75.6000 62.0000 -83.4500
v 74.1322 62.0000 -83.6825
v 72.8080 62.0000 -84.3572
v 71.7572 62.0000 -85.4080
v 71.0825 62.0000 -86.7322
v 70.8500 62.0000 -88.2000
v 71.0825 62.0000 -89.6678
v 71.7572 62.0000 -90.9920
v 72.8080 62.0000 -92.0428
v 74.1322 62.0000 -92.7175
v 75.6000 62.0000 -92.9500
v 77.0678 62.0000 -92.7175
v 78.3920 62.0000 -92.0428
v 79.4428 62.0000 -90.9920
v 80.1175 62.0000 -89.6678
v 80.3500 998.0000 -88.2000
v 80.1175 998.0000 -86.7322
v 79.4428 998.0000 -85.4080
v 78.3920 998.0000 -84.3572
v 77.0678 998.0000 -83.6825
v 75.6000 998.0000 -83.4500
v 74.1322 998.0000 -83.6825
v 72.8080 998.0000 -84.3572
v 71.7572 998.0000 -85.4080
v 71.0825 998.0000 -86.7322
v 70.8500 998.0000 -88.2000
v 71.0825 998.0000 -89.6678
v 71.7572 998.0000 -90.9920
v 72.8080 998.0000 -92.0428
v 74.1322 998.0000 -92.7175
v 75.6000 998.0000 -92.9500
v 77.0678 998.0000 -92.7175
v 78.3920 998.0000 -92.0428
v 79.4428 998.0000 -90.9920
v 80.1175 998.0000 -89.6678
v 92.9500 62.0000 -88.2000
v 92.7175 62.0000 -86.7322
v 92.0428 62.0000 -85.4080
v 90.9920 62.0000 -84.3572
v 89.6678 62.0000 -83.6825
v 88.2000 62.0000 -83.4500
v 86.7322 62.0000 -83.6825
v 85.4080 62.0000 -84.3572
v 84.3572 62.0000 -85.4080
v 83.6825 62.0000 -86.7322
v 83.4500 62.0000 -88.2000
v 83.6825 62.0000 -89.6678
v 84.3572 62.0000 -90.9920
v 85.4080 62.0000 -92.0428
v 86.7322 62.0000 -92.7175
v 88.2000 62.0000 -92.9500
v 89.6678 62.0000 -92.7175
v 90.9920 62.0000 -92.0428
v 92.0428 62.0000 -90.9920
v 92.7175 62.0000 -89.6678
v 92.9500 998.0000 -88.2000
v 92.7175 998.0000 -86.7322
v 92.0428 998.0000 -85.4080
v 90.9920 998.0000 -84.3572
v 89.6678 998.0000 -83.6825
v 88.2000 998.0000 -83.4500
v 86.7322 998.0000 -83.6825
v 85.4080 998.0000 -84.3572
v 84.3572 998.0000 -85.4080
v 83.6825 998.0000 -86.7322
v 83.4500 998.0000 -88.2000
v 83.6825 998.0000 -89.6678
v 84.3572 998.0000 -90.9920
v 85.4080 998.0000 -92.0428
v 86.7322 998.0000 -92.7175
v 88.2000 998.0000 -92.9500
v 89.6678 998.0000 -92.7175
v 90.9920 998.0000 -92.0428
v 92.0428 998.0000 -90.9920
v 92.7175 998.0000 -89.6678
v 92.9500 62.0000 -88.2000
v 92.7175 62.0000 -86.7322
v 92.0428 62.0000 -85.4080
v 90.9920 62.0000 -84.3572
v 89.6678 62.0000 -83.6825
v 88.2000 62.0000 -83.4500
v 86.7322 62.0000 -83.6825
v 85.4080 62.0000 -84.3572
v 84.3572 62.0000 -85.4080
v 83.6825 62.0000 -86.7322
v 83.4500 62.0000 -88.2000
v 83.6825 62.0000 -89.6678
v 84.3572 62.0000 -90.9920
v 85.4080 62.0000 -92.0428
v 86.7322 62.0000 -92.7175
v 88.2000 62.0000 -92.9500
v 89.6678 62.0000 -92.7175
v 90.9920 62.0000 -92.0428
v 92.0428 62.0000 -90.9920
v 92.7175 62.0000 -89.6678
v 92.9500 998.0000 -88.2000
v 92.7175 998.0000 -86.7322
v 92.0428 998.0000 -85.4080
v 90.9920 998.0000 -84.3572
v 89.6678 998.0000 -83.6825
v 88.2000 998.0000 -83.4500
v 86.7322 998.0000 -83.6825
v 85.4080 998.0000 -84.3572
v 84.3572 998.0000 -85.4080
v 83.6825 998.0000 -86.7322
v 83.4500 998.0000 -88.2000
v 83.6825 998.0000 -89.6678
v 84.3572 998.0000 -90.9920
v 85.4080 998.0000 -92.0428
v 86.7322 998.0000 -92.7175
v 88.2000 998.0000 -92.9500
v 89.6678 998.0000 -92.7175
v 90.9920 998.0000 -92.0428
v 92.0428 998.0000 -90.9920
v 92.7175 998.0000 -89.6678
v 105.5500 62.0000 -88.2000
v 105.3175 62.0000 -86.7322
v 104.6428 62.0000 -85.4080
v 103.5920 62.0000 -84.3572
v 102.2678 62.0000 -83.6825
v 100.8000 62.0000 -83.4500
v 99.3322 62.0000 -83.6825
v 98.0080 62.0000 -84.3572
v 96.9572 62.0000 -85.4080
v 96.2825 62.0000 -86.7322
v 96.0500 62.0000 -88.2000
v 96.2825 62.0000 -89.6678
v 96.9572 62.0000 -90.9920
v 98.0080 62.0000 -92.0428
v 99.3322 62.0000 -92.7175
v 100.8000 62.0000 -92.9500
v 102.2678 62.0000 -92.7175
v 103.5920 62.0000 -92.0428
v 104.6428 62.0000 -90.9920
v 105.3175 62.0000 -89.6678
v 105.5500 998.0000 -88.2000
v 105.3175 998.0000 -86.7322
v 104.6428 998.0000 -85.4080
v 103.5920 998.0000 -84.3572
v 102.2678 998.0000 -83.6825
v 100.8000 998.0000 -83.4500
v 99.3322 998.0000 -83.6825
v 98.0080 998.0000 -84.3572
v 96.9572 998.0000 -85.4080
v 96.2825 998.0000 -86.7322
v 96.0500 998.0000 -88.2000
v 96.2825 998.0000 -89.6678
v 96.9572 998.0000 -90.9920
v 98.0080 998.0000 -92.0428
v 99.3322 998.0000 -92.7175
v 100.8000 998.0000 -92.9500
v 102.2678 998.0000 -92.7175
v 103.5920 998.0000 -92.0428
v 104.6428 998.0000 -90.9920
v 105.3175 998.0000 -89.6678
v 105.5500 62.0000 -88.2000
v 105.3175 62.0000 -86.7322
v 104.6428 62.0000 -85.4080
v 103.5920 62.0000 -84.3572
v 102.2678 62.0000 -83.6825
v 100.8000 62.0000 -83.4500
v 99.3322 62.0000 -83.6825
v 98.0080 62.0000 -84.3572
v 96.9572 62.0000 -85.4080
v 96.2825 62.0000 -86.7322
v 96.0500 62.0000 -88.2000
v 96.2825 62.0000 -89.6678
v 96.9572 62.0000 -90.9920
v 98.0080 62.0000 -92.0428
v 99.3322 62.0000 -92.7175
v 100.8000 62.0000 -92.9500
v 102.2678 62.0000 -92.7175
v 103.5920 62.0000 -92.0428
v 104.6428 62.0000 -90.9920
v 105.3175 62.0000 -89.6678
v 105.5500 998.0000 -88.2000
v 105.3175 998.0000 -86.7322
v 104.6428 998.0000 -85.4080
v 103.5920 998.0000 -84.3572
v 102.2678 998.0000 -83.6825
v 100.8000 998.0000 -83.4500
v 99.3322 998.0000 -83.6825
v 98.0080 998.0000 -84.3572
v 96.9572 998.0000 -85.4080
v 96.2825 998.0000 -86.7322
v 96.0500 998.0000 -88.2000
v 96.2825 998.0000 -89.6678
v 96.9572 998.0000 -90.9920
v 98.0080 998.0000 -92.0428
v 99.3322 998.0000 -92.7175
v 100.8000 998.0000 -92.9500
v 102.2678 998.0000 -92.7175
v 103.5920 998.0000 -92.0428
v 104.6428 998.0000 -90.9920
v 105.3175 998.0000 -89.6678
v -96.0500 62.0000 -75.6000
v -96.2825 62.0000 -74.1322
v -96.9572 62.0000 -72.8080
v -98.0080 62.0000 -71.7572
v -99.3322 62.0000 -71.0825
v -100.8000 62.0000 -70.8500
v -102.2678 62.0000 -71.0825
v -103.5920 62.0000 -71.7572
v -104.6428 62.0000 -72.8080
v -105.3175 62.0000 -74.1322
v -105.5500 62.0000 -75.6000
v -105.3175 62.0000 -77.0678
v -104.6428 62.0000 -78.3920
v -103.5920 62.0000 -79.4428
v -102.2678 62.0000 -80.1175
v -100.8000 62.0000 -80.3500
v -99.3322 62.0000 -80.1175
v -98.0080 62.0000 -79.4428
v -96.9572 62.0000 -78.3920
v -96.2825 62.0000 -77.0678
v -96.0500 998.0000 -75.6000
v -96.2825 998.0000 -74.1322
v -96.9572 998.0000 -72.8080
v -98.0080 998.0000 -71.7572
v -99.3322 998.0000 -71.0825
v -100.8000 998.0000 -70.8500
v -102.2678 998.0000 -71.0825
v -103.5920 998.0000 -71.7572
v -104.6428 998.0000 -72.8080
v -105.3175 998.0000 -74.1322
v -105.5500 998.0000 -75.6000
v -105.3175 998.0000 -77.0678
v -104.6428 998.0000 -78.3920
v -103.5920 998.0000 -79.4428
v -102.2678 998.0000 -80.1175
v -100.8000 998.0000 -80.3500
v -99.3322 998.0000 -80.1175
v -98.0080 998.0000 -79.4428
v -96.9572 998.0000 -78.3920
v -96.2825 998.0000 -77.0678
v -96.0500 62.0000 -75.6000
v -96.2825 62.0000 -74.1322
v -96.9572 62.0000 -72.8080
v -98.0080 62.0000 -71.7572
v -99.3322 62.0000 -71.0825
v -100.8000 62.0000 -70.8500
v -102.2678 62.0000 -71.0825
v -103.5920 62.0000 -71.7572
v -104.6428 62.0000 -72.8080
v -105.3175 62.0000 -74.1322
v -105.5500 62.0000 -75.6000
v -105.3175 62.0000 -77.0678
v -104.6428 62.0000 -78.3920
v -103.5920 62.0000 -79.4428
v -102.2678 62.0000 -80.1175
v -100.8000 62.0000 -80.3500
v -99.3322 62.0000 -80.1175
v -98.0080 62.0000 -79.4428
v -96.9572 62.0000 -78.3920
v -96.2825 62.0000 -77.0678
v -96.0500 998.0000 -75.6000
v -96.2825 998.0000 -74.1322
v -96.9572 998.0000 -72.8080
v -98.0080 998.0000 -71.7572
v -99.3322 998.0000 -71.0825
v -100.8000 998.0000 -70.8500
v -102.2678 998.0000 -71.0825
v -103.5920 998.0000 -71.7572
v -104.6428 998.0000 -72.8080
v -105.3175 998.0000 -74.1322
v -105.5500 998.0000 -75.6000
v -105.3175 998.0000 -77.0678
v -104.6428 998.0000 -78.3920
v -103.5920 998.0000 -79.4428
v -102.2678 998.0000 -80.1175
v -100.8000 998.0000 -80.3500
v -99.3322 998.0000 -80.1175
v -98.0080 998.0000 -79.4428
v -96.9572 998.0000 -78.3920
v -96.2825 998.0000 -77.0678
v -83.4500 62.0000 -75.6000
v -83.6825 62.0000 -74.1322
v -84.3572 62.0000 -72.8080
v -85.4080 62.0000 -71.7572
v -86.7322 62.0000 -71.0825
v -88.2000 62.0000 -70.8500
v -89.6678 62.0000 -71.0825
v -90.9920 62.0000 -71.7572
v -92.0428 62.0000 -72.8080
v -92.7175 62.0000 -74.1322
v -92.9500 62.0000 -75.6000
v -92.7175 62.0000 -77.0678
v -92.0428 62.0000 -78.3920
v -90.9920 62.0000 -79.4428
v -89.6678 62.0000 -80.1175
v -88.2000 62.0000 -80.3500
v -86.7322 62.0000 -80.1175
v -85.4080 62.0000 -79.4428
v -84.3572 62.0000 -78.3920
v -83.6825 62.0000 -77.0678
v -83.4500 998.0000 -75.6000
v -83.6825 998.0000 -74.1322
v -84.3572 998.0000 -72.8080
v -85.4080 998.0000 -71.7572
v -86.7322 998.0000 -71.0825
v -88.2000 998.0000 -70.8500
v -89.6678 998.0000 -71.0825
v -90.9920 998.0000 -71.7572
v -92.0428 998.0000 -72.8080
v -92.7175 998.0000 -74.1322
v -92.9500 998.0000 -75.6000
v -92.7175 998.0000 -77.0678
v -92.0428 998.0000 -78.3920
v -90.9920 998.0000 -79.4428
v -89.6678 998.0000 -80.1175
v -88.2000 998.0000 -80.3500
v -86.7322 998.0000 -80.1175
v -85.4080 998.0000 -79.4428
v -84.3572 998.0000 -78.3920
v -83.6825 998.0000 -77.0678
v -83.4500 62.0000 -75.6000
v -83.6825 62.0000 -74.1322
v -84.3572 62.0000 -72.8080
v -85.4080 62.0000 -71.7572
v -86.7322 62.0000 -71.0825
v -88.2000 62.0000 -70.8500
v -89.6678 62.0000 -71.0825
v -90.9920 62.0000 -71.7572
v -92.0428 62.0000 -72.8080
v -92.7175 62.0000 -74.1322
v -92.9500 62.0000 -75.6000
v -92.7175 62.0000 -77.0678
v -92.0428 62.0000 -78.3920
v -90.9920 62.0000 -79.4428
v -89.6678 62.0000 -80.1175
v -88.2000 62.0000 -80.3500
v -86.7322 62.0000 -80.1175
v -85.4080 62.0000 -79.4428
v -84.3572 62.0000 -78.3920
v -83.6825 62.0000 -77.0678
v -83.4500 998.0000 -75.6000
v -83.6825 998.0000 -74.1322
v -84.3572 998.0000 -72.8080
v -85.4080 998.0000 -71.7572
v -86.7322 998.0000 -71.0825
v -88.2000 998.0000 -70.8500
v -89.6678 998.0000 -71.0825
v -90.9920 998.0000 -71.7572
v -92.0428 998.0000 -72.8080
v -92.7175 998.0000 -74.1322
v -92.9500 998.0000 -75.6000
v -92.7175 998.0000 -77.0678
v -92.0428 998.0000 -78.3920
v -90.9920 998.0000 -79.4428
v -89.6678 998.0000 -80.1175
v -88.2000 998.0000 -80.3500
v -86.7322 998.0000 -80.1175
v -85.4080 998.0000 -79.4428
v -84.3572 998.0000 -78.3920
v -83.6825 998.0000 -77.0678
v -70.8500 62.0000 -75.6000
v -71.0825 62.0000 -74.1322
v -71.7572 62.0000 -72.8080
v -72.8080 62.0000 -71.7572
v -74.1322 62.0000 -71.0825
v -75.6000 62.0000 -70.8500
v -77.0678 62.0000 -71.0825
v -78.3920 62.0000 -71.7572
v -79.4428 62.0000 -72.8080
v -80.1175 62.0000 -74.1322
v -80.3500 62.0000 -75.6000
v -80.1175 62.0000 -77.0678
v -79.4428 62.0000 -78.3920
v -78.3920 62.0000 -79.4428
v -77.0678 62.0000 -80.1175
v -75.6000 62.0000 -80.3500
v -74.1322 62.0000 -80.1175
v -72.8080 62.0000 -79.4428
v -71.7572 62.0000 -78.3920
v -71.0825 62.0000 -77.0678
v -70.8500 998.0000 -75.6000
v -71.0825 998.0000 -74.1322
v -71.7572 998.0000 -72.8080
v -72.8080 998.0000 -71.7572
v -74.1322 998.0000 -71.0825
v -75.6000 998.0000 -70.8500
v -77.0678 998.0000 -71.0825
v -78.3920 998.0000 -71.7572
v -79.4428 998.0000 -72.8080
v -80.1175 998.0000 -74.1322
v -80.3500 998.0000 -75.6000
v -80.1175 998.0000 -77.0678
v -79.4428 998.0000 -78.3920
v -78.3920 998.0000 -79.4428
v -77.0678 998.0000 -80.1175
v -75.6000 998.0000 -80.3500
v -74.1322 998.0000 -80.1175
v -72.8080 998.0000 -79.4428
v -71.7572 998.0000 -78.3920
v -71.0825 998.0000 -77.0678
v -70.8500 62.0000 -75.6000
v -71.0825 62.0000 -74.1322
v -71.7572 62.0000 -72.8080
v -72.8080 62.0000 -71.7572
v -74.1322 62.0000 -71.0825
v -75.6000 62.0000 -70.8500
v -77.0678 62.0000 -71.0825
v -78.3920 62.0000 -71.7572
v -79.4428 62.0000 -72.8080
v -80.1175 62.0000 -74.1322
v -80.3500 62.0000 -75.6000
v -80.1175 62.0000 -77.0678
v -79.4428 62.0000 -78.3920
v -78.3920 62.0000 -79.4428
v -77.0678 62.0000 -80.1175
v -75.6000 62.0000 -80.3500
v -74.1322 62.0000 -80.1175
v -72.8080 62.0000 -79.4428
v -71.7572 62.0000 -78.3920
v -71.0825 62.0000 -77.0678
v -70.8500 998.0000 -75.6000
v -71.0825 998.0000 -74.1322
v -71.7572 998.0000 -72.8080
v -72.8080 998.0000 -71.7572
v -74.1322 998.0000 -71.0825
v -75.6000 998.0000 -70.8500
v -77.0678 998.0000 -71.0825
v -78.3920 998.0000 -71.7572
v -79.4428 998.0000 -72.8080
v -80.1175 998.0000 -74.1322
v -80.3500 998.0000 -75.6000
v -80.1175 998.0000 -77.0678
v -79.4428 998.0000 -78.3920
v -78.3920 998.0000 -79.4428
v -77.0678 998.0000 -80.1175
v -75.6000 998.0000 -80.3500
v -74.1322 998.0000 -80.1175
v -72.8080 998.0000 -79.4428
v -71.7572 998.0000 -78.3920
v -71.0825 998.0000 -77.0678
v -58.2500 62.0000 -75.6000
v -58.4825 62.0000 -74.1322
v -59.1572 62.0000 -72.8080
v -60.2080 62.0000 -71.7572
v -61.5322 62.0000 -71.0825
v -63.0000 62.0000 -70.8500
v -64.4678 62.0000 -71.0825
v -65.7920 62.0000 -71.7572
v -66.8428 62.0000 -72.8080
v -67.5175 62.0000 -74.1322
v -67.7500 62.0000 -75.6000
v -67.5175 62.0000 -77.0678
v -66.8428 62.0000 -78.3920
v -65.7920 62.0000 -79.4428
v -64.4678 62.0000 -80.1175
v -63.0000 62.0000 -80.3500
v -61.5322 62.0000 -80.1175
v -60.2080 62.0000 -79.4428
v -59.1572 62.0000 -78.3920
v -58.4825 62.0000 -77.0678
v -58.2500 998.0000 -75.6000
v -58.4825 998.0000 -74.1322
v -59.1572 998.0000 -72.8080
v -60.2080 998.0000 -71.7572
v -61.5322 998.0000 -71.0825
v -63.0000 998.0000 -70.8500
v -64.4678 998.0000 -71.0825
v -65.7920 998.0000 -71.7572
v -66.8428 998.0000 -72.8080
v -67.5175 998.0000 -74.1322
v -67.7500 998.0000 -75.6000
v -67.5175 998.0000 -77.0678
v -66.8428 998.0000 -78.3920
v -65.7920 998.0000 -79.4428
v -64.4678 998.0000 -80.1175
v -63.0000 998.0000 -80.3500
v -61.5322 998.0000 -80.1175
v -60.2080 998.0000 -79.4428
v -59.1572 998.0000 -78.3920
v -58.4825 998.0000 -77.0678
v -58.2500 62.0000 -75.6000
v -58.4825 62.0000 -74.1322
v -59.1572 62.0000 -72.8080
v -60.2080 62.0000 -71.7572
v -61.5322 62.0000 -71.0825
v -63.0000 62.0000 -70.8500
v -64.4678 62.0000 -71.0825
v -65.7920 62.0000 -71.7572
v -66.8428 62.0000 -72.8080
v -67.5175 62.0000 -74.1322
v -67.7500 62.0000 -75.6000
v -67.5175 62.0000 -77.0678
v -66.8428 62.0000 -78.3920
v -65.7920 62.0000 -79.4428
v -64.4678 62.0000 -80.1175
v -63.0000 62.0000 -80.3500
v -61.5322 62.0000 -80.1175
v -60.2080 62.0000 -79.4428
v -59.1572 62.0000 -78.3920
v -58.4825 62.0000 -77.0678
v -58.2500 998.0000 -75.6000
v -58.4825 998.0000 -74.1322
v -59.1572 998.0000 -72.8080
v -60.2080 998.0000 -71.7572
v -61.5322 998.0000 -71.0825
v -63.0000 998.0000 -70.8500
v -64.4678 998.0000 -71.0825
v -65.7920 998.0000 -71.7572
v -66.8428 998.0000 -72.8080
v -67.5175 998.0000 -74.1322
v -67.7500 998.0000 -75.6000
v -67.5175 998.0000 -77.0678
v -66.8428 998.0000 -78.3920
v -65.7920 998.0000 -79.4428
v -64.4678 998.0000 -80.1175
v -63.0000 998.0000 -80.3500
v -61.5322 998.0000 -80.1175
v -60.2080 998.0000 -79.4428
v -59.1572 998.0000 -78.3920
v -58.4825 998.0000 -77.0678
v -45.6500 62.0000 -75.6000
v -45.8825 62.0000 -74.1322
v -46.5572 62.0000 -72.8080
v -47.6080 62.0000 -71.7572
v -48.9322 62.0000 -71.0825
v -50.4000 62.0000 -70.8500
v -51.8678 62.0000 -71.0825
v -53.1920 62.0000 -71.7572
v -54.2428 62.0000 -72.8080
v -54.9175 62.0000 -74.1322
v -55.1500 62.0000 -75.6000
v -54.9175 62.0000 -77.0678
v -54.2428 62.0000 -78.3920
v -53.1920 62.0000 -79.4428
v -51.8678 62.0000 -80.1175
v -50.4000 62.0000 -80.3500
v -48.9322 62.0000 -80.1175
v -47.6080 62.0000 -79.4428
v -46.5572 62.0000 -78.3920
v -45.8825 62.0000 -77.0678
v -45.6500 998.0000 -75.6000
v -45.8825 998.0000 -74.1322
v -46.5572 998.0000 -72.8080
v -47.6080 998.0000 -71.7572
v -48.9322 998.0000 -71.0825
v -50.4000 998.0000 -70.8500
v -51.8678 998.0000 -71.0825
v -53.1920 998.0000 -71.7572
v -54.2428 998.0000 -72.8080
v -54.9175 998.0000 -74.1322
v -55.1500 998.0000 -75.6000
v -54.9175 998.0000 -77.0678
v -54.2428 998.0000 -78.3920
v -53.1920 998.0000 -79.4428
v -51.8678 998.0000 -80.1175
v -50.4000 998.0000 -80.3500
v -48.9322 998.0000 -80.1175
v -47.6080 998.0000 -79.4428
v -46.5572 998.0000 -78.3920
v -45.8825 998.0000 -77.0678
v -45.6500 62.0000 -75.6000
v -45.8825 62.0000 -74.1322
v -46.5572 62.0000 -72.8080
v -47.6080 62.0000 -71.7572
v -48.9322 62.0000 -71.0825
v -50.4000 62.0000 -70.8500
v -51.8678 62.0000 -71.0825
v -53.1920 62.0000 -71.7572
v -54.2428 62.0000 -72.8080
v -54.9175 62.0000 -74.1322
v -55.1500 62.0000 -75.6000
v -54.9175 62.0000 -77.0678
v -54.2428 62.0000 -78.3920
v -53.1920 62.0000 -79.4428
v -51.8678 62.0000 -80.1175
v -50.4000 62.0000 -80.3500
v -48.9322 62.0000 -80.1175
v -47.6080 62.0000 -79.4428
v -46.5572 62.0000 -78.3920
v -45.8825 62.0000 -77.0678
v -45.6500 998.0000 -75.6000
v -45.8825 998.0000 -74.1322
v -46.5572 998.0000 -72.8080
v -47.6080 998.0000 -71.7572
v -48.9322 998.0000 -71.0825
v -50.4000 998.0000 -70.8500
v -51.8678 998.0000 -71.0825
v -53.1920 998.0000 -71.7572
v -54.2428 998.0000 -72.8080
v -54.9175 998.0000 -74.1322
v -55.1500 998.0000 -75.6000
v -54.9175 998.0000 -77.0678
v -54.2428 998.0000 -78.3920
v -53.1920 998.0000 -79.4428
v -51.8678 998.0000 -80.1175
v -50.4000 998.0000 -80.3500
v -48.9322 998.0000 -80.1175
v -47.6080 998.0000 -79.4428
v -46.5572 998.0000 -78.3920
v -45.8825 998.0000 -77.0678
v -20.4500 62.0000 -75.6000
v -20.6825 62.0000 -74.1322
v -21.3572 62.0000 -72.8080
v -22.4080 62.0000 -71.7572
v -23.7322 62.0000 -71.0825
v -25.2000 62.0000 -70.8500
v -26.6678 62.0000 -71.0825
v -27.9920 62.0000 -71.7572
v -29.0428 62.0000 -72.8080
v -29.7175 62.0000 -74.1322
v -29.9500 62.0000 -75.6000
v -29.7175 62.0000 -77.0678
v -29.0428 62.0000 -78.3920
v -27.9920 62.0000 -79.4428
v -26.6678 62.0000 -80.1175
v -25.2000 62.0000 -80.3500
v -23.7322 62.0000 -80.1175
v -22.4080 62.0000 -79.4428
v -21.3572 62.0000 -78.3920
v -20.6825 62.0000 -77.0678
v -20.4500 998.0000 -75.6000
v -20.6825 998.0000 -74.1322
v -21.3572 998.0000 -72.8080
v -22.4080 998.0000 -71.7572
v -23.7322 998.0000 -71.0825
v -25.2000 998.0000 -70.8500
v -26.6678 998.0000 -71.0825
v -27.9920 998.0000 -71.7572
v -29.0428 998.0000 -72.8080
v -29.7175 998.0000 -74.1322
v -29.9500 998.0000 -75.6000
v -29.7175 998.0000 -77.0678
v -29.0428 998.0000 -78.3920
v -27.9920 998.0000 -79.4428
v -26.6678 998.0000 -80.1175
v -25.2000 998.0000 -80.3500
v -23.7322 998.0000 -80.1175
v -22.4080 998.0000 -79.4428
v -21.3572 998.0000 -78.3920
v -20.6825 998.0000 -77.0678
v -20.4500 62.0000 -75.6000
v -20.6825 62.0000 -74.1322
v -21.3572 62.0000 -72.8080
v -22.4080 62.0000 -71.7572
v -23.7322 62.0000 -71.0825
v -25.2000 62.0000 -70.8500
v -26.6678 62.0000 -71.0825
v -27.9920 62.0000 -71.7572
v -29.0428 62.0000 -72.8080
v -29.7175 62.0000 -74.1322
v -29.9500 62.0000 -75.6000
v -29.7175 62.0000 -77.0678
v -29.0428 62.0000 -78.3920
v -27.9920 62.0000 -79.4428
v -26.6678 62.0000 -80.1175
v -25.2000 62.0000 -80.3500
v -23.7322 62.0000 -80.1175
v -22.4080 62.0000 -79.4428
v -21.3572 62.0000 -78.3920
v -20.6825 62.0000 -77.0678
v -20.4500 998.0000 -75.6000
v -20.6825 998.0000 -74.1322
v -21.3572 998.0000 -72.8080
v -22.4080 998.0000 -71.7572
v -23.7322 998.0000 -71.0825
v -25.2000 998.0000 -70.8500
v -26.6678 998.0000 -71.0825
v -27.9920 998.0000 -71.7572
v -29.0428 998.0000 -72.8080
v -29.7175 998.0000 -74.1322
v -29.9500 998.0000 -75.6000
v -29.7175 998.0000 -77.0678
v -29.0428 998.0000 -78.3920
v -27.9920 998.0000 -79.4428
v -26.6678 998.0000 -80.1175
v -25.2000 998.0000 -80.3500
v -23.7322 998.0000 -80.1175
v -22.4080 998.0000 -79.4428
v -21.3572 998.0000 -78.3920
v -20.6825 998.0000 -77.0678
v -7.8500 62.0000 -75.6000
v -8.0825 62.0000 -74.1322
v -8.7572 62.0000 -72.8080
v -9.8080 62.0000 -71.7572
v -11.1322 62.0000 -71.0825
v -12.6000 62.0000 -70.8500
v -14.0678 62.0000 -71.0825
v -15.3920 62.0000 -71.7572
v -16.4428 62.0000 -72.8080
v -17.1175 62.0000 -74.1322
v -17.3500 62.0000 -75.6000
v -17.1175 62.0000 -77.0678
v -16.4428 62.0000 -78.3920
v -15.3920 62.0000 -79.4428
v -14.0678 62.0000 -80.1175
v -12.6000 62.0000 -80.3500
v -11.1322 62.0000 -80.1175
v -9.8080 62.0000 -79.4428
v -8.7572 62.0000 -78.3920
v -8.0825 62.0000 -77.0678
v -7.8500 998.0000 -75.6000
v -8.0825 998.0000 -74.1322
v -8.7572 998.0000 -72.8080
v -9.8080 998.0000 -71.7572
v -11.1322 998.0000 -71.0825
v -12.6000 998.0000 -70.8500
v -14.0678 998.0000 -71.0825
v -15.3920 998.0000 -71.7572
v -16.4428 998.0000 -72.8080
v -17.1175 998.0000 -74.1322
v -17.3500 998.0000 -75.6000
v -17.1175 998.0000 -77.0678
v -16.4428 998.0000 -78.3920
v -15.3920 998.0000 -79.4428
v -14.0678 998.0000 -80.1175
v -12.6000 998.0000 -80.3500
v -11.1322 998.0000 -80.1175
v -9.8080 998.0000 -79.4428
v -8.7572 998.0000 -78.3920
v -8.0825 998.0000 -77.0678
v -7.8500 62.0000 -75.6000
v -8.0825 62.0000 -74.1322
v -8.7572 62.0000 -72.8080
v -9.8080 62.0000 -71.7572
v -11.1322 62.0000 -71.0825
v -12.6000 62.0000 -70.8500
v -14.0678 62.0000 -71.0825
v -15.3920 62.0000 -71.7572
v -16.4428 62.0000 -72.8080
v -17.1175 62.0000 -74.1322
v -17.3500 62.0000 -75.6000
v -17.1175 62.0000 -77.0678
v -16.4428 62.0000 -78.3920
v -15.3920 62.0000 -79.4428
v -14.0678 62.0000 -80.1175
v -12.6000 62.0000 -80.3500
v -11.1322 62.0000 -80.1175
v -9.8080 62.0000 -79.4428
v -8.7572 62.0000 -78.3920
v -8.0825 62.0000 -77.0678
v -7.8500 998.0000 -75.6000
v -8.0825 998.0000 -74.1322
v -8.7572 998.0000 -72.8080
v -9.8080 998.0000 -71.7572
v -11.1322 998.0000 -71.0825
v -12.6000 998.0000 -70.8500
v -14.0678 998.0000 -71.0825
v -15.3920 998.0000 -71.7572
v -16.4428 998.0000 -72.8080
v -17.1175 998.0000 -74.1322
v -17.3500 998.0000 -75.6000
v -17.1175 998.0000 -77.0678
v -16.4428 998.0000 -78.3920
v -15.3920 998.0000 -79.4428
v -14.0678 998.0000 -80.1175
v -12.6000 998.0000 -80.3500
v -11.1322 998.0000 -80.1175
v -9.8080 998.0000 -79.4428
v -8.7572 998.0000 -78.3920
v -8.0825 998.0000 -77.0678
v 17.3500 62.0000 -75.6000
v 17.1175 62.0000 -74.1322
v 16.4428 62.0000 -72.8080
v 15.3920 62.0000 -71.7572
v 14.0678 62.0000 -71.0825
v 12.6000 62.0000 -70.8500
v 11.1322 62.0000 -71.0825
v 9.8080 62.0000 -71.7572
v 8.7572 62.0000 -72.8080
v 8.0825 62.0000 -74.1322
v 7.8500 62.0000 -75.6000
v 8.0825 62.0000 -77.0678
v 8.7572 62.0000 -78.3920
v 9.8080 62.0000 -79.4428
v 11.1322 62.0000 -80.1175
v 12.6000 62.0000 -80.3500
v 14.0678 62.0000 -80.1175
v 15.3920 62.0000 -79.4428
v 16.4428 62.0000 -78.3920
v 17.1175 62.0000 -77.0678
v 17.3500 998.0000 -75.6000
v 17.1175 998.0000 -74.1322
v 16.4428 998.0000 -72.8080
v 15.3920 998.0000 -71.7572
v 14.0678 998.0000 -71.0825
v 12.6000 998.0000 -70.8500
v 11.1322 998.0000 -71.0825
v 9.8080 998.0000 -71.7572
v 8.7572 998.0000 -72.8080
v 8.0825 998.0000 -74.1322
v 7.8500 998.0000 -75.6000
v 8.0825 998.0000 -77.0678
v 8.7572 998.0000 -78.3920
v 9.8080 998.0000 -79.4428
v 11.1322 998.0000 -80.1175
v 12.6000 998.0000 -80.3500
v 14.0678 998.0000 -80.1175
v 15.3920 998.0000 -79.4428
v 16.4428 998.0000 -78.3920
v 17.1175 998.0000 -77.0678
v 17.3500 62.0000 -75.6000
v 17.1175 62.0000 -74.1322
v 16.4428 62.0000 -72.8080
v 15.3920 62.0000 -71.7572
v 14.0678 62.0000 -71.0825
v 12.6000 62.0000 -70.8500
v 11.1322 62.0000 -71.0825
v 9.8080 62.0000 -71.7572
v 8.7572 62.0000 -72.8080
v 8.0825 62.0000 -74.1322
v 7.8500 62.0000 -75.6000
v 8.0825 62.0000 -77.0678
v 8.7572 62.0000 -78.3920
v 9.8080 62.0000 -79.4428
v 11.1322 62.0000 -80.1175
v 12.6000 62.0000 -80.3500
v 14.0678 62.0000 -80.1175
v 15.3920 62.0000 -79.4428
v 16.4428 62.0000 -78.3920
v 17.1175 62.0000 -77.0678
v 17.3500 998.0000 -75.6000
v 17.1175 998.0000 -74.1322
v 16.4428 998.0000 -72.8080
v 15.3920 998.0000 -71.7572
v 14.0678 998.0000 -71.0825
v 12.6000 998.0000 -70.8500
v 11.1322 998.0000 -71.0825
v 9.8080 998.0000 -71.7572
v 8.7572 998.0000 -72.8080
v 8.0825 998.0000 -74.1322
v 7.8500 998.0000 -75.6000
v 8.0825 998.0000 -77.0678
v 8.7572 998.0000 -78.3920
v 9.8080 998.0000 -79.4428
v 11.1322 998.0000 -80.1175
v 12.6000 998.0000 -80.3500
v 14.0678 998.0000 -80.1175
v 15.3920 998.0000 -79.4428
v 16.4428 998.0000 -78.3920
v 17.1175 998.0000 -77.0678
v 29.9500 62.0000 -75.6000
v 29.7175 62.0000 -74.1322
v 29.0428 62.0000 -72.8080
v 27.9920 62.0000 -71.7572
v 26.6678 62.0000 -71.0825
v 25.2000 62.0000 -70.8500
v 23.7322 62.0000 -71.0825
v 22.4080 62.0000 -71.7572
v 21.3572 62.0000 -72.8080
v 20.6825 62.0000 -74.1322
v 20.4500 62.0000 -75.6000
v 20.6825 62.0000 -77.0678
v 21.3572 62.0000 -78.3920
v 22.4080 62.0000 -79.4428
v 23.7322 62.0000 -80.1175
v 25.2000 62.0000 -80.3500
v 26.6678 62.0000 -80.1175
v 27.9920 62.0000 -79.4428
v 29.0428 62.0000 -78.3920
v 29.7175 62.0000 -77.0678
v 29.9500 998.0000 -75.6000
v 29.7175 998.0000 -74.1322
v 29.0428 998.0000 -72.8080
v 27.9920 998.0000 -71.7572
v 26.6678 998.0000 -71.0825
v 25.2000 998.0000 -70.8500
v 23.7322 998.0000 -71.0825
v 22.4080 998.0000 -71.7572
v 21.3572 998.0000 -72.8080
v 20.6825 998.0000 -74.1322
v 20.4500 998.0000 -75.6000
v 20.6825 998.0000 -77.0678
v 21.3572 998.0000 -78.3920
v 22.4080 998.0000 -79.4428
v 23.7322 998.0000 -80.1175
v 25.2000 998.0000 -80.3500
v 26.6678 998.0000 -80.1175
v 27.9920 998.0000 -79.4428
v 29.0428 998.0000 -78.3920
v 29.7175 998.0000 -77.0678
v 29.9500 62.0000 -75.6000
v 29.7175 62.0000 -74.1322
v 29.0428 62.0000 -72.8080
v 27.9920 62.0000 -71.7572
v 26.6678 62.0000 -71.0825
v 25.2000 62.0000 -70.8500
v 23.7322 62.0000 -71.0825
v 22.4080 62.0000 -71.7572
v 21.3572 62.0000 -72.8080
v 20.6825 62.0000 -74.1322
v 20.4500 62.0000 -75.6000
v 20.6825 62.0000 -77.0678
v 21.3572 62.0000 -78.3920
v 22.4080 62.0000 -79.4428
v 23.7322 62.0000 -80.1175
v 25.2000 62.0000 -80.3500
v 26.6678 62.0000 -80.1175
v 27.9920 62.0000 -79.4428
v 29.0428 62.0000 -78.3920
v 29.7175 62.0000 -77.0678
v 29.9500 998.0000 -75.6000
v 29.7175 998.0000 -74.1322
v 29.0428 998.0000 -72.8080
v 27.9920 998.0000 -71.7572
v 26.6678 998.0000 -71.0825
v 25.2000 998.0000 -70.8500
v 23.7322 998.0000 -71.0825
v 22.4080 998.0000 -71.7572
v 21.3572 998.0000 -72.8080
v 20.6825 998.0000 -74.1322
v 20.4500 998.0000 -75.6000
v 20.6825 998.0000 -77.0678
v 21.3572 998.0000 -78.3920
v 22.4080 998.0000 -79.4428
v 23.7322 998.0000 -80.1175
v 25.2000 998.0000 -80.3500
v 26.6678 998.0000 -80.1175
v 27.9920 998.0000 -79.4428
v 29.0428 998.0000 -78.3920
v 29.7175 998.0000 -77.0678
v 55.1500 62.0000 -75.6000
v 54.9175 62.0000 -74.1322
v 54.2428 62.0000 -72.8080
v 53.1920 62.0000 -71.7572
v 51.8678 62.0000 -71.0825
v 50.4000 62.0000 -70.8500
v 48.9322 62.0000 -71.0825
v 47.6080 62.0000 -71.7572
v 46.5572 62.0000 -72.8080
v 45.8825 62.0000 -74.1322
v 45.6500 62.0000 -75.6000
v 45.8825 62.0000 -77.0678
v 46.5572 62.0000 -78.3920
v 47.6080 62.0000 -79.4428
v 48.9322 62.0000 -80.1175
v 50.4000 62.0000 -80.3500
v 51.8678 62.0000 -80.1175
v 53.1920 62.0000 -79.4428
v 54.2428 62.0000 -78.3920
v 54.9175 62.0000 -77.0678
v 55.1500 998.0000 -75.6000
v 54.9175 998.0000 -74.1322
v 54.2428 998.0000 -72.8080
v 53.1920 998.0000 -71.7572
v 51.8678 998.0000 -71.0825
v 50.4000 998.0000 -70.8500
v 48.9322 998.0000 -71.0825
v 47.6080 998.0000 -71.7572
v 46.5572 998.0000 -72.8080
v 45.8825 998.0000 -74.1322
v 45.6500 998.0000 -75.6000
v 45.8825 998.0000 -77.0678
v 46.5572 998.0000 -78.3920
v 47.6080 998.0000 -79.4428
v 48.9322 998.0000 -80.1175
v 50.4000 998.0000 -80.3500
v 51.8678 998.0000 -80.1175
v 53.1920 998.0000 -79.4428
v 54.2428 998.0000 -78.3920
v 54.9175 998.0000 -77.0678
v 55.1500 62.0000 -75.6000
v 54.9175 62.0000 -74.1322
v 54.2428 62.0000 -72.8080
v 53.1920 62.0000 -71.7572
v 51.8678 62.0000 -71.0825
v 50.4000 62.0000 -70.8500
v 48.9322 62.0000 -71.0825
v 47.6080 62.0000 -71.7572
v 46.5572 62.0000 -72.8080
v 45.8825 62.0000 -74.1322
v 45.6500 62.0000 -75.6000
v 45.8825 62.0000 -77.0678
v 46.5572 62.0000 -78.3920
v 47.6080 62.0000 -79.4428
v 48.9322 62.0000 -80.1175
v 50.4000 62.0000 -80.3500
v 51.8678 62.0000 -80.1175
v 53.1920 62.0000 -79.4428
v 54.2428 62.0000 -78.3920
v 54.9175 62.0000 -77.0678
v 55.1500 998.0000 -75.6000
v 54.9175 998.0000 -74.1322
v 54.2428 998.0000 -72.8080
v 53.1920 998.0000 -71.7572
v 51.8678 998.0000 -71.0825
v 50.4000 998.0000 -70.8500
v 48.9322 998.0000 -71.0825
v 47.6080 998.0000 -71.7572
v 46.5572 998.0000 -72.8080
v 45.8825 998.0000 -74.1322
v 45.6500 998.0000 -75.6000
v 45.8825 998.0000 -77.0678
v 46.5572 998.0000 -78.3920
v 47.6080 998.0000 -79.4428
v 48.9322 998.0000 -80.1175
v 50.4000 998.0000 -80.3500
v 51.8678 998.0000 -80.1175
v 53.1920 998.0000 -79.4428
v 54.2428 998.0000 -78.3920
v 54.9175 998.0000 -77.0678
v 67.7500 62.0000 -75.6000
v 67.5175 62.0000 -74.1322
v 66.8428 62.0000 -72.8080
v 65.7920 62.0000 -71.7572
v 64.4678 62.0000 -71.0825
v 63.0000 62.0000 -70.8500
v 61.5322 62.0000 -71.0825
v 60.2080 62.0000 -71.7572
v 59.1572 62.0000 -72.8080
v 58.4825 62.0000 -74.1322
v 58.2500 62.0000 -75.6000
v 58.4825 62.0000 -77.0678
v 59.1572 62.0000 -78.3920
v 60.2080 62.0000 -79.4428
v 61.5322 62.0000 -80.1175
v 63.0000 62.0000 -80.3500
v 64.4678 62.0000 -80.1175
v 65.7920 62.0000 -79.4428
v 66.8428 62.0000 -78.3920
v 67.5175 62.0000 -77.0678
v 67.7500 998.0000 -75.6000
v 67.5175 998.0000 -74.1322
v 66.8428 998.0000 -72.8080
v 65.7920 998.0000 -71.7572
v 64.4678 998.0000 -71.0825
v 63.0000 998.0000 -70.8500
v 61.5322 998.0000 -71.0825
v 60.2080 998.0000 -71.7572
v 59.1572 998.0000 -72.8080
v 58.4825 998.0000 -74.1322
v 58.2500 998.0000 -75.6000
v 58.4825 998.0000 -77.0678
v 59.1572 998.0000 -78.3920
v 60.2080 998.0000 -79.4428
v 61.5322 998.0000 -80.1175
v 63.0000 998.0000 -80.3500
v 64.4678 998.0000 -80.1175
v 65.7920 998.0000 -79.4428
v 66.8428 998.0000 -78.3920
v 67.5175 998.0000 -77.0678
v 67.7500 62.0000 -75.6000
v 67.5175 62.0000 -74.1322
v 66.8428 62.0000 -72.8080
v 65.7920 62.0000 -71.7572
v 64.4678 62.0000 -71.0825
v 63.0000 62.0000 -70.8500
v 61.5322 62.0000 -71.0825
v 60.2080 62.0000 -71.7572
v 59.1572 62.0000 -72.8080
v 58.4825 62.0000 -74.1322
v 58.2500 62.0000 -75.6000
v 58.4825 62.0000 -77.0678
v 59.1572 62.0000 -78.3920
v 60.2080 62.0000 -79.4428
v 61.5322 62.0000 -80.1175
v 63.0000 62.0000 -80.3500
v 64.4678 62.0000 -80.1175
v 65.7920 62.0000 -79.4428
v 66.8428 62.0000 -78.3920
v 67.5175 62.0000 -77.0678
v 67.7500 998.0000 -75.6000
v 67.5175 998.0000 -74.1322
v 66.8428 998.0000 -72.8080
v 65.7920 998.0000 -71.7572
v 64.4678 998.0000 -71.0825
v 63.0000 998.0000 -70.8500
v 61.5322 998.0000 -71.0825
v 60.2080 998.0000 -71.7572
v 59.1572 998.0000 -72.8080
v 58.4825 998.0000 -74.1322
v 58.2500 998.0000 -75.6000
v 58.4825 998.0000 -77.0678
v 59.1572 998.0000 -78.3920
v 60.2080 998.0000 -79.4428
v 61.5322 998.0000 -80.1175
v 63.0000 998.0000 -80.3500
v 64.4678 998.0000 -80.1175
v 65.7920 998.0000 -79.4428
v 66.8428 998.0000 -78.3920
v 67.5175 998.0000 -77.0678
v 80.3500 62.0000 -75.6000
v 80.1175 62.0000 -74.1322
v 79.4428 62.0000 -72.8080
v 78.3920 62.0000 -71.7572
v 77.0678 62.0000 -71.0825
v 75.6000 62.0000 -70.8500
v 74.1322 62.0000 -71.0825
v 72.8080 62.0000 -71.7572
v 71.7572 62.0000 -72.8080
v 71.0825 62.0000 -74.1322
v 70.8500 62.0000 -75.6000
v 71.0825 62.0000 -77.0678
v 71.7572 62.0000 -78.3920
v 72.8080 62.0000 -79.4428
v 74.1322 62.0000 -80.1175
v 75.6000 62.0000 -80.3500
v 77.0678 62.0000 -80.1175
v 78.3920 62.0000 -79.4428
v 79.4428 62.0000 -78.3920
v 80.1175 62.0000 -77.0678
v 80.3500 998.0000 -75.6000
v 80.1175 998.0000 -74.1322
v 79.4428 998.0000 -72.8080
v 78.3920 998.0000 -71.7572
v 77.0678 998.0000 -71.0825
v 75.6000 998.0000 -70.8500
v 74.1322 998.0000 -71.0825
v 72.8080 998.0000 -71.7572
v 71.7572 998.0000 -72.8080
v 71.0825 998.0000 -74.1322
v 70.8500 998.0000 -75.6000
v 71.0825 998.0000 -77.0678
v 71.7572 998.0000 -78.3920
v 72.8080 998.0000 -79.4428
v 74.1322 998.0000 -80.1175
v 75.6000 998.0000 -80.3500
v 77.0678 998.0000 -80.1175
v 78.3920 998.0000 -79.4428
v 79.4428 998.0000 -78.3920
v 80.1175 998.0000 -77.0678
v 80.3500 62.0000 -75.6000
v 80.1175 62.0000 -74.1322
v 79.4428 62.0000 -72.8080
v 78.3920 62.0000 -71.7572
v 77.0678 62.0000 -71.0825
v 75.6000 62.0000 -70.8500
v 74.1322 62.0000 -71.0825
v 72.8080 62.0000 -71.7572
v 71.7572 62.0000 -72.8080
v 71.0825 62.0000 -74.1322
v 70.8500 62.0000 -75.6000
v 71.0825 62.0000 -77.0678
v 71.7572 62.0000 -78.3920
v 72.8080 62.0000 -79.4428
v 74.1322 62.0000 -80.1175
v 75.6000 62.0000 -80.3500
v 77.0678 62.0000 -80.1175
v 78.3920 62.0000 -79.4428
v 79.4428 62.0000 -78.3920
v 80.1175 62.0000 -77.0678
v 80.3500 998.0000 -75.6000
v 80.1175 998.0000 -74.1322
v 79.4428 998.0000 -72.8080
v 78.3920 998.0000 -71.7572
v 77.0678 998.0000 -71.0825
v 75.6000 998.0000 -70.8500
v 74.1322 998.0000 -71.0825
v 72.8080 998.0000 -71.7572
v 71.7572 998.0000 -72.8080
v 71.0825 998.0000 -74.1322
v 70.8500 998.0000 -75.6000
v 71.0825 998.0000 -77.0678
v 71.7572 998.0000 -78.3920
v 72.8080 998.0000 -79.4428
v 74.1322 998.0000 -80.1175
v 75.6000 998.0000 -80.3500
v 77.0678 998.0000 -80.1175
v 78.3920 998.0000 -79.4428
v 79.4428 998.0000 -78.3920
v 80.1175 998.0000 -77.0678
v 92.9500 62.0000 -75.6000
v 92.7175 62.0000 -74.1322
v 92.0428 62.0000 -72.8080
v 90.9920 62.0000 -71.7572
v 89.6678 62.0000 -71.0825
v 88.2000 62.0000 -70.8500
v 86.7322 62.0000 -71.0825
v 85.4080 62.0000 -71.7572
v 84.3572 62.0000 -72.8080
v 83.6825 62.0000 -74.1322
v 83.4500 62.0000 -75.6000
v 83.6825 62.0000 -77.0678
v 84.3572 62.0000 -78.3920
v 85.4080 62.0000 -79.4428
v 86.7322 62.0000 -80.1175
v 88.2000 62.0000 -80.3500
v 89.6678 62.0000 -80.1175
v 90.9920 62.0000 -79.4428
v 92.0428 62.0000 -78.3920
v 92.7175 62.0000 -77.0678
v 92.9500 998.0000 -75.6000
v 92.7175 998.0000 -74.1322
v 92.0428 998.0000 -72.8080
v 90.9920 998.0000 -71.7572
v 89.6678 998.0000 -71.0825
v 88.2000 998.0000 -70.8500
v 86.7322 998.0000 -71.0825
v 85.4080 998.0000 -71.7572
v 84.3572 998.0000 -72.8080
v 83.6825 998.0000 -74.1322
v 83.4500 998.0000 -75.6000
v 83.6825 998.0000 -77.0678
v 84.3572 998.0000 -78.3920
v 85.4080 998.0000 -79.4428
v 86.7322 998.0000 -80.1175
v 88.2000 998.0000 -80.3500
v 89.6678 998.0000 -80.1175
v 90.9920 998.0000 -79.4428
v 92.0428 998.0000 -78.3920
v 92.7175 998.0000 -77.0678
v 92.9500 62.0000 -75.6000
v 92.7175 62.0000 -74.1322
v 92.0428 62.0000 -72.8080
v 90.9920 62.0000 -71.7572
v 89.6678 62.0000 -71.0825
v 88.2000 62.0000 -70.8500
v 86.7322 62.0000 -71.0825
v 85.4080 62.0000 -71.7572
v 84.3572 62.0000 -72.8080
v 83.6825 62.0000 -74.1322
v 83.4500 62.0000 -75.6000
v 83.6825 62.0000 -77.0678
v 84.3572 62.0000 -78.3920
v 85.4080 62.0000 -79.4428
v 86.7322 62.0000 -80.1175
v 88.2000 62.0000 -80.3500
v 89.6678 62.0000 -80.1175
v 90.9920 62.0000 -79.4428
v 92.0428 62.0000 -78.3920
v 92.7175 62.0000 -77.0678
v 92.9500 998.0000 -75.6000
v 92.7175 998.0000 -74.1322
v 92.0428 998.0000 -72.8080
v 90.9920 998.0000 -71.7572
v 89.6678 998.0000 -71.0825
v 88.2000 998.0000 -70.8500
v 86.7322 998.0000 -71.0825
v 85.4080 998.0000 -71.7572
v 84.3572 998.0000 -72.8080
v 83.6825 998.0000 -74.1322
v 83.4500 998.0000 -75.6000
v 83.6825 998.0000 -77.0678
v 84.3572 998.0000 -78.3920
v 85.4080 998.0000 -79.4428
v 86.7322 998.0000 -80.1175
v 88.2000 998.0000 -80.3500
v 89.6678 998.0000 -80.1175
v 90.9920 998.0000 -79.4428
v 92.0428 998.0000 -78.3920
v 92.7175 998.0000 -77.0678
v 105.5500 62.0000 -75.6000
v 105.3175 62.0000 -74.1322
v 104.6428 62.0000 -72.8080
v 103.5920 62.0000 -71.7572
v 102.2678 62.0000 -71.0825
v 100.8000 62.0000 -70.8500
v 99.3322 62.0000 -71.0825
v 98.0080 62.0000 -71.7572
v 96.9572 62.0000 -72.8080
v 96.2825 62.0000 -74.1322
v 96.0500 62.0000 -75.6000
v 96.2825 62.0000 -77.0678
v 96.9572 62.0000 -78.3920
v 98.0080 62.0000 -79.4428
v 99.3322 62.0000 -80.1175
v 100.8000 62.0000 -80.3500
v 102.2678 62.0000 -80.1175
v 103.5920 62.0000 -79.4428
v 104.6428 62.0000 -78.3920
v 105.3175 62.0000 -77.0678
v 105.5500 998.0000 -75.6000
v 105.3175 998.0000 -74.1322
v 104.6428 998.0000 -72.8080
v 103.5920 998.0000 -71.7572
v 102.2678 998.0000 -71.0825
v 100.8000 998.0000 -70.8500
v 99.3322 998.0000 -71.0825
v 98.0080 998.0000 -71.7572
v 96.9572 998.0000 -72.8080
v 96.2825 998.0000 -74.1322
v 96.0500 998.0000 -75.6000
v 96.2825 998.0000 -77.0678
v 96.9572 998.0000 -78.3920
v 98.0080 998.0000 -79.4428
v 99.3322 998.0000 -80.1175
v 100.8000 998.0000 -80.3500
v 102.2678 998.0000 -80.1175
v 103.5920 998.0000 -79.4428
v 104.6428 998.0000 -78.3920
v 105.3175 998.0000 -77.0678
v 105.5500 62.0000 -75.6000
v 105.3175 62.0000 -74.1322
v 104.6428 62.0000 -72.8080
v 103.5920 62.0000 -71.7572
v 102.2678 62.0000 -71.0825
v 100.8000 62.0000 -70.8500
v 99.3322 62.0000 -71.0825
v 98.0080 62.0000 -71.7572
v 96.9572 62.0000 -72.8080
v 96.2825 62.0000 -74.1322
v 96.0500 62.0000 -75.6000
v 96.2825 62.0000 -77.0678
v 96.9572 62.0000 -78.3920
v 98.0080 62.0000 -79.4428
v 99.3322 62.0000 -80.1175
v 100.8000 62.0000 -80.3500
v 102.2678 62.0000 -80.1175
v 103.5920 62.0000 -79.4428
v 104.6428 62.0000 -78.3920
v 105.3175 62.0000 -77.0678
v 105.5500 998.0000 -75.6000
v 105.3175 998.0000 -74.1322
v 104.6428 998.0000 -72.8080
v 103.5920 998.0000 -71.7572
v 102.2678 998.0000 -71.0825
v 100.8000 998.0000 -70.8500
v 99.3322 998.0000 -71.0825
v 98.0080 998.0000 -71.7572
v 96.9572 998.0000 -72.8080
v 96.2825 998.0000 -74.1322
v 96.0500 998.0000 -75.6000
v 96.2825 998.0000 -77.0678
v 96.9572 998.0000 -78.3920
v 98.0080 998.0000 -79.4428
v 99.3322 998.0000 -80.1175
v 100.8000 998.0000 -80.3500
v 102.2678 998.0000 -80.1175
v 103.5920 998.0000 -79.4428
v 104.6428 998.0000 -78.3920
v 105.3175 998.0000 -77.0678
v -96.0500 62.0000 -63.0000
v -96.2825 62.0000 -61.5322
v -96.9572 62.0000 -60.2080
v -98.0080 62.0000 -59.1572
v -99.3322 62.0000 -58.4825
v -100.8000 62.0000 -58.2500
v -102.2678 62.0000 -58.4825
v -103.5920 62.0000 -59.1572
v -104.6428 62.0000 -60.2080
v -105.3175 62.0000 -61.5322
v -105.5500 62.0000 -63.0000
v -105.3175 62.0000 -64.4678
v -104.6428 62.0000 -65.7920
v -103.5920 62.0000 -66.8428
v -102.2678 62.0000 -67.5175
v -100.8000 62.0000 -67.7500
v -99.3322 62.0000 -67.5175
v -98.0080 62.0000 -66.8428
v -96.9572 62.0000 -65.7920
v -96.2825 62.0000 -64.4678
v -96.0500 998.0000 -63.0000
v -96.2825 998.0000 -61.5322
v -96.9572 998.0000 -60.2080
v -98.0080 998.0000 -59.1572
v -99.3322 998.0000 -58.4825
v -100.8000 998.0000 -58.2500
v -102.2678 998.0000 -58.4825
v -103.5920 998.0000 -59.1572
v -104.6428 998.0000 -60.2080
v -105.3175 998.0000 -61.5322
v -105.5500 998.0000 -63.0000
v -105.3175 998.0000 -64.4678
v -104.6428 998.0000 -65.7920
v -103.5920 998.0000 -66.8428
v -102.2678 998.0000 -67.5175
v -100.8000 998.0000 -67.7500
v -99.3322 998.0000 -67.5175
v -98.0080 998.0000 -66.8428
v -96.9572 998.0000 -65.7920
v -96.2825 998.0000 -64.4678
v -96.0500 62.0000 -63.0000
v -96.2825 62.0000 -61.5322
v -96.9572 62.0000 -60.2080
v -98.0080 62.0000 -59.1572
v -99.3322 62.0000 -58.4825
v -100.8000 62.0000 -58.2500
v -102.2678 62.0000 -58.4825
v -103.5920 62.0000 -59.1572
v -104.6428 62.0000 -60.2080
v -105.3175 62.0000 -61.5322
v -105.5500 62.0000 -63.0000
v -105.3175 62.0000 -64.4678
v -104.6428 62.0000 -65.7920
v -103.5920 62.0000 -66.8428
v -102.2678 62.0000 -67.5175
v -100.8000 62.0000 -67.7500
v -99.3322 62.0000 -67.5175
v -98.0080 62.0000 -66.8428
v -96.9572 62.0000 -65.7920
v -96.2825 62.0000 -64.4678
v -96.0500 998.0000 -63.0000
v -96.2825 998.0000 -61.5322
v -96.9572 998.0000 -60.2080
v -98.0080 998.0000 -59.1572
v -99.3322 998.0000 -58.4825
v -100.8000 998.0000 -58.2500
v -102.2678 998.0000 -58.4825
v -103.5920 998.0000 -59.1572
v -104.6428 998.0000 -60.2080
v -105.3175 998.0000 -61.5322
v -105.5500 998.0000 -63.0000
v -105.3175 998.0000 -64.4678
v -104.6428 998.0000 -65.7920
v -103.5920 998.0000 -66.8428
v -102.2678 998.0000 -67.5175
v -100.8000 998.0000 -67.7500
v -99.3322 998.0000 -67.5175
v -98.0080 998.0000 -66.8428
v -96.9572 998.0000 -65.7920
v -96.2825 998.0000 -64.4678
v -83.4500 62.0000 -63.0000
v -83.6825 62.0000 -61.5322
v -84.3572 62.0000 -60.2080
v -85.4080 62.0000 -59.1572
v -86.7322 62.0000 -58.4825
v -88.2000 62.0000 -58.2500
v -89.6678 62.0000 -58.4825
v -90.9920 62.0000 -59.1572
v -92.0428 62.0000 -60.2080
v -92.7175 62.0000 -61.5322
v -92.9500 62.0000 -63.0000
v -92.7175 62.0000 -64.4678
v -92.0428 62.0000 -65.7920
v -90.9920 62.0000 -66.8428
v -89.6678 62.0000 -67.5175
v -88.2000 62.0000 -67.7500
v -86.7322 62.0000 -67.5175
v -85.4080 62.0000 -66.8428
v -84.3572 62.0000 -65.7920
v -83.6825 62.0000 -64.4678
v -83.4500 998.0000 -63.0000
v -83.6825 998.0000 -61.5322
v -84.3572 998.0000 -60.2080
v -85.4080 998.0000 -59.1572
v -86.7322 998.0000 -58.4825
v -88.2000 998.0000 -58.2500
v -89.6678 998.0000 -58.4825
v -90.9920 998.0000 -59.1572
v -92.0428 998.0000 -60.2080
v -92.7175 998.0000 -61.5322
v -92.9500 998.0000 -63.0000
v -92.7175 998.0000 -64.4678
v -92.0428 998.0000 -65.7920
v -90.9920 998.0000 -66.8428
v -89.6678 998.0000 -67.5175
v -88.2000 998.0000 -67.7500
v -86.7322 998.0000 -67.5175
v -85.4080 998.0000 -66.8428
v -84.3572 998.0000 -65.7920
v -83.6825 998.0000 -64.4678
v -83.4500 62.0000 -63.0000
v -83.6825 62.0000 -61.5322
v -84.3572 62.0000 -60.2080
v -85.4080 62.0000 -59.1572
v -86.7322 62.0000 -58.4825
v -88.2000 62.0000 -58.2500
v -89.6678 62.0000 -58.4825
v -90.9920 62.0000 -59.1572
v -92.0428 62.0000 -60.2080
v -92.7175 62.0000 -61.5322
v -92.9500 62.0000 -63.0000
v -92.7175 62.0000 -64.4678
v -92.0428 62.0000 -65.7920
v -90.9920 62.0000 -66.8428
v -89.6678 62.0000 -67.5175
v -88.2000 62.0000 -67.7500
v -86.7322 62.0000 -67.5175
v -85.4080 62.0000 -66.8428
v -84.3572 62.0000 -65.7920
v -83.6825 62.0000 -64.4678
v -83.4500 998.0000 -63.0000
v -83.6825 998.0000 -61.5322
v -84.3572 998.0000 -60.2080
v -85.4080 998.0000 -59.1572
v -86.7322 998.0000 -58.4825
v -88.2000 998.0000 -58.2500
v -89.6678 998.0000 -58.4825
v -90.9920 998.0000 -59.1572
v -92.0428 998.0000 -60.2080
v -92.7175 998.0000 -61.5322
v -92.9500 998.0000 -63.0000
v -92.7175 998.0000 -64.4678
v -92.0428 998.0000 -65.7920
v -90.9920 998.0000 -66.8428
v -89.6678 998.0000 -67.5175
v -88.2000 998.0000 -67.7500
v -86.7322 998.0000 -67.5175
v -85.4080 998.0000 -66.8428
v -84.3572 998.0000 -65.7920
v -83.6825 998.0000 -64.4678
v -70.8500 62.0000 -63.0000
v -71.0825 62.0000 -61.5322
v -71.7572 62.0000 -60.2080
v -72.8080 62.0000 -59.1572
v -74.1322 62.0000 -58.4825
v -75.6000 62.0000 -58.2500
v -77.0678 62.0000 -58.4825
v -78.3920 62.0000 -59.1572
v -79.4428 62.0000 -60.2080
v -80.1175 62.0000 -61.5322
v -80.3500 62.0000 -63.0000
v -80.1175 62.0000 -64.4678
v -79.4428 62.0000 -65.7920
v -78.3920 62.0000 -66.8428
v -77.0678 62.0000 -67.5175
v -75.6000 62.0000 -67.7500
v -74.1322 62.0000 -67.5175
v -72.8080 62.0000 -66.8428
v -71.7572 62.0000 -65.7920
v -71.0825 62.0000 -64.4678
v -70.8500 998.0000 -63.0000
v -71.0825 998.0000 -61.5322
v -71.7572 998.0000 -60.2080
v -72.8080 998.0000 -59.1572
v -74.1322 998.0000 -58.4825
v -75.6000 998.0000 -58.2500
v -77.0678 998.0000 -58.4825
v -78.3920 998.0000 -59.1572
v -79.4428 998.0000 -60.2080
v -80.1175 998.0000 -61.5322
v -80.3500 998.0000 -63.0000
v -80.1175 998.0000 -64.4678
v -79.4428 998.0000 -65.7920
v -78.3920 998.0000 -66.8428
v -77.0678 998.0000 -67.5175
v -75.6000 998.0000 -67.7500
v -74.1322 998.0000 -67.5175
v -72.8080 998.0000 -66.8428
v -71.7572 998.0000 -65.7920
v -71.0825 998.0000 -64.4678
v -70.8500 62.0000 -63.0000
v -71.0825 62.0000 -61.5322
v -71.7572 62.0000 -60.2080
v -72.8080 62.0000 -59.1572
v -74.1322 62.0000 -58.4825
v -75.6000 62.0000 -58.2500
v -77.0678 62.0000 -58.4825
v -78.3920 62.0000 -59.1572
v -79.4428 62.0000 -60.2080
v -80.1175 62.0000 -61.5322
v -80.3500 62.0000 -63.0000
v -80.1175 62.0000 -64.4678
v -79.4428 62.0000 -65.7920
v -78.3920 62.0000 -66.8428
v -77.0678 62.0000 -67.5175
v -75.6000 62.0000 -67.7500
v -74.1322 62.0000 -67.5175
v -72.8080 62.0000 -66.8428
v -71.7572 62.0000 -65.7920
v -71.0825 62.0000 -64.4678
v -70.8500 998.0000 -63.0000
v -71.0825 998.0000 -61.5322
v -71.7572 998.0000 -60.2080
v -72.8080 998.0000 -59.1572
v -74.1322 998.0000 -58.4825
v -75.6000 998.0000 -58.2500
v -77.0678 998.0000 -58.4825
v -78.3920 998.0000 -59.1572
v -79.4428 998.0000 -60.2080
v -80.1175 998.0000 -61.5322
v -80.3500 998.0000 -63.0000
v -80.1175 998.0000 -64.4678
v -79.4428 998.0000 -65.7920
v -78.3920 998.0000 -66.8428
v -77.0678 998.0000 -67.5175
v -75.6000 998.0000 -67.7500
v -74.1322 998.0000 -67.5175
v -72.8080 998.0000 -66.8428
v -71.7572 998.0000 -65.7920
v -71.0825 998.0000 -64.4678
v -45.6500 62.0000 -63.0000
v -45.8825 62.0000 -61.5322
v -46.5572 62.0000 -60.2080
v -47.6080 62.0000 -59.1572
v -48.9322 62.0000 -58.4825
v -50.4000 62.0000 -58.2500
v -51.8678 62.0000 -58.4825
v -53.1920 62.0000 -59.1572
v -54.2428 62.0000 -60.2080
v -54.9175 62.0000 -61.5322
v -55.1500 62.0000 -63.0000
v -54.9175 62.0000 -64.4678
v -54.2428 62.0000 -65.7920
v -53.1920 62.0000 -66.8428
v -51.8678 62.0000 -67.5175
v -50.4000 62.0000 -67.7500
v -48.9322 62.0000 -67.5175
v -47.6080 62.0000 -66.8428
v -46.5572 62.0000 -65.7920
v -45.8825 62.0000 -64.4678
v -45.6500 998.0000 -63.0000
v -45.8825 998.0000 -61.5322
v -46.5572 998.0000 -60.2080
v -47.6080 998.0000 -59.1572
v -48.9322 998.0000 -58.4825
v -50.4000 998.0000 -58.2500
v -51.8678 998.0000 -58.4825
v -53.1920 998.0000 -59.1572
v -54.2428 998.0000 -60.2080
v -54.9175 998.0000 -61.5322
v -55.1500 998.0000 -63.0000
v -54.9175 998.0000 -64.4678
v -54.2428 998.0000 -65.7920
v -53.1920 998.0000 -66.8428
v -51.8678 998.0000 -67.5175
v -50.4000 998.0000 -67.7500
v -48.9322 998.0000 -67.5175
v -47.6080 998.0000 -66.8428
v -46.5572 998.0000 -65.7920
v -45.8825 998.0000 -64.4678
v -45.6500 62.0000 -63.0000
v -45.8825 62.0000 -61.5322
v -46.5572 62.0000 -60.2080
v -47.6080 62.0000 -59.1572
v -48.9322 62.0000 -58.4825
v -50.4000 62.0000 -58.2500
v -51.8678 62.0000 -58.4825
v -53.1920 62.0000 -59.1572
v -54.2428 62.0000 -60.2080
v -54.9175 62.0000 -61.5322
v -55.1500 62.0000 -63.0000
v -54.9175 62.0000 -64.4678
v -54.2428 62.0000 -65.7920
v -53.1920 62.0000 -66.8428
v -51.8678 62.0000 -67.5175
v -50.4000 62.0000 -67.7500
v -48.9322 62.0000 -67.5175
v -47.6080 62.0000 -66.8428
v -46.5572 62.0000 -65.7920
v -45.8825 62.0000 -64.4678
v -45.6500 998.0000 -63.0000
v -45.8825 998.0000 -61.5322
v -46.5572 998.0000 -60.2080
v -47.6080 998.0000 -59.1572
v -48.9322 998.0000 -58.4825
v -50.4000 998.0000 -58.2500
v -51.8678 998.0000 -58.4825
v -53.1920 998.0000 -59.1572
v -54.2428 998.0000 -60.2080
v -54.9175 998.0000 -61.5322
v -55.1500 998.0000 -63.0000
v -54.9175 998.0000 -64.4678
v -54.2428 998.0000 -65.7920
v -53.1920 998.0000 -66.8428
v -51.8678 998.0000 -67.5175
v -50.4000 998.0000 -67.7500
v -48.9322 998.0000 -67.5175
v -47.6080 998.0000 -66.8428
v -46.5572 998.0000 -65.7920
v -45.8825 998.0000 -64.4678
v -33.0500 62.0000 -63.0000
v -33.2825 62.0000 -61.5322
v -33.9572 62.0000 -60.2080
v -35.0080 62.0000 -59.1572
v -36.3322 62.0000 -58.4825
v -37.8000 62.0000 -58.2500
v -39.2678 62.0000 -58.4825
v -40.5920 62.0000 -59.1572
v -41.6428 62.0000 -60.2080
v -42.3175 62.0000 -61.5322
v -42.5500 62.0000 -63.0000
v -42.3175 62.0000 -64.4678
v -41.6428 62.0000 -65.7920
v -40.5920 62.0000 -66.8428
v -39.2678 62.0000 -67.5175
v -37.8000 62.0000 -67.7500
v -36.3322 62.0000 -67.5175
v -35.0080 62.0000 -66.8428
v -33.9572 62.0000 -65.7920
v -33.2825 62.0000 -64.4678
v -33.0500 998.0000 -63.0000
v -33.2825 998.0000 -61.5322
v -33.9572 998.0000 -60.2080
v -35.0080 998.0000 -59.1572
v -36.3322 998.0000 -58.4825
v -37.8000 998.0000 -58.2500
v -39.2678 998.0000 -58.4825
v -40.5920 998.0000 -59.1572
v -41.6428 998.0000 -60.2080
v -42.3175 998.0000 -61.5322
v -42.5500 998.0000 -63.0000
v -42.3175 998.0000 -64.4678
v -41.6428 998.0000 -65.7920
v -40.5920 998.0000 -66.8428
v -39.2678 998.0000 -67.5175
v -37.8000 998.0000 -67.7500
v -36.3322 998.0000 -67.5175
v -35.0080 998.0000 -66.8428
v -33.9572 998.0000 -65.7920
v -33.2825 998.0000 -64.4678
v -33.0500 62.0000 -63.0000
v -33.2825 62.0000 -61.5322
v -33.9572 62.0000 -60.2080
v -35.0080 62.0000 -59.1572
v -36.3322 62.0000 -58.4825
v -37.8000 62.0000 -58.2500
v -39.2678 62.0000 -58.4825
v -40.5920 62.0000 -59.1572
v -41.6428 62.0000 -60.2080
v -42.3175 62.0000 -61.5322
v -42.5500 62.0000 -63.0000
v -42.3175 62.0000 -64.4678
v -41.6428 62.0000 -65.7920
v -40.5920 62.0000 -66.8428
v -39.2678 62.0000 -67.5175
v -37.8000 62.0000 -67.7500
v -36.3322 62.0000 -67.5175
v -35.0080 62.0000 -66.8428
v -33.9572 62.0000 -65.7920
v -33.2825 62.0000 -64.4678
v -33.0500 998.0000 -63.0000
v -33.2825 998.0000 -61.5322
v -33.9572 998.0000 -60.2080
v -35.0080 998.0000 -59.1572
v -36.3322 998.0000 -58.4825
v -37.8000 998.0000 -58.2500
v -39.2678 998.0000 -58.4825
v -40.5920 998.0000 -59.1572
v -41.6428 998.0000 -60.2080
v -42.3175 998.0000 -61.5322
v -42.5500 998.0000 -63.0000
v -42.3175 998.0000 -64.4678
v -41.6428 998.0000 -65.7920
v -40.5920 998.0000 -66.8428
v -39.2678 998.0000 -67.5175
v -37.8000 998.0000 -67.7500
v -36.3322 998.0000 -67.5175
v -35.0080 998.0000 -66.8428
v -33.9572 998.0000 -65.7920
v -33.2825 998.0000 -64.4678
v -20.4500 62.0000 -63.0000
v -20.6825 62.0000 -61.5322
v -21.3572 62.0000 -60.2080
v -22.4080 62.0000 -59.1572
v -23.7322 62.0000 -58.4825
v -25.2000 62.0000 -58.2500
v -26.6678 62.0000 -58.4825
v -27.9920 62.0000 -59.1572
v -29.0428 62.0000 -60.2080
v -29.7175 62.0000 -61.5322
v -29.9500 62.0000 -63.0000
v -29.7175 62.0000 -64.4678
v -29.0428 62.0000 -65.7920
v -27.9920 62.0000 -66.8428
v -26.6678 62.0000 -67.5175
v -25.2000 62.0000 -67.7500
v -23.7322 62.0000 -67.5175
v -22.4080 62.0000 -66.8428
v -21.3572 62.0000 -65.7920
v -20.6825 62.0000 -64.4678
v -20.4500 998.0000 -63.0000
v -20.6825 998.0000 -61.5322
v -21.3572 998.0000 -60.2080
v -22.4080 998.0000 -59.1572
v -23.7322 998.0000 -58.4825
v -25.2000 998.0000 -58.2500
v -26.6678 998.0000 -58.4825
v -27.9920 998.0000 -59.1572
v -29.0428 998.0000 -60.2080
v -29.7175 998.0000 -61.5322
v -29.9500 998.0000 -63.0000
v -29.7175 998.0000 -64.4678
v -29.0428 998.0000 -65.7920
v -27.9920 998.0000 -66.8428
v -26.6678 998.0000 -67.5175
v -25.2000 998.0000 -67.7500
v -23.7322 998.0000 -67.5175
v -22.4080 998.0000 -66.8428
v -21.3572 998.0000 -65.7920
v -20.6825 998.0000 -64.4678
v -20.4500 62.0000 -63.0000
v -20.6825 62.0000 -61.5322
v -21.3572 62.0000 -60.2080
v -22.4080 62.0000 -59.1572
v -23.7322 62.0000 -58.4825
v -25.2000 62.0000 -58.2500
v -26.6678 62.0000 -58.4825
v -27.9920 62.0000 -59.1572
v -29.0428 62.0000 -60.2080
v -29.7175 62.0000 -61.5322
v -29.9500 62.0000 -63.0000
v -29.7175 62.0000 -64.4678
v -29.0428 62.0000 -65.7920
v -27.9920 62.0000 -66.8428
v -26.6678 62.0000 -67.5175
v -25.2000 62.0000 -67.7500
v -23.7322 62.0000 -67.5175
v -22.4080 62.0000 -66.8428
v -21.3572 62.0000 -65.7920
v -20.6825 62.0000 -64.4678
v -20.4500 998.0000 -63.0000
v -20.6825 998.0000 -61.5322
v -21.3572 998.0000 -60.2080
v -22.4080 998.0000 -59.1572
v -23.7322 998.0000 -58.4825
v -25.2000 998.0000 -58.2500
v -26.6678 998.0000 -58.4825
v -27.9920 998.0000 -59.1572
v -29.0428 998.0000 -60.2080
v -29.7175 998.0000 -61.5322
v -29.9500 998.0000 -63.0000
v -29.7175 998.0000 -64.4678
v -29.0428 998.0000 -65.7920
v -27.9920 998.0000 -66.8428
v -26.6678 998.0000 -67.5175
v -25.2000 998.0000 -67.7500
v -23.7322 998.0000 -67.5175
v -22.4080 998.0000 -66.8428
v -21.3572 998.0000 -65.7920
v -20.6825 998.0000 -64.4678
v -7.8500 62.0000 -63.0000
v -8.0825 62.0000 -61.5322
v -8.7572 62.0000 -60.2080
v -9.8080 62.0000 -59.1572
v -11.1322 62.0000 -58.4825
v -12.6000 62.0000 -58.2500
v -14.0678 62.0000 -58.4825
v -15.3920 62.0000 -59.1572
v -16.4428 62.0000 -60.2080
v -17.1175 62.0000 -61.5322
v -17.3500 62.0000 -63.0000
v -17.1175 62.0000 -64.4678
v -16.4428 62.0000 -65.7920
v -15.3920 62.0000 -66.8428
v -14.0678 62.0000 -67.5175
v -12.6000 62.0000 -67.7500
v -11.1322 62.0000 -67.5175
v -9.8080 62.0000 -66.8428
v -8.7572 62.0000 -65.7920
v -8.0825 62.0000 -64.4678
v -7.8500 998.0000 -63.0000
v -8.0825 998.0000 -61.5322
v -8.7572 998.0000 -60.2080
v -9.8080 998.0000 -59.1572
v -11.1322 998.0000 -58.4825
v -12.6000 998.0000 -58.2500
v -14.0678 998.0000 -58.4825
v -15.3920 998.0000 -59.1572
v -16.4428 998.0000 -60.2080
v -17.1175 998.0000 -61.5322
v -17.3500 998.0000 -63.0000
v -17.1175 998.0000 -64.4678
v -16.4428 998.0000 -65.7920
v -15.3920 998.0000 -66.8428
v -14.0678 998.0000 -67.5175
v -12.6000 998.0000 -67.7500
v -11.1322 998.0000 -67.5175
v -9.8080 998.0000 -66.8428
v -8.7572 998.0000 -65.7920
v -8.0825 998.0000 -64.4678
v -7.8500 62.0000 -63.0000
v -8.0825 62.0000 -61.5322
v -8.7572 62.0000 -60.2080
v -9.8080 62.0000 -59.1572
v -11.1322 62.0000 -58.4825
v -12.6000 62.0000 -58.2500
v -14.0678 62.0000 -58.4825
v -15.3920 62.0000 -59.1572
v -16.4428 62.0000 -60.2080
v -17.1175 62.0000 -61.5322
v -17.3500 62.0000 -63.0000
v -17.1175 62.0000 -64.4678
v -16.4428 62.0000 -65.7920
v -15.3920 62.0000 -66.8428
v -14.0678 62.0000 -67.5175
v -12.6000 62.0000 -67.7500
v -11.1322 62.0000 -67.5175
v -9.8080 62.0000 -66.8428
v -8.7572 62.0000 -65.7920
v -8.0825 62.0000 -64.4678
v -7.8500 998.0000 -63.0000
v -8.0825 998.0000 -61.5322
v -8.7572 998.0000 -60.2080
v -9.8080 998.0000 -59.1572
v -11.1322 998.0000 -58.4825
v -12.6000 998.0000 -58.2500
v -14.0678 998.0000 -58.4825
v -15.3920 998.0000 -59.1572
v -16.4428 998.0000 -60.2080
v -17.1175 998.0000 -61.5322
v -17.3500 998.0000 -63.0000
v -17.1175 998.0000 -64.4678
v -16.4428 998.0000 -65.7920
v -15.3920 998.0000 -66.8428
v -14.0678 998.0000 -67.5175
v -12.6000 998.0000 -67.7500
v -11.1322 998.0000 -67.5175
v -9.8080 998.0000 -66.8428
v -8.7572 998.0000 -65.7920
v -8.0825 998.0000 -64.4678
v 4.7500 62.0000 -63.0000
v 4.5175 62.0000 -61.5322
v 3.8428 62.0000 -60.2080
v 2.7920 62.0000 -59.1572
v 1.4678 62.0000 -58.4825
v 0.0000 62.0000 -58.2500
v -1.4678 62.0000 -58.4825
v -2.7920 62.0000 -59.1572
v -3.8428 62.0000 -60.2080
v -4.5175 62.0000 -61.5322
v -4.7500 62.0000 -63.0000
v -4.5175 62.0000 -64.4678
v -3.8428 62.0000 -65.7920
v -2.7920 62.0000 -66.8428
v -1.4678 62.0000 -67.5175
v -0.0000 62.0000 -67.7500
v 1.4678 62.0000 -67.5175
v 2.7920 62.0000 -66.8428
v 3.8428 62.0000 -65.7920
v 4.5175 62.0000 -64.4678
v 4.7500 998.0000 -63.0000
v 4.5175 998.0000 -61.5322
v 3.8428 998.0000 -60.2080
v 2.7920 998.0000 -59.1572
v 1.4678 998.0000 -58.4825
v 0.0000 998.0000 -58.2500
v -1.4678 998.0000 -58.4825
v -2.7920 998.0000 -59.1572
v -3.8428 998.0000 -60.2080
v -4.5175 998.0000 -61.5322
v -4.7500 998.0000 -63.0000
v -4.5175 998.0000 -64.4678
v -3.8428 998.0000 -65.7920
v -2.7920 998.0000 -66.8428
v -1.4678 998.0000 -67.5175
v -0.0000 998.0000 -67.7500
v 1.4678 998.0000 -67.5175
v 2.7920 998.0000 -66.8428
v 3.8428 998.0000 -65.7920
v 4.5175 998.0000 -64.4678
v 4.7500 62.0000 -63.0000
v 4.5175 62.0000 -61.5322
v 3.8428 62.0000 -60.2080
v 2.7920 62.0000 -59.1572
v 1.4678 62.0000 -58.4825
v 0.0000 62.0000 -58.2500
v -1.4678 62.0000 -58.4825
v -2.7920 62.0000 -59.1572
v -3.8428 62.0000 -60.2080
v -4.5175 62.0000 -61.5322
v -4.7500 62.0000 -63.0000
v -4.5175 62.0000 -64.4678
v -3.8428 62.0000 -65.7920
v -2.7920 62.0000 -66.8428
v -1.4678 62.0000 -67.5175
v -0.0000 62.0000 -67.7500
v 1.4678 62.0000 -67.5175
v 2.7920 62.0000 -66.8428
v 3.8428 62.0000 -65.7920
v 4.5175 62.0000 -64.4678
v 4.7500 998.0000 -63.0000
v 4.5175 998.0000 -61.5322
v 3.8428 998.0000 -60.2080
v 2.7920 998.0000 -59.1572
v 1.4678 998.0000 -58.4825
v 0.0000 998.0000 -58.2500
v -1.4678 998.0000 -58.4825
v -2.7920 998.0000 -59.1572
v -3.8428 998.0000 -60.2080
v -4.5175 998.0000 -61.5322
v -4.7500 998.0000 -63.0000
v -4.5175 998.0000 -64.4678
v -3.8428 998.0000 -65.7920
v -2.7920 998.0000 -66.8428
v -1.4678 998.0000 -67.5175
v -0.0000 998.0000 -67.7500
v 1.4678 998.0000 -67.5175
v 2.7920 998.0000 -66.8428
v 3.8428 998.0000 -65.7920
v 4.5175 998.0000 -64.4678
v 17.3500 62.0000 -63.0000
v 17.1175 62.0000 -61.5322
v 16.4428 62.0000 -60.2080
v 15.3920 62.0000 -59.1572
v 14.0678 62.0000 -58.4825
v 12.6000 62.0000 -58.2500
v 11.1322 62.0000 -58.4825
v 9.8080 62.0000 -59.1572
v 8.7572 62.0000 -60.2080
v 8.0825 62.0000 -61.5322
v 7.8500 62.0000 -63.0000
v 8.0825 62.0000 -64.4678
v 8.7572 62.0000 -65.7920
v 9.8080 62.0000 -66.8428
v 11.1322 62.0000 -67.5175
v 12.6000 62.0000 -67.7500
v 14.0678 62.0000 -67.5175
v 15.3920 62.0000 -66.8428
v 16.4428 62.0000 -65.7920
v 17.1175 62.0000 -64.4678
v 17.3500 998.0000 -63.0000
v 17.1175 998.0000 -61.5322
v 16.4428 998.0000 -60.2080
v 15.3920 998.0000 -59.1572
v 14.0678 998.0000 -58.4825
v 12.6000 998.0000 -58.2500
v 11.1322 998.0000 -58.4825
v 9.8080 998.0000 -59.1572
v 8.7572 998.0000 -60.2080
v 8.0825 998.0000 -61.5322
v 7.8500 998.0000 -63.0000
v 8.0825 998.0000 -64.4678
v 8.7572 998.0000 -65.7920
v 9.8080 998.0000 -66.8428
v 11.1322 998.0000 -67.5175
v 12.6000 998.0000 -67.7500
v 14.0678 998.0000 -67.5175
v 15.3920 998.0000 -66.8428
v 16.4428 998.0000 -65.7920
v 17.1175 998.0000 -64.4678
v 17.3500 62.0000 -63.0000
v 17.1175 62.0000 -61.5322
v 16.4428 62.0000 -60.2080
v 15.3920 62.0000 -59.1572
v 14.0678 62.0000 -58.4825
v 12.6000 62.0000 -58.2500
v 11.1322 62.0000 -58.4825
v 9.8080 62.0000 -59.1572
v 8.7572 62.0000 -60.2080
v 8.0825 62.0000 -61.5322
v 7.8500 62.0000 -63.0000
v 8.0825 62.0000 -64.4678
v 8.7572 62.0000 -65.7920
v 9.8080 62.0000 -66.8428
v 11.1322 62.0000 -67.5175
v 12.6000 62.0000 -67.7500
v 14.0678 62.0000 -67.5175
v 15.3920 62.0000 -66.8428
v 16.4428 62.0000 -65.7920
v 17.1175 62.0000 -64.4678
v 17.3500 998.0000 -63.0000
v 17.1175 998.0000 -61.5322
v 16.4428 998.0000 -60.2080
v 15.3920 998.0000 -59.1572
v 14.0678 998.0000 -58.4825
v 12.6000 998.0000 -58.2500
v 11.1322 998.0000 -58.4825
v 9.8080 998.0000 -59.1572
v 8.7572 998.0000 -60.2080
v 8.0825 998.0000 -61.5322
v 7.8500 998.0000 -63.0000
v 8.0825 998.0000 -64.4678
v 8.7572 998.0000 -65.7920
v 9.8080 998.0000 -66.8428
v 11.1322 998.0000 -67.5175
v 12.6000 998.0000 -67.7500
v 14.0678 998.0000 -67.5175
v 15.3920 998.0000 -66.8428
v 16.4428 998.0000 -65.7920
v 17.1175 998.0000 -64.4678
v 29.9500 62.0000 -63.0000
v 29.7175 62.0000 -61.5322
v 29.0428 62.0000 -60.2080
v 27.9920 62.0000 -59.1572
v 26.6678 62.0000 -58.4825
v 25.2000 62.0000 -58.2500
v 23.7322 62.0000 -58.4825
v 22.4080 62.0000 -59.1572
v 21.3572 62.0000 -60.2080
v 20.6825 62.0000 -61.5322
v 20.4500 62.0000 -63.0000
v 20.6825 62.0000 -64.4678
v 21.3572 62.0000 -65.7920
v 22.4080 62.0000 -66.8428
v 23.7322 62.0000 -67.5175
v 25.2000 62.0000 -67.7500
v 26.6678 62.0000 -67.5175
v 27.9920 62.0000 -66.8428
v 29.0428 62.0000 -65.7920
v 29.7175 62.0000 -64.4678
v 29.9500 998.0000 -63.0000
v 29.7175 998.0000 -61.5322
v 29.0428 998.0000 -60.2080
v 27.9920 998.0000 -59.1572
v 26.6678 998.0000 -58.4825
v 25.2000 998.0000 -58.2500
v 23.7322 998.0000 -58.4825
v 22.4080 998.0000 -59.1572
v 21.3572 998.0000 -60.2080
v 20.6825 998.0000 -61.5322
v 20.4500 998.0000 -63.0000
v 20.6825 998.0000 -64.4678
v 21.3572 998.0000 -65.7920
v 22.4080 998.0000 -66.8428
v 23.7322 998.0000 -67.5175
v 25.2000 998.0000 -67.7500
v 26.6678 998.0000 -67.5175
v 27.9920 998.0000 -66.8428
v 29.0428 998.0000 -65.7920
v 29.7175 998.0000 -64.4678
v 29.9500 62.0000 -63.0000
v 29.7175 62.0000 -61.5322
v 29.0428 62.0000 -60.2080
v 27.9920 62.0000 -59.1572
v 26.6678 62.0000 -58.4825
v 25.2000 62.0000 -58.2500
v 23.7322 62.0000 -58.4825
v 22.4080 62.0000 -59.1572
v 21.3572 62.0000 -60.2080
v 20.6825 62.0000 -61.5322
v 20.4500 62.0000 -63.0000
v 20.6825 62.0000 -64.4678
v 21.3572 62.0000 -65.7920
v 22.4080 62.0000 -66.8428
v 23.7322 62.0000 -67.5175
v 25.2000 62.0000 -67.7500
v 26.6678 62.0000 -67.5175
v 27.9920 62.0000 -66.8428
v 29.0428 62.0000 -65.7920
v 29.7175 62.0000 -64.4678
v 29.9500 998.0000 -63.0000
v 29.7175 998.0000 -61.5322
v 29.0428 998.0000 -60.2080
v 27.9920 998.0000 -59.1572
v 26.6678 998.0000 -58.4825
v 25.2000 998.0000 -58.2500
v 23.7322 998.0000 -58.4825
v 22.4080 998.0000 -59.1572
v 21.3572 998.0000 -60.2080
v 20.6825 998.0000 -61.5322
v 20.4500 998.0000 -63.0000
v 20.6825 998.0000 -64.4678
v 21.3572 998.0000 -65.7920
v 22.4080 998.0000 -66.8428
v 23.7322 998.0000 -67.5175
v 25.2000 998.0000 -67.7500
v 26.6678 998.0000 -67.5175
v 27.9920 998.0000 -66.8428
v 29.0428 998.0000 -65.7920
v 29.7175 998.0000 -64.4678
v 42.5500 62.0000 -63.0000
v 42.3175 62.0000 -61.5322
v 41.6428 62.0000 -60.2080
v 40.5920 62.0000 -59.1572
v 39.2678 62.0000 -58.4825
v 37.8000 62.0000 -58.2500
v 36.3322 62.0000 -58.4825
v 35.0080 62.0000 -59.1572
v 33.9572 62.0000 -60.2080
v 33.2825 62.0000 -61.5322
v 33.0500 62.0000 -63.0000
v 33.2825 62.0000 -64.4678
v 33.9572 62.0000 -65.7920
v 35.0080 62.0000 -66.8428
v 36.3322 62.0000 -67.5175
v 37.8000 62.0000 -67.7500
v 39.2678 62.0000 -67.5175
v 40.5920 62.0000 -66.8428
v 41.6428 62.0000 -65.7920
v 42.3175 62.0000 -64.4678
v 42.5500 998.0000 -63.0000
v 42.3175 998.0000 -61.5322
v 41.6428 998.0000 -60.2080
v 40.5920 998.0000 -59.1572
v 39.2678 998.0000 -58.4825
v 37.8000 998.0000 -58.2500
v 36.3322 998.0000 -58.4825
v 35.0080 998.0000 -59.1572
v 33.9572 998.0000 -60.2080
v 33.2825 998.0000 -61.5322
v 33.0500 998.0000 -63.0000
v 33.2825 998.0000 -64.4678
v 33.9572 998.0000 -65.7920
v 35.0080 998.0000 -66.8428
v 36.3322 998.0000 -67.5175
v 37.8000 998.0000 -67.7500
v 39.2678 998.0000 -67.5175
v 40.5920 998.0000 -66.8428
v 41.6428 998.0000 -65.7920
v 42.3175 998.0000 -64.4678
v 42.5500 62.0000 -63.0000
v 42.3175 62.0000 -61.5322
v 41.6428 62.0000 -60.2080
v 40.5920 62.0000 -59.1572
v 39.2678 62.0000 -58.4825
v 37.8000 62.0000 -58.2500
v 36.3322 62.0000 -58.4825
v 35.0080 62.0000 -59.1572
v 33.9572 62.0000 -60.2080
v 33.2825 62.0000 -61.5322
v 33.0500 62.0000 -63.0000
v 33.2825 62.0000 -64.4678
v 33.9572 62.0000 -65.7920
v 35.0080 62.0000 -66.8428
v 36.3322 62.0000 -67.5175
v 37.8000 62.0000 -67.7500
v 39.2678 62.0000 -67.5175
v 40.5920 62.0000 -66.8428
v 41.6428 62.0000 -65.7920
v 42.3175 62.0000 -64.4678
v 42.5500 998.0000 -63.0000
v 42.3175 998.0000 -61.5322
v 41.6428 998.0000 -60.2080
v 40.5920 998.0000 -59.1572
v 39.2678 998.0000 -58.4825
v 37.8000 998.0000 -58.2500
v 36.3322 998.0000 -58.4825
v 35.0080 998.0000 -59.1572
v 33.9572 998.0000 -60.2080
v 33.2825 998.0000 -61.5322
v 33.0500 998.0000 -63.0000
v 33.2825 998.0000 -64.4678
v 33.9572 998.0000 -65.7920
v 35.0080 998.0000 -66.8428
v 36.3322 998.0000 -67.5175
v 37.8000 998.0000 -67.7500
v 39.2678 998.0000 -67.5175
v 40.5920 998.0000 -66.8428
v 41.6428 998.0000 -65.7920
v 42.3175 998.0000 -64.4678
v 55.1500 62.0000 -63.0000
v 54.9175 62.0000 -61.5322
v 54.2428 62.0000 -60.2080
v 53.1920 62.0000 -59.1572
v 51.8678 62.0000 -58.4825
v 50.4000 62.0000 -58.2500
v 48.9322 62.0000 -58.4825
v 47.6080 62.0000 -59.1572
v 46.5572 62.0000 -60.2080
v 45.8825 62.0000 -61.5322
v 45.6500 62.0000 -63.0000
v 45.8825 62.0000 -64.4678
v 46.5572 62.0000 -65.7920
v 47.6080 62.0000 -66.8428
v 48.9322 62.0000 -67.5175
v 50.4000 62.0000 -67.7500
v 51.8678 62.0000 -67.5175
v 53.1920 62.0000 -66.8428
v 54.2428 62.0000 -65.7920
v 54.9175 62.0000 -64.4678
v 55.1500 998.0000 -63.0000
v 54.9175 998.0000 -61.5322
v 54.2428 998.0000 -60.2080
v 53.1920 998.0000 -59.1572
v 51.8678 998.0000 -58.4825
v 50.4000 998.0000 -58.2500
v 48.9322 998.0000 -58.4825
v 47.6080 998.0000 -59.1572
v 46.5572 998.0000 -60.2080
v 45.8825 998.0000 -61.5322
v 45.6500 998.0000 -63.0000
v 45.8825 998.0000 -64.4678
v 46.5572 998.0000 -65.7920
v 47.6080 998.0000 -66.8428
v 48.9322 998.0000 -67.5175
v 50.4000 998.0000 -67.7500
v 51.8678 998.0000 -67.5175
v 53.1920 998.0000 -66.8428
v 54.2428 998.0000 -65.7920
v 54.9175 998.0000 -64.4678
v 55.1500 62.0000 -63.0000
v 54.9175 62.0000 -61.5322
v 54.2428 62.0000 -60.2080
v 53.1920 62.0000 -59.1572
v 51.8678 62.0000 -58.4825
v 50.4000 62.0000 -58.2500
v 48.9322 62.0000 -58.4825
v 47.6080 62.0000 -59.1572
v 46.5572 62.0000 -60.2080
v 45.8825 62.0000 -61.5322
v 45.6500 62.0000 -63.0000
v 45.8825 62.0000 -64.4678
v 46.5572 62.0000 -65.7920
v 47.6080 62.0000 -66.8428
v 48.9322 62.0000 -67.5175
v 50.4000 62.0000 -67.7500
v 51.8678 62.0000 -67.5175
v 53.1920 62.0000 -66.8428
v 54.2428 62.0000 -65.7920
v 54.9175 62.0000 -64.4678
v 55.1500 998.0000 -63.0000
v 54.9175 998.0000 -61.5322
v 54.2428 998.0000 -60.2080
v 53.1920 998.0000 -59.1572
v 51.8678 998.0000 -58.4825
v 50.4000 998.0000 -58.2500
v 48.9322 998.0000 -58.4825
v 47.6080 998.0000 -59.1572
v 46.5572 998.0000 -60.2080
v 45.8825 998.0000 -61.5322
v 45.6500 998.0000 -63.0000
v 45.8825 998.0000 -64.4678
v 46.5572 998.0000 -65.7920
v 47.6080 998.0000 -66.8428
v 48.9322 998.0000 -67.5175
v 50.4000 998.0000 -67.7500
v 51.8678 998.0000 -67.5175
v 53.1920 998.0000 -66.8428
v 54.2428 998.0000 -65.7920
v 54.9175 998.0000 -64.4678
v 80.3500 62.0000 -63.0000
v 80.1175 62.0000 -61.5322
v 79.4428 62.0000 -60.2080
v 78.3920 62.0000 -59.1572
v 77.0678 62.0000 -58.4825
v 75.6000 62.0000 -58.2500
v 74.1322 62.0000 -58.4825
v 72.8080 62.0000 -59.1572
v 71.7572 62.0000 -60.2080
v 71.0825 62.0000 -61.5322
v 70.8500 62.0000 -63.0000
v 71.0825 62.0000 -64.4678
v 71.7572 62.0000 -65.7920
v 72.8080 62.0000 -66.8428
v 74.1322 62.0000 -67.5175
v 75.6000 62.0000 -67.7500
v 77.0678 62.0000 -67.5175
v 78.3920 62.0000 -66.8428
v 79.4428 62.0000 -65.7920
v 80.1175 62.0000 -64.4678
v 80.3500 998.0000 -63.0000
v 80.1175 998.0000 -61.5322
v 79.4428 998.0000 -60.2080
v 78.3920 998.0000 -59.1572
v 77.0678 998.0000 -58.4825
v 75.6000 998.0000 -58.2500
v 74.1322 998.0000 -58.4825
v 72.8080 998.0000 -59.1572
v 71.7572 998.0000 -60.2080
v 71.0825 998.0000 -61.5322
v 70.8500 998.0000 -63.0000
v 71.0825 998.0000 -64.4678
v 71.7572 998.0000 -65.7920
v 72.8080 998.0000 -66.8428
v 74.1322 998.0000 -67.5175
v 75.6000 998.0000 -67.7500
v 77.0678 998.0000 -67.5175
v 78.3920 998.0000 -66.8428
v 79.4428 998.0000 -65.7920
v 80.1175 998.0000 -64.4678
v 80.3500 62.0000 -63.0000
v 80.1175 62.0000 -61.5322
v 79.4428 62.0000 -60.2080
v 78.3920 62.0000 -59.1572
v 77.0678 62.0000 -58.4825
v 75.6000 62.0000 -58.2500
v 74.1322 62.0000 -58.4825
v 72.8080 62.0000 -59.1572
v 71.7572 62.0000 -60.2080
v 71.0825 62.0000 -61.5322
v 70.8500 62.0000 -63.0000
v 71.0825 62.0000 -64.4678
v 71.7572 62.0000 -65.7920
v 72.8080 62.0000 -66.8428
v 74.1322 62.0000 -67.5175
v 75.6000 62.0000 -67.7500
v 77.0678 62.0000 -67.5175
v 78.3920 62.0000 -66.8428
v 79.4428 62.0000 -65.7920
v 80.1175 62.0000 -64.4678
v 80.3500 998.0000 -63.0000
v 80.1175 998.0000 -61.5322
v 79.4428 998.0000 -60.2080
v 78.3920 998.0000 -59.1572
v 77.0678 998.0000 -58.4825
v 75.6000 998.0000 -58.2500
v 74.1322 998.0000 -58.4825
v 72.8080 998.0000 -59.1572
v 71.7572 998.0000 -60.2080
v 71.0825 998.0000 -61.5322
v 70.8500 998.0000 -63.0000
v 71.0825 998.0000 -64.4678
v 71.7572 998.0000 -65.7920
v 72.8080 998.0000 -66.8428
v 74.1322 998.0000 -67.5175
v 75.6000 998.0000 -67.7500
v 77.0678 998.0000 -67.5175
v 78.3920 998.0000 -66.8428
v 79.4428 998.0000 -65.7920
v 80.1175 998.0000 -64.4678
v 92.9500 62.0000 -63.0000
v 92.7175 62.0000 -61.5322
v 92.0428 62.0000 -60.2080
v 90.9920 62.0000 -59.1572
v 89.6678 62.0000 -58.4825
v 88.2000 62.0000 -58.2500
v 86.7322 62.0000 -58.4825
v 85.4080 62.0000 -59.1572
v 84.3572 62.0000 -60.2080
v 83.6825 62.0000 -61.5322
v 83.4500 62.0000 -63.0000
v 83.6825 62.0000 -64.4678
v 84.3572 62.0000 -65.7920
v 85.4080 62.0000 -66.8428
v 86.7322 62.0000 -67.5175
v 88.2000 62.0000 -67.7500
v 89.6678 62.0000 -67.5175
v 90.9920 62.0000 -66.8428
v 92.0428 62.0000 -65.7920
v 92.7175 62.0000 -64.4678
v 92.9500 998.0000 -63.0000
v 92.7175 998.0000 -61.5322
v 92.0428 998.0000 -60.2080
v 90.9920 998.0000 -59.1572
v 89.6678 998.0000 -58.4825
v 88.2000 998.0000 -58.2500
v 86.7322 998.0000 -58.4825
v 85.4080 998.0000 -59.1572
v 84.3572 998.0000 -60.2080
v 83.6825 998.0000 -61.5322
v 83.4500 998.0000 -63.0000
v 83.6825 998.0000 -64.4678
v 84.3572 998.0000 -65.7920
v 85.4080 998.0000 -66.8428
v 86.7322 998.0000 -67.5175
v 88.2000 998.0000 -67.7500
v 89.6678 998.0000 -67.5175
v 90.9920 998.0000 -66.8428
v 92.0428 998.0000 -65.7920
v 92.7175 998.0000 -64.4678
v 92.9500 62.0000 -63.0000
v 92.7175 62.0000 -61.5322
v 92.0428 62.0000 -60.2080
v 90.9920 62.0000 -59.1572
v 89.6678 62.0000 -58.4825
v 88.2000 62.0000 -58.2500
v 86.7322 62.0000 -58.4825
v 85.4080 62.0000 -59.1572
v 84.3572 62.0000 -60.2080
v 83.6825 62.0000 -61.5322
v 83.4500 62.0000 -63.0000
v 83.6825 62.0000 -64.4678
v 84.3572 62.0000 -65.7920
v 85.4080 62.0000 -66.8428
v 86.7322 62.0000 -67.5175
v 88.2000 62.0000 -67.7500
v 89.6678 62.0000 -67.5175
v 90.9920 62.0000 -66.8428
v 92.0428 62.0000 -65.7920
v 92.7175 62.0000 -64.4678
v 92.9500 998.0000 -63.0000
v 92.7175 998.0000 -61.5322
v 92.0428 998.0000 -60.2080
v 90.9920 998.0000 -59.1572
v 89.6678 998.0000 -58.4825
v 88.2000 998.0000 -58.2500
v 86.7322 998.0000 -58.4825
v 85.4080 998.0000 -59.1572
v 84.3572 998.0000 -60.2080
v 83.6825 998.0000 -61.5322
v 83.4500 998.0000 -63.0000
v 83.6825 998.0000 -64.4678
v 84.3572 998.0000 -65.7920
v 85.4080 998.0000 -66.8428
v 86.7322 998.0000 -67.5175
v 88.2000 998.0000 -67.7500
v 89.6678 998.0000 -67.5175
v 90.9920 998.0000 -66.8428
v 92.0428 998.0000 -65.7920
v 92.7175 998.0000 -64.4678
v 105.5500 62.0000 -63.0000
v 105.3175 62.0000 -61.5322
v 104.6428 62.0000 -60.2080
v 103.5920 62.0000 -59.1572
v 102.2678 62.0000 -58.4825
v 100.8000 62.0000 -58.2500
v 99.3322 62.0000 -58.4825
v 98.0080 62.0000 -59.1572
v 96.9572 62.0000 -60.2080
v 96.2825 62.0000 -61.5322
v 96.0500 62.0000 -63.0000
v 96.2825 62.0000 -64.4678
v 96.9572 62.0000 -65.7920
v 98.0080 62.0000 -66.8428
v 99.3322 62.0000 -67.5175
v 100.8000 62.0000 -67.7500
v 102.2678 62.0000 -67.5175
v 103.5920 62.0000 -66.8428
v 104.6428 62.0000 -65.7920
v 105.3175 62.0000 -64.4678
v 105.5500 998.0000 -63.0000
v 105.3175 998.0000 -61.5322
v 104.6428 998.0000 -60.2080
v 103.5920 998.0000 -59.1572
v 102.2678 998.0000 -58.4825
v 100.8000 998.0000 -58.2500
v 99.3322 998.0000 -58.4825
v 98.0080 998.0000 -59.1572
v 96.9572 998.0000 -60.2080
v 96.2825 998.0000 -61.5322
v 96.0500 998.0000 -63.0000
v 96.2825 998.0000 -64.4678
v 96.9572 998.0000 -65.7920
v 98.0080 998.0000 -66.8428
v 99.3322 998.0000 -67.5175
v 100.8000 998.0000 -67.7500
v 102.2678 998.0000 -67.5175
v 103.5920 998.0000 -66.8428
v 104.6428 998.0000 -65.7920
v 105.3175 998.0000 -64.4678
v 105.5500 62.0000 -63.0000
v 105.3175 62.0000 -61.5322
v 104.6428 62.0000 -60.2080
v 103.5920 62.0000 -59.1572
v 102.2678 62.0000 -58.4825
v 100.8000 62.0000 -58.2500
v 99.3322 62.0000 -58.4825
v 98.0080 62.0000 -59.1572
v 96.9572 62.0000 -60.2080
v 96.2825 62.0000 -61.5322
v 96.0500 62.0000 -63.0000
v 96.2825 62.0000 -64.4678
v 96.9572 62.0000 -65.7920
v 98.0080 62.0000 -66.8428
v 99.3322 62.0000 -67.5175
v 100.8000 62.0000 -67.7500
v 102.2678 62.0000 -67.5175
v 103.5920 62.0000 -66.8428
v 104.6428 62.0000 -65.7920
v 105.3175 62.0000 -64.4678
v 105.5500 998.0000 -63.0000
v 105.3175 998.0000 -61.5322
v 104.6428 998.0000 -60.2080
v 103.5920 998.0000 -59.1572
v 102.2678 998.0000 -58.4825
v 100.8000 998.0000 -58.2500
v 99.3322 998.0000 -58.4825
v 98.0080 998.0000 -59.1572
v 96.9572 998.0000 -60.2080
v 96.2825 998.0000 -61.5322
v 96.0500 998.0000 -63.0000
v 96.2825 998.0000 -64.4678
v 96.9572 998.0000 -65.7920
v 98.0080 998.0000 -66.8428
v 99.3322 998.0000 -67.5175
v 100.8000 998.0000 -67.7500
v 102.2678 998.0000 -67.5175
v 103.5920 998.0000 -66.8428
v 104.6428 998.0000 -65.7920
v 105.3175 998.0000 -64.4678
v -96.0500 62.0000 -50.4000
v -96.2825 62.0000 -48.9322
v -96.9572 62.0000 -47.6080
v -98.0080 62.0000 -46.5572
v -99.3322 62.0000 -45.8825
v -100.8000 62.0000 -45.6500
v -102.2678 62.0000 -45.8825
v -103.5920 62.0000 -46.5572
v -104.6428 62.0000 -47.6080
v -105.3175 62.0000 -48.9322
v -105.5500 62.0000 -50.4000
v -105.3175 62.0000 -51.8678
v -104.6428 62.0000 -53.1920
v -103.5920 62.0000 -54.2428
v -102.2678 62.0000 -54.9175
v -100.8000 62.0000 -55.1500
v -99.3322 62.0000 -54.9175
v -98.0080 62.0000 -54.2428
v -96.9572 62.0000 -53.1920
v -96.2825 62.0000 -51.8678
v -96.0500 998.0000 -50.4000
v -96.2825 998.0000 -48.9322
v -96.9572 998.0000 -47.6080
v -98.0080 998.0000 -46.5572
v -99.3322 998.0000 -45.8825
v -100.8000 998.0000 -45.6500
v -102.2678 998.0000 -45.8825
v -103.5920 998.0000 -46.5572
v -104.6428 998.0000 -47.6080
v -105.3175 998.0000 -48.9322
v -105.5500 998.0000 -50.4000
v -105.3175 998.0000 -51.8678
v -104.6428 998.0000 -53.1920
v -103.5920 998.0000 -54.2428
v -102.2678 998.0000 -54.9175
v -100.8000 998.0000 -55.1500
v -99.3322 998.0000 -54.9175
v -98.0080 998.0000 -54.2428
v -96.9572 998.0000 -53.1920
v -96.2825 998.0000 -51.8678
v -96.0500 62.0000 -50.4000
v -96.2825 62.0000 -48.9322
v -96.9572 62.0000 -47.6080
v -98.0080 62.0000 -46.5572
v -99.3322 62.0000 -45.8825
v -100.8000 62.0000 -45.6500
v -102.2678 62.0000 -45.8825
v -103.5920 62.0000 -46.5572
v -104.6428 62.0000 -47.6080
v -105.3175 62.0000 -48.9322
v -105.5500 62.0000 -50.4000
v -105.3175 62.0000 -51.8678
v -104.6428 62.0000 -53.1920
v -103.5920 62.0000 -54.2428
v -102.2678 62.0000 -54.9175
v -100.8000 62.0000 -55.1500
v -99.3322 62.0000 -54.9175
v -98.0080 62.0000 -54.2428
v -96.9572 62.0000 -53.1920
v -96.2825 62.0000 -51.8678
v -96.0500 998.0000 -50.4000
v -96.2825 998.0000 -48.9322
v -96.9572 998.0000 -47.6080
v -98.0080 998.0000 -46.5572
v -99.3322 998.0000 -45.8825
v -100.8000 998.0000 -45.6500
v -102.2678 998.0000 -45.8825
v -103.5920 998.0000 -46.5572
v -104.6428 998.0000 -47.6080
v -105.3175 998.0000 -48.9322
v -105.5500 998.0000 -50.4000
v -105.3175 998.0000 -51.8678
v -104.6428 998.0000 -53.1920
v -103.5920 998.0000 -54.2428
v -102.2678 998.0000 -54.9175
v -100.8000 998.0000 -55.1500
v -99.3322 998.0000 -54.9175
v -98.0080 998.0000 -54.2428
v -96.9572 998.0000 -53.1920
v -96.2825 998.0000 -51.8678
v -83.4500 62.0000 -50.4000
v -83.6825 62.0000 -48.9322
v -84.3572 62.0000 -47.6080
v -85.4080 62.0000 -46.5572
v -86.7322 62.0000 -45.8825
v -88.2000 62.0000 -45.6500
v -89.6678 62.0000 -45.8825
v -90.9920 62.0000 -46.5572
v -92.0428 62.0000 -47.6080
v -92.7175 62.0000 -48.9322
v -92.9500 62.0000 -50.4000
v -92.7175 62.0000 -51.8678
v -92.0428 62.0000 -53.1920
v -90.9920 62.0000 -54.2428
v -89.6678 62.0000 -54.9175
v -88.2000 62.0000 -55.1500
v -86.7322 62.0000 -54.9175
v -85.4080 62.0000 -54.2428
v -84.3572 62.0000 -53.1920
v -83.6825 62.0000 -51.8678
v -83.4500 998.0000 -50.4000
v -83.6825 998.0000 -48.9322
v -84.3572 998.0000 -47.6080
v -85.4080 998.0000 -46.5572
v -86.7322 998.0000 -45.8825
v -88.2000 998.0000 -45.6500
v -89.6678 998.0000 -45.8825
v -90.9920 998.0000 -46.5572
v -92.0428 998.0000 -47.6080
v -92.7175 998.0000 -48.9322
v -92.9500 998.0000 -50.4000
v -92.7175 998.0000 -51.8678
v -92.0428 998.0000 -53.1920
v -90.9920 998.0000 -54.2428
v -89.6678 998.0000 -54.9175
v -88.2000 998.0000 -55.1500
v -86.7322 998.0000 -54.9175
v -85.4080 998.0000 -54.2428
v -84.3572 998.0000 -53.1920
v -83.6825 998.0000 -51.8678
v -83.4500 62.0000 -50.4000
v -83.6825 62.0000 -48.9322
v -84.3572 62.0000 -47.6080
v -85.4080 62.0000 -46.5572
v -86.7322 62.0000 -45.8825
v -88.2000 62.0000 -45.6500
v -89.6678 62.0000 -45.8825
v -90.9920 62.0000 -46.5572
v -92.0428 62.0000 -47.6080
v -92.7175 62.0000 -48.9322
v -92.9500 62.0000 -50.4000
v -92.7175 62.0000 -51.8678
v -92.0428 62.0000 -53.1920
v -90.9920 62.0000 -54.2428
v -89.6678 62.0000 -54.9175
v -88.2000 62.0000 -55.1500
v -86.7322 62.0000 -54.9175
v -85.4080 62.0000 -54.2428
v -84.3572 62.0000 -53.1920
v -83.6825 62.0000 -51.8678
v -83.4500 998.0000 -50.4000
v -83.6825 998.0000 -48.9322
v -84.3572 998.0000 -47.6080
v -85.4080 998.0000 -46.5572
v -86.7322 998.0000 -45.8825
v -88.2000 998.0000 -45.6500
v -89.6678 998.0000 -45.8825
v -90.9920 998.0000 -46.5572
v -92.0428 998.0000 -47.6080
v -92.7175 998.0000 -48.9322
v -92.9500 998.0000 -50.4000
v -92.7175 998.0000 -51.8678
v -92.0428 998.0000 -53.1920
v -90.9920 998.0000 -54.2428
v -89.6678 998.0000 -54.9175
v -88.2000 998.0000 -55.1500
v -86.7322 998.0000 -54.9175
v -85.4080 998.0000 -54.2428
v -84.3572 998.0000 -53.1920
v -83.6825 998.0000 -51.8678
v -70.8500 62.0000 -50.4000
v -71.0825 62.0000 -48.9322
v -71.7572 62.0000 -47.6080
v -72.8080 62.0000 -46.5572
v -74.1322 62.0000 -45.8825
v -75.6000 62.0000 -45.6500
v -77.0678 62.0000 -45.8825
v -78.3920 62.0000 -46.5572
v -79.4428 62.0000 -47.6080
v -80.1175 62.0000 -48.9322
v -80.3500 62.0000 -50.4000
v -80.1175 62.0000 -51.8678
v -79.4428 62.0000 -53.1920
v -78.3920 62.0000 -54.2428
v -77.0678 62.0000 -54.9175
v -75.6000 62.0000 -55.1500
v -74.1322 62.0000 -54.9175
v -72.8080 62.0000 -54.2428
v -71.7572 62.0000 -53.1920
v -71.0825 62.0000 -51.8678
v -70.8500 998.0000 -50.4000
v -71.0825 998.0000 -48.9322
v -71.7572 998.0000 -47.6080
v -72.8080 998.0000 -46.5572
v -74.1322 998.0000 -45.8825
v -75.6000 998.0000 -45.6500
v -77.0678 998.0000 -45.8825
v -78.3920 998.0000 -46.5572
v -79.4428 998.0000 -47.6080
v -80.1175 998.0000 -48.9322
v -80.3500 998.0000 -50.4000
v -80.1175 998.0000 -51.8678
v -79.4428 998.0000 -53.1920
v -78.3920 998.0000 -54.2428
v -77.0678 998.0000 -54.9175
v -75.6000 998.0000 -55.1500
v -74.1322 998.0000 -54.9175
v -72.8080 998.0000 -54.2428
v -71.7572 998.0000 -53.1920
v -71.0825 998.0000 -51.8678
v -70.8500 62.0000 -50.4000
v -71.0825 62.0000 -48.9322
v -71.7572 62.0000 -47.6080
v -72.8080 62.0000 -46.5572
v -74.1322 62.0000 -45.8825
v -75.6000 62.0000 -45.6500
v -77.0678 62.0000 -45.8825
v -78.3920 62.0000 -46.5572
v -79.4428 62.0000 -47.6080
v -80.1175 62.0000 -48.9322
v -80.3500 62.0000 -50.4000
v -80.1175 62.0000 -51.8678
v -79.4428 62.0000 -53.1920
v -78.3920 62.0000 -54.2428
v -77.0678 62.0000 -54.9175
v -75.6000 62.0000 -55.1500
v -74.1322 62.0000 -54.9175
v -72.8080 62.0000 -54.2428
v -71.7572 62.0000 -53.1920
v -71.0825 62.0000 -51.8678
v -70.8500 998.0000 -50.4000
v -71.0825 998.0000 -48.9322
v -71.7572 998.0000 -47.6080
v -72.8080 998.0000 -46.5572
v -74.1322 998.0000 -45.8825
v -75.6000 998.0000 -45.6500
v -77.0678 998.0000 -45.8825
v -78.3920 998.0000 -46.5572
v -79.4428 998.0000 -47.6080
v -80.1175 998.0000 -48.9322
v -80.3500 998.0000 -50.4000
v -80.1175 998.0000 -51.8678
v -79.4428 998.0000 -53.1920
v -78.3920 998.0000 -54.2428
v -77.0678 998.0000 -54.9175
v -75.6000 998.0000 -55.1500
v -74.1322 998.0000 -54.9175
v -72.8080 998.0000 -54.2428
v -71.7572 998.0000 -53.1920
v -71.0825 998.0000 -51.8678
v -58.2500 62.0000 -50.4000
v -58.4825 62.0000 -48.9322
v -59.1572 62.0000 -47.6080
v -60.2080 62.0000 -46.5572
v -61.5322 62.0000 -45.8825
v -63.0000 62.0000 -45.6500
v -64.4678 62.0000 -45.8825
v -65.7920 62.0000 -46.5572
v -66.8428 62.0000 -47.6080
v -67.5175 62.0000 -48.9322
v -67.7500 62.0000 -50.4000
v -67.5175 62.0000 -51.8678
v -66.8428 62.0000 -53.1920
v -65.7920 62.0000 -54.2428
v -64.4678 62.0000 -54.9175
v -63.0000 62.0000 -55.1500
v -61.5322 62.0000 -54.9175
v -60.2080 62.0000 -54.2428
v -59.1572 62.0000 -53.1920
v -58.4825 62.0000 -51.8678
v -58.2500 998.0000 -50.4000
v -58.4825 998.0000 -48.9322
v -59.1572 998.0000 -47.6080
v -60.2080 998.0000 -46.5572
v -61.5322 998.0000 -45.8825
v -63.0000 998.0000 -45.6500
v -64.4678 998.0000 -45.8825
v -65.7920 998.0000 -46.5572
v -66.8428 998.0000 -47.6080
v -67.5175 998.0000 -48.9322
v -67.7500 998.0000 -50.4000
v -67.5175 998.0000 -51.8678
v -66.8428 998.0000 -53.1920
v -65.7920 998.0000 -54.2428
v -64.4678 998.0000 -54.9175
v -63.0000 998.0000 -55.1500
v -61.5322 998.0000 -54.9175
v -60.2080 998.0000 -54.2428
v -59.1572 998.0000 -53.1920
v -58.4825 998.0000 -51.8678
v -58.2500 62.0000 -50.4000
v -58.4825 62.0000 -48.9322
v -59.1572 62.0000 -47.6080
v -60.2080 62.0000 -46.5572
v -61.5322 62.0000 -45.8825
v -63.0000 62.0000 -45.6500
v -64.4678 62.0000 -45.8825
v -65.7920 62.0000 -46.5572
v -66.8428 62.0000 -47.6080
v -67.5175 62.0000 -48.9322
v -67.7500 62.0000 -50.4000
v -67.5175 62.0000 -51.8678
v -66.8428 62.0000 -53.1920
v -65.7920 62.0000 -54.2428
v -64.4678 62.0000 -54.9175
v -63.0000 62.0000 -55.1500
v -61.5322 62.0000 -54.9175
v -60.2080 62.0000 -54.2428
v -59.1572 62.0000 -53.1920
v -58.4825 62.0000 -51.8678
v -58.2500 998.0000 -50.4000
v -58.4825 998.0000 -48.9322
v -59.1572 998.0000 -47.6080
v -60.2080 998.0000 -46.5572
v -61.5322 998.0000 -45.8825
v -63.0000 998.0000 -45.6500
v -64.4678 998.0000 -45.8825
v -65.7920 998.0000 -46.5572
v -66.8428 998.0000 -47.6080
v -67.5175 998.0000 -48.9322
v -67.7500 998.0000 -50.4000
v -67.5175 998.0000 -51.8678
v -66.8428 998.0000 -53.1920
v -65.7920 998.0000 -54.2428
v -64.4678 998.0000 -54.9175
v -63.0000 998.0000 -55.1500
v -61.5322 998.0000 -54.9175
v -60.2080 998.0000 -54.2428
v -59.1572 998.0000 -53.1920
v -58.4825 998.0000 -51.8678
v -45.6500 62.0000 -50.4000
v -45.8825 62.0000 -48.9322
v -46.5572 62.0000 -47.6080
v -47.6080 62.0000 -46.5572
v -48.9322 62.0000 -45.8825
v -50.4000 62.0000 -45.6500
v -51.8678 62.0000 -45.8825
v -53.1920 62.0000 -46.5572
v -54.2428 62.0000 -47.6080
v -54.9175 62.0000 -48.9322
v -55.1500 62.0000 -50.4000
v -54.9175 62.0000 -51.8678
v -54.2428 62.0000 -53.1920
v -53.1920 62.0000 -54.2428
v -51.8678 62.0000 -54.9175
v -50.4000 62.0000 -55.1500
v -48.9322 62.0000 -54.9175
v -47.6080 62.0000 -54.2428
v -46.5572 62.0000 -53.1920
v -45.8825 62.0000 -51.8678
v -45.6500 998.0000 -50.4000
v -45.8825 998.0000 -48.9322
v -46.5572 998.0000 -47.6080
v -47.6080 998.0000 -46.5572
v -48.9322 998.0000 -45.8825
v -50.4000 998.0000 -45.6500
v -51.8678 998.0000 -45.8825
v -53.1920 998.0000 -46.5572
v -54.2428 998.0000 -47.6080
v -54.9175 998.0000 -48.9322
v -55.1500 998.0000 -50.4000
v -54.9175 998.0000 -51.8678
v -54.2428 998.0000 -53.1920
v -53.1920 998.0000 -54.2428
v -51.8678 998.0000 -54.9175
v -50.4000 998.0000 -55.1500
v -48.9322 998.0000 -54.9175
v -47.6080 998.0000 -54.2428
v -46.5572 998.0000 -53.1920
v -45.8825 998.0000 -51.8678
v -45.6500 62.0000 -50.4000
v -45.8825 62.0000 -48.9322
v -46.5572 62.0000 -47.6080
v -47.6080 62.0000 -46.5572
v -48.9322 62.0000 -45.8825
v -50.4000 62.0000 -45.6500
v -51.8678 62.0000 -45.8825
v -53.1920 62.0000 -46.5572
v -54.2428 62.0000 -47.6080
v -54.9175 62.0000 -48.9322
v -55.1500 62.0000 -50.4000
v -54.9175 62.0000 -51.8678
v -54.2428 62.0000 -53.1920
v -53.1920 62.0000 -54.2428
v -51.8678 62.0000 -54.9175
v -50.4000 62.0000 -55.1500
v -48.9322 62.0000 -54.9175
v -47.6080 62.0000 -54.2428
v -46.5572 62.0000 -53.1920
v -45.8825 62.0000 -51.8678
v -45.6500 998.0000 -50.4000
v -45.8825 998.0000 -48.9322
v -46.5572 998.0000 -47.6080
v -47.6080 998.0000 -46.5572
v -48.9322 998.0000 -45.8825
v -50.4000 998.0000 -45.6500
v -51.8678 998.0000 -45.8825
v -53.1920 998.0000 -46.5572
v -54.2428 998.0000 -47.6080
v -54.9175 998.0000 -48.9322
v -55.1500 998.0000 -50.4000
v -54.9175 998.0000 -51.8678
v -54.2428 998.0000 -53.1920
v -53.1920 998.0000 -54.2428
v -51.8678 998.0000 -54.9175
v -50.4000 998.0000 -55.1500
v -48.9322 998.0000 -54.9175
v -47.6080 998.0000 -54.2428
v -46.5572 998.0000 -53.1920
v -45.8825 998.0000 -51.8678
v -33.0500 62.0000 -50.4000
v -33.2825 62.0000 -48.9322
v -33.9572 62.0000 -47.6080
v -35.0080 62.0000 -46.5572
v -36.3322 62.0000 -45.8825
v -37.8000 62.0000 -45.6500
v -39.2678 62.0000 -45.8825
v -40.5920 62.0000 -46.5572
v -41.6428 62.0000 -47.6080
v -42.3175 62.0000 -48.9322
v -42.5500 62.0000 -50.4000
v -42.3175 62.0000 -51.8678
v -41.6428 62.0000 -53.1920
v -40.5920 62.0000 -54.2428
v -39.2678 62.0000 -54.9175
v -37.8000 62.0000 -55.1500
v -36.3322 62.0000 -54.9175
v -35.0080 62.0000 -54.2428
v -33.9572 62.0000 -53.1920
v -33.2825 62.0000 -51.8678
v -33.0500 998.0000 -50.4000
v -33.2825 998.0000 -48.9322
v -33.9572 998.0000 -47.6080
v -35.0080 998.0000 -46.5572
v -36.3322 998.0000 -45.8825
v -37.8000 998.0000 -45.6500
v -39.2678 998.0000 -45.8825
v -40.5920 998.0000 -46.5572
v -41.6428 998.0000 -47.6080
v -42.3175 998.0000 -48.9322
v -42.5500 998.0000 -50.4000
v -42.3175 998.0000 -51.8678
v -41.6428 998.0000 -53.1920
v -40.5920 998.0000 -54.2428
v -39.2678 998.0000 -54.9175
v -37.8000 998.0000 -55.1500
v -36.3322 998.0000 -54.9175
v -35.0080 998.0000 -54.2428
v -33.9572 998.0000 -53.1920
v -33.2825 998.0000 -51.8678
v -33.0500 62.0000 -50.4000
v -33.2825 62.0000 -48.9322
v -33.9572 62.0000 -47.6080
v -35.0080 62.0000 -46.5572
v -36.3322 62.0000 -45.8825
v -37.8000 62.0000 -45.6500
v -39.2678 62.0000 -45.8825
v -40.5920 62.0000 -46.5572
v -41.6428 62.0000 -47.6080
v -42.3175 62.0000 -48.9322
v -42.5500 62.0000 -50.4000
v -42.3175 62.0000 -51.8678
v -41.6428 62.0000 -53.1920
v -40.5920 62.0000 -54.2428
v -39.2678 62.0000 -54.9175
v -37.8000 62.0000 -55.1500
v -36.3322 62.0000 -54.9175
v -35.0080 62.0000 -54.2428
v -33.9572 62.0000 -53.1920
v -33.2825 62.0000 -51.8678
v -33.0500 998.0000 -50.4000
v -33.2825 998.0000 -48.9322
v -33.9572 998.0000 -47.6080
v -35.0080 998.0000 -46.5572
v -36.3322 998.0000 -45.8825
v -37.8000 998.0000 -45.6500
v -39.2678 998.0000 -45.8825
v -40.5920 998.0000 -46.5572
v -41.6428 998.0000 -47.6080
v -42.3175 998.0000 -48.9322
v -42.5500 998.0000 -50.4000
v -42.3175 998.0000 -51.8678
v -41.6428 998.0000 -53.1920
v -40.5920 998.0000 -54.2428
v -39.2678 998.0000 -54.9175
v -37.8000 998.0000 -55.1500
v -36.3322 998.0000 -54.9175
v -35.0080 998.0000 -54.2428
v -33.9572 998.0000 -53.1920
v -33.2825 998.0000 -51.8678
v -20.4500 62.0000 -50.4000
v -20.6825 62.0000 -48.9322
v -21.3572 62.0000 -47.6080
v -22.4080 62.0000 -46.5572
v -23.7322 62.0000 -45.8825
v -25.2000 62.0000 -45.6500
v -26.6678 62.0000 -45.8825
v -27.9920 62.0000 -46.5572
v -29.0428 62.0000 -47.6080
v -29.7175 62.0000 -48.9322
v -29.9500 62.0000 -50.4000
v -29.7175 62.0000 -51.8678
v -29.0428 62.0000 -53.1920
v -27.9920 62.0000 -54.2428
v -26.6678 62.0000 -54.9175
v -25.2000 62.0000 -55.1500
v -23.7322 62.0000 -54.9175
v -22.4080 62.0000 -54.2428
v -21.3572 62.0000 -53.1920
v -20.6825 62.0000 -51.8678
v -20.4500 998.0000 -50.4000
v -20.6825 998.0000 -48.9322
v -21.3572 998.0000 -47.6080
v -22.4080 998.0000 -46.5572
v -23.7322 998.0000 -45.8825
v -25.2000 998.0000 -45.6500
v -26.6678 998.0000 -45.8825
v -27.9920 998.0000 -46.5572
v -29.0428 998.0000 -47.6080
v -29.7175 998.0000 -48.9322
v -29.9500 998.0000 -50.4000
v -29.7175 998.0000 -51.8678
v -29.0428 998.0000 -53.1920
v -27.9920 998.0000 -54.2428
v -26.6678 998.0000 -54.9175
v -25.2000 998.0000 -55.1500
v -23.7322 998.0000 -54.9175
v -22.4080 998.0000 -54.2428
v -21.3572 998.0000 -53.1920
v -20.6825 998.0000 -51.8678
v -20.4500 62.0000 -50.4000
v -20.6825 62.0000 -48.9322
v -21.3572 62.0000 -47.6080
v -22.4080 62.0000 -46.5572
v -23.7322 62.0000 -45.8825
v -25.2000 62.0000 -45.6500
v -26.6678 62.0000 -45.8825
v -27.9920 62.0000 -46.5572
v -29.0428 62.0000 -47.6080
v -29.7175 62.0000 -48.9322
v -29.9500 62.0000 -50.4000
v -29.7175 62.0000 -51.8678
v -29.0428 62.0000 -53.1920
v -27.9920 62.0000 -54.2428
v -26.6678 62.0000 -54.9175
v -25.2000 62.0000 -55.1500
v -23.7322 62.0000 -54.9175
v -22.4080 62.0000 -54.2428
v -21.3572 62.0000 -53.1920
v -20.6825 62.0000 -51.8678
v -20.4500 998.0000 -50.4000
v -20.6825 998.0000 -48.9322
v -21.3572 998.0000 -47.6080
v -22.4080 998.0000 -46.5572
v -23.7322 998.0000 -45.8825
v -25.2000 998.0000 -45.6500
v -26.6678 998.0000 -45.8825
v -27.9920 998.0000 -46.5572
v -29.0428 998.0000 -47.6080
v -29.7175 998.0000 -48.9322
v -29.9500 998.0000 -50.4000
v -29.7175 998.0000 -51.8678
v -29.0428 998.0000 -53.1920
v -27.9920 998.0000 -54.2428
v -26.6678 998.0000 -54.9175
v -25.2000 998.0000 -55.1500
v -23.7322 998.0000 -54.9175
v -22.4080 998.0000 -54.2428
v -21.3572 998.0000 -53.1920
v -20.6825 998.0000 -51.8678
v -7.8500 62.0000 -50.4000
v -8.0825 62.0000 -48.9322
v -8.7572 62.0000 -47.6080
v -9.8080 62.0000 -46.5572
v -11.1322 62.0000 -45.8825
v -12.6000 62.0000 -45.6500
v -14.0678 62.0000 -45.8825
v -15.3920 62.0000 -46.5572
v -16.4428 62.0000 -47.6080
v -17.1175 62.0000 -48.9322
v -17.3500 62.0000 -50.4000
v -17.1175 62.0000 -51.8678
v -16.4428 62.0000 -53.1920
v -15.3920 62.0000 -54.2428
v -14.0678 62.0000 -54.9175
v -12.6000 62.0000 -55.1500
v -11.1322 62.0000 -54.9175
v -9.8080 62.0000 -54.2428
v -8.7572 62.0000 -53.1920
v -8.0825 62.0000 -51.8678
v -7.8500 998.0000 -50.4000
v -8.0825 998.0000 -48.9322
v -8.7572 998.0000 -47.6080
v -9.8080 998.0000 -46.5572
v -11.1322 998.0000 -45.8825
v -12.6000 998.0000 -45.6500
v -14.0678 998.0000 -45.8825
v -15.3920 998.0000 -46.5572
v -16.4428 998.0000 -47.6080
v -17.1175 998.0000 -48.9322
v -17.3500 998.0000 -50.4000
v -17.1175 998.0000 -51.8678
v -16.4428 998.0000 -53.1920
v -15.3920 998.0000 -54.2428
v -14.0678 998.0000 -54.9175
v -12.6000 998.0000 -55.1500
v -11.1322 998.0000 -54.9175
v -9.8080 998.0000 -54.2428
v -8.7572 998.0000 -53.1920
v -8.0825 998.0000 -51.8678
v -7.8500 62.0000 -50.4000
v -8.0825 62.0000 -48.9322
v -8.7572 62.0000 -47.6080
v -9.8080 62.0000 -46.5572
v -11.1322 62.0000 -45.8825
v -12.6000 62.0000 -45.6500
v -14.0678 62.0000 -45.8825
v -15.3920 62.0000 -46.5572
v -16.4428 62.0000 -47.6080
v -17.1175 62.0000 -48.9322
v -17.3500 62.0000 -50.4000
v -17.1175 62.0000 -51.8678
v -16.4428 62.0000 -53.1920
v -15.3920 62.0000 -54.2428
v -14.0678 62.0000 -54.9175
v -12.6000 62.0000 -55.1500
v -11.1322 62.0000 -54.9175
v -9.8080 62.0000 -54.2428
v -8.7572 62.0000 -53.1920
v -8.0825 62.0000 -51.8678
v -7.8500 998.0000 -50.4000
v -8.0825 998.0000 -48.9322
v -8.7572 998.0000 -47.6080
v -9.8080 998.0000 -46.5572
v -11.1322 998.0000 -45.8825
v -12.6000 998.0000 -45.6500
v -14.0678 998.0000 -45.8825
v -15.3920 998.0000 -46.5572
v -16.4428 998.0000 -47.6080
v -17.1175 998.0000 -48.9322
v -17.3500 998.0000 -50.4000
v -17.1175 998.0000 -51.8678
v -16.4428 998.0000 -53.1920
v -15.3920 998.0000 -54.2428
v -14.0678 998.0000 -54.9175
v -12.6000 998.0000 -55.1500
v -11.1322 998.0000 -54.9175
v -9.8080 998.0000 -54.2428
v -8.7572 998.0000 -53.1920
v -8.0825 998.0000 -51.8678
v 4.7500 62.0000 -50.4000
v 4.5175 62.0000 -48.9322
v 3.8428 62.0000 -47.6080
v 2.7920 62.0000 -46.5572
v 1.4678 62.0000 -45.8825
v 0.0000 62.0000 -45.6500
v -1.4678 62.0000 -45.8825
v -2.7920 62.0000 -46.5572
v -3.8428 62.0000 -47.6080
v -4.5175 62.0000 -48.9322
v -4.7500 62.0000 -50.4000
v -4.5175 62.0000 -51.8678
v -3.8428 62.0000 -53.1920
v -2.7920 62.0000 -54.2428
v -1.4678 62.0000 -54.9175
v -0.0000 62.0000 -55.1500
v 1.4678 62.0000 -54.9175
v 2.7920 62.0000 -54.2428
v 3.8428 62.0000 -53.1920
v 4.5175 62.0000 -51.8678
v 4.7500 998.0000 -50.4000
v 4.5175 998.0000 -48.9322
v 3.8428 998.0000 -47.6080
v 2.7920 998.0000 -46.5572
v 1.4678 998.0000 -45.8825
v 0.0000 998.0000 -45.6500
v -1.4678 998.0000 -45.8825
v -2.7920 998.0000 -46.5572
v -3.8428 998.0000 -47.6080
v -4.5175 998.0000 -48.9322
v -4.7500 998.0000 -50.4000
v -4.5175 998.0000 -51.8678
v -3.8428 998.0000 -53.1920
v -2.7920 998.0000 -54.2428
v -1.4678 998.0000 -54.9175
v -0.0000 998.0000 -55.1500
v 1.4678 998.0000 -54.9175
v 2.7920 998.0000 -54.2428
v 3.8428 998.0000 -53.1920
v 4.5175 998.0000 -51.8678
v 4.7500 62.0000 -50.4000
v 4.5175 62.0000 -48.9322
v 3.8428 62.0000 -47.6080
v 2.7920 62.0000 -46.5572
v 1.4678 62.0000 -45.8825
v 0.0000 62.0000 -45.6500
v -1.4678 62.0000 -45.8825
v -2.7920 62.0000 -46.5572
v -3.8428 62.0000 -47.6080
v -4.5175 62.0000 -48.9322
v -4.7500 62.0000 -50.4000
v -4.5175 62.0000 -51.8678
v -3.8428 62.0000 -53.1920
v -2.7920 62.0000 -54.2428
v -1.4678 62.0000 -54.9175
v -0.0000 62.0000 -55.1500
v 1.4678 62.0000 -54.9175
v 2.7920 62.0000 -54.2428
v 3.8428 62.0000 -53.1920
v 4.5175 62.0000 -51.8678
v 4.7500 998.0000 -50.4000
v 4.5175 998.0000 -48.9322
v 3.8428 998.0000 -47.6080
v 2.7920 998.0000 -46.5572
v 1.4678 998.0000 -45.8825
v 0.0000 998.0000 -45.6500
v -1.4678 998.0000 -45.8825
v -2.7920 998.0000 -46.5572
v -3.8428 998.0000 -47.6080
v -4.5175 998.0000 -48.9322
v -4.7500 998.0000 -50.4000
v -4.5175 998.0000 -51.8678
v -3.8428 998.0000 -53.1920
v -2.7920 998.0000 -54.2428
v -1.4678 998.0000 -54.9175
v -0.0000 998.0000 -55.1500
v 1.4678 998.0000 -54.9175
v 2.7920 998.0000 -54.2428
v 3.8428 998.0000 -53.1920
v 4.5175 998.0000 -51.8678
v 17.3500 62.0000 -50.4000
v 17.1175 62.0000 -48.9322
v 16.4428 62.0000 -47.6080
v 15.3920 62.0000 -46.5572
v 14.0678 62.0000 -45.8825
v 12.6000 62.0000 -45.6500
v 11.1322 62.0000 -45.8825
v 9.8080 62.0000 -46.5572
v 8.7572 62.0000 -47.6080
v 8.0825 62.0000 -48.9322
v 7.8500 62.0000 -50.4000
v 8.0825 62.0000 -51.8678
v 8.7572 62.0000 -53.1920
v 9.8080 62.0000 -54.2428
v 11.1322 62.0000 -54.9175
v 12.6000 62.0000 -55.1500
v 14.0678 62.0000 -54.9175
v 15.3920 62.0000 -54.2428
v 16.4428 62.0000 -53.1920
v 17.1175 62.0000 -51.8678
v 17.3500 998.0000 -50.4000
v 17.1175 998.0000 -48.9322
v 16.4428 998.0000 -47.6080
v 15.3920 998.0000 -46.5572
v 14.0678 998.0000 -45.8825
v 12.6000 998.0000 -45.6500
v 11.1322 998.0000 -45.8825
v 9.8080 998.0000 -46.5572
v 8.7572 998.0000 -47.6080
v 8.0825 998.0000 -48.9322
v 7.8500 998.0000 -50.4000
v 8.0825 998.0000 -51.8678
v 8.7572 998.0000 -53.1920
v 9.8080 998.0000 -54.2428
v 11.1322 998.0000 -54.9175
v 12.6000 998.0000 -55.1500
v 14.0678 998.0000 -54.9175
v 15.3920 998.0000 -54.2428
v 16.4428 998.0000 -53.1920
v 17.1175 998.0000 -51.8678
v 17.3500 62.0000 -50.4000
v 17.1175 62.0000 -48.9322
v 16.4428 62.0000 -47.6080
v 15.3920 62.0000 -46.5572
v 14.0678 62.0000 -45.8825
v 12.6000 62.0000 -45.6500
v 11.1322 62.0000 -45.8825
v 9.8080 62.0000 -46.5572
v 8.7572 62.0000 -47.6080
v 8.0825 62.0000 -48.9322
v 7.8500 62.0000 -50.4000
v 8.0825 62.0000 -51.8678
v 8.7572 62.0000 -53.1920
v 9.8080 62.0000 -54.2428
v 11.1322 62.0000 -54.9175
v 12.6000 62.0000 -55.1500
v 14.0678 62.0000 -54.9175
v 15.3920 62.0000 -54.2428
v 16.4428 62.0000 -53.1920
v 17.1175 62.0000 -51.8678
v 17.3500 998.0000 -50.4000
v 17.1175 998.0000 -48.9322
v 16.4428 998.0000 -47.6080
v 15.3920 998.0000 -46.5572
v 14.0678 998.0000 -45.8825
v 12.6000 998.0000 -45.6500
v 11.1322 998.0000 -45.8825
v 9.8080 998.0000 -46.5572
v 8.7572 998.0000 -47.6080
v 8.0825 998.0000 -48.9322
v 7.8500 998.0000 -50.4000
v 8.0825 998.0000 -51.8678
v 8.7572 998.0000 -53.1920
v 9.8080 998.0000 -54.2428
v 11.1322 998.0000 -54.9175
v 12.6000 998.0000 -55.1500
v 14.0678 998.0000 -54.9175
v 15.3920 998.0000 -54.2428
v 16.4428 998.0000 -53.1920
v 17.1175 998.0000 -51.8678
v 29.9500 62.0000 -50.4000
v 29.7175 62.0000 -48.9322
v 29.0428 62.0000 -47.6080
v 27.9920 62.0000 -46.5572
v 26.6678 62.0000 -45.8825
v 25.2000 62.0000 -45.6500
v 23.7322 62.0000 -45.8825
v 22.4080 62.0000 -46.5572
v 21.3572 62.0000 -47.6080
v 20.6825 62.0000 -48.9322
v 20.4500 62.0000 -50.4000
v 20.6825 62.0000 -51.8678
v 21.3572 62.0000 -53.1920
v 22.4080 62.0000 -54.2428
v 23.7322 62.0000 -54.9175
v 25.2000 62.0000 -55.1500
v 26.6678 62.0000 -54.9175
v 27.9920 62.0000 -54.2428
v 29.0428 62.0000 -53.1920
v 29.7175 62.0000 -51.8678
v 29.9500 998.0000 -50.4000
v 29.7175 998.0000 -48.9322
v 29.0428 998.0000 -47.6080
v 27.9920 998.0000 -46.5572
v 26.6678 998.0000 -45.8825
v 25.2000 998.0000 -45.6500
v 23.7322 998.0000 -45.8825
v 22.4080 998.0000 -46.5572
v 21.3572 998.0000 -47.6080
v 20.6825 998.0000 -48.9322
v 20.4500 998.0000 -50.4000
v 20.6825 998.0000 -51.8678
v 21.3572 998.0000 -53.1920
v 22.4080 998.0000 -54.2428
v 23.7322 998.0000 -54.9175
v 25.2000 998.0000 -55.1500
v 26.6678 998.0000 -54.9175
v 27.9920 998.0000 -54.2428
v 29.0428 998.0000 -53.1920
v 29.7175 998.0000 -51.8678
v 29.9500 62.0000 -50.4000
v 29.7175 62.0000 -48.9322
v 29.0428 62.0000 -47.6080
v 27.9920 62.0000 -46.5572
v 26.6678 62.0000 -45.8825
v 25.2000 62.0000 -45.6500
v 23.7322 62.0000 -45.8825
v 22.4080 62.0000 -46.5572
v 21.3572 62.0000 -47.6080
v 20.6825 62.0000 -48.9322
v 20.4500 62.0000 -50.4000
v 20.6825 62.0000 -51.8678
v 21.3572 62.0000 -53.1920
v 22.4080 62.0000 -54.2428
v 23.7322 62.0000 -54.9175
v 25.2000 62.0000 -55.1500
v 26.6678 62.0000 -54.9175
v 27.9920 62.0000 -54.2428
v 29.0428 62.0000 -53.1920
v 29.7175 62.0000 -51.8678
v 29.9500 998.0000 -50.4000
v 29.7175 998.0000 -48.9322
v 29.0428 998.0000 -47.6080
v 27.9920 998.0000 -46.5572
v 26.6678 998.0000 -45.8825
v 25.2000 998.0000 -45.6500
v 23.7322 998.0000 -45.8825
v 22.4080 998.0000 -46.5572
v 21.3572 998.0000 -47.6080
v 20.6825 998.0000 -48.9322
v 20.4500 998.0000 -50.4000
v 20.6825 998.0000 -51.8678
v 21.3572 998.0000 -53.1920
v 22.4080 998.0000 -54.2428
v 23.7322 998.0000 -54.9175
v 25.2000 998.0000 -55.1500
v 26.6678 998.0000 -54.9175
v 27.9920 998.0000 -54.2428
v 29.0428 998.0000 -53.1920
v 29.7175 998.0000 -51.8678
v 42.5500 62.0000 -50.4000
v 42.3175 62.0000 -48.9322
v 41.6428 62.0000 -47.6080
v 40.5920 62.0000 -46.5572
v 39.2678 62.0000 -45.8825
v 37.8000 62.0000 -45.6500
v 36.3322 62.0000 -45.8825
v 35.0080 62.0000 -46.5572
v 33.9572 62.0000 -47.6080
v 33.2825 62.0000 -48.9322
v 33.0500 62.0000 -50.4000
v 33.2825 62.0000 -51.8678
v 33.9572 62.0000 -53.1920
v 35.0080 62.0000 -54.2428
v 36.3322 62.0000 -54.9175
v 37.8000 62.0000 -55.1500
v 39.2678 62.0000 -54.9175
v 40.5920 62.0000 -54.2428
v 41.6428 62.0000 -53.1920
v 42.3175 62.0000 -51.8678
v 42.5500 998.0000 -50.4000
v 42.3175 998.0000 -48.9322
v 41.6428 998.0000 -47.6080
v 40.5920 998.0000 -46.5572
v 39.2678 998.0000 -45.8825
v 37.8000 998.0000 -45.6500
v 36.3322 998.0000 -45.8825
v 35.0080 998.0000 -46.5572
v 33.9572 998.0000 -47.6080
v 33.2825 998.0000 -48.9322
v 33.0500 998.0000 -50.4000
v 33.2825 998.0000 -51.8678
v 33.9572 998.0000 -53.1920
v 35.0080 998.0000 -54.2428
v 36.3322 998.0000 -54.9175
v 37.8000 998.0000 -55.1500
v 39.2678 998.0000 -54.9175
v 40.5920 998.0000 -54.2428
v 41.6428 998.0000 -53.1920
v 42.3175 998.0000 -51.8678
v 42.5500 62.0000 -50.4000
v 42.3175 62.0000 -48.9322
v 41.6428 62.0000 -47.6080
v 40.5920 62.0000 -46.5572
v 39.2678 62.0000 -45.8825
v 37.8000 62.0000 -45.6500
v 36.3322 62.0000 -45.8825
v 35.0080 62.0000 -46.5572
v 33.9572 62.0000 -47.6080
v 33.2825 62.0000 -48.9322
v 33.0500 62.0000 -50.4000
v 33.2825 62.0000 -51.8678
v 33.9572 62.0000 -53.1920
v 35.0080 62.0000 -54.2428
v 36.3322 62.0000 -54.9175
v 37.8000 62.0000 -55.1500
v 39.2678 62.0000 -54.9175
v 40.5920 62.0000 -54.2428
v 41.6428 62.0000 -53.1920
v 42.3175 62.0000 -51.8678
v 42.5500 998.0000 -50.4000
v 42.3175 998.0000 -48.9322
v 41.6428 998.0000 -47.6080
v 40.5920 998.0000 -46.5572
v 39.2678 998.0000 -45.8825
v 37.8000 998.0000 -45.6500
v 36.3322 998.0000 -45.8825
v 35.0080 998.0000 -46.5572
v 33.9572 998.0000 -47.6080
v 33.2825 998.0000 -48.9322
v 33.0500 998.0000 -50.4000
v 33.2825 998.0000 -51.8678
v 33.9572 998.0000 -53.1920
v 35.0080 998.0000 -54.2428
v 36.3322 998.0000 -54.9175
v 37.8000 998.0000 -55.1500
v 39.2678 998.0000 -54.9175
v 40.5920 998.0000 -54.2428
v 41.6428 998.0000 -53.1920
v 42.3175 998.0000 -51.8678
v 55.1500 62.0000 -50.4000
v 54.9175 62.0000 -48.9322
v 54.2428 62.0000 -47.6080
v 53.1920 62.0000 -46.5572
v 51.8678 62.0000 -45.8825
v 50.4000 62.0000 -45.6500
v 48.9322 62.0000 -45.8825
v 47.6080 62.0000 -46.5572
v 46.5572 62.0000 -47.6080
v 45.8825 62.0000 -48.9322
v 45.6500 62.0000 -50.4000
v 45.8825 62.0000 -51.8678
v 46.5572 62.0000 -53.1920
v 47.6080 62.0000 -54.2428
v 48.9322 62.0000 -54.9175
v 50.4000 62.0000 -55.1500
v 51.8678 62.0000 -54.9175
v 53.1920 62.0000 -54.2428
v 54.2428 62.0000 -53.1920
v 54.9175 62.0000 -51.8678
v 55.1500 998.0000 -50.4000
v 54.9175 998.0000 -48.9322
v 54.2428 998.0000 -47.6080
v 53.1920 998.0000 -46.5572
v 51.8678 998.0000 -45.8825
v 50.4000 998.0000 -45.6500
v 48.9322 998.0000 -45.8825
v 47.6080 998.0000 -46.5572
v 46.5572 998.0000 -47.6080
v 45.8825 998.0000 -48.9322
v 45.6500 998.0000 -50.4000
v 45.8825 998.0000 -51.8678
v 46.5572 998.0000 -53.1920
v 47.6080 998.0000 -54.2428
v 48.9322 998.0000 -54.9175
v 50.4000 998.0000 -55.1500
v 51.8678 998.0000 -54.9175
v 53.1920 998.0000 -54.2428
v 54.2428 998.0000 -53.1920
v 54.9175 998.0000 -51.8678
v 55.1500 62.0000 -50.4000
v 54.9175 62.0000 -48.9322
v 54.2428 62.0000 -47.6080
v 53.1920 62.0000 -46.5572
v 51.8678 62.0000 -45.8825
v 50.4000 62.0000 -45.6500
v 48.9322 62.0000 -45.8825
v 47.6080 62.0000 -46.5572
v 46.5572 62.0000 -47.6080
v 45.8825 62.0000 -48.9322
v 45.6500 62.0000 -50.4000
v 45.8825 62.0000 -51.8678
v 46.5572 62.0000 -53.1920
v 47.6080 62.0000 -54.2428
v 48.9322 62.0000 -54.9175
v 50.4000 62.0000 -55.1500
v 51.8678 62.0000 -54.9175
v 53.1920 62.0000 -54.2428
v 54.2428 62.0000 -53.1920
v 54.9175 62.0000 -51.8678
v 55.1500 998.0000 -50.4000
v 54.9175 998.0000 -48.9322
v 54.2428 998.0000 -47.6080
v 53.1920 998.0000 -46.5572
v 51.8678 998.0000 -45.8825
v 50.4000 998.0000 -45.6500
v 48.9322 998.0000 -45.8825
v 47.6080 998.0000 -46.5572
v 46.5572 998.0000 -47.6080
v 45.8825 998.0000 -48.9322
v 45.6500 998.0000 -50.4000
v 45.8825 998.0000 -51.8678
v 46.5572 998.0000 -53.1920
v 47.6080 998.0000 -54.2428
v 48.9322 998.0000 -54.9175
v 50.4000 998.0000 -55.1500
v 51.8678 998.0000 -54.9175
v 53.1920 998.0000 -54.2428
v 54.2428 998.0000 -53.1920
v 54.9175 998.0000 -51.8678
v 67.7500 62.0000 -50.4000
v 67.5175 62.0000 -48.9322
v 66.8428 62.0000 -47.6080
v 65.7920 62.0000 -46.5572
v 64.4678 62.0000 -45.8825
v 63.0000 62.0000 -45.6500
v 61.5322 62.0000 -45.8825
v 60.2080 62.0000 -46.5572
v 59.1572 62.0000 -47.6080
v 58.4825 62.0000 -48.9322
v 58.2500 62.0000 -50.4000
v 58.4825 62.0000 -51.8678
v 59.1572 62.0000 -53.1920
v 60.2080 62.0000 -54.2428
v 61.5322 62.0000 -54.9175
v 63.0000 62.0000 -55.1500
v 64.4678 62.0000 -54.9175
v 65.7920 62.0000 -54.2428
v 66.8428 62.0000 -53.1920
v 67.5175 62.0000 -51.8678
v 67.7500 998.0000 -50.4000
v 67.5175 998.0000 -48.9322
v 66.8428 998.0000 -47.6080
v 65.7920 998.0000 -46.5572
v 64.4678 998.0000 -45.8825
v 63.0000 998.0000 -45.6500
v 61.5322 998.0000 -45.8825
v 60.2080 998.0000 -46.5572
v 59.1572 998.0000 -47.6080
v 58.4825 998.0000 -48.9322
v 58.2500 998.0000 -50.4000
v 58.4825 998.0000 -51.8678
v 59.1572 998.0000 -53.1920
v 60.2080 998.0000 -54.2428
v 61.5322 998.0000 -54.9175
v 63.0000 998.0000 -55.1500
v 64.4678 998.0000 -54.9175
v 65.7920 998.0000 -54.2428
v 66.8428 998.0000 -53.1920
v 67.5175 998.0000 -51.8678
v 67.7500 62.0000 -50.4000
v 67.5175 62.0000 -48.9322
v 66.8428 62.0000 -47.6080
v 65.7920 62.0000 -46.5572
v 64.4678 62.0000 -45.8825
v 63.0000 62.0000 -45.6500
v 61.5322 62.0000 -45.8825
v 60.2080 62.0000 -46.5572
v 59.1572 62.0000 -47.6080
v 58.4825 62.0000 -48.9322
v 58.2500 62.0000 -50.4000
v 58.4825 62.0000 -51.8678
v 59.1572 62.0000 -53.1920
v 60.2080 62.0000 -54.2428
v 61.5322 62.0000 -54.9175
v 63.0000 62.0000 -55.1500
v 64.4678 62.0000 -54.9175
v 65.7920 62.0000 -54.2428
v 66.8428 62.0000 -53.1920
v 67.5175 62.0000 -51.8678
v 67.7500 998.0000 -50.4000
v 67.5175 998.0000 -48.9322
v 66.8428 998.0000 -47.6080
v 65.7920 998.0000 -46.5572
v 64.4678 998.0000 -45.8825
v 63.0000 998.0000 -45.6500
v 61.5322 998.0000 -45.8825
v 60.2080 998.0000 -46.5572
v 59.1572 998.0000 -47.6080
v 58.4825 998.0000 -48.9322
v 58.2500 998.0000 -50.4000
v 58.4825 998.0000 -51.8678
v 59.1572 998.0000 -53.1920
v 60.2080 998.0000 -54.2428
v 61.5322 998.0000 -54.9175
v 63.0000 998.0000 -55.1500
v 64.4678 998.0000 -54.9175
v 65.7920 998.0000 -54.2428
v 66.8428 998.0000 -53.1920
v 67.5175 998.0000 -51.8678
v 80.3500 62.0000 -50.4000
v 80.1175 62.0000 -48.9322
v 79.4428 62.0000 -47.6080
v 78.3920 62.0000 -46.5572
v 77.0678 62.0000 -45.8825
v 75.6000 62.0000 -45.6500
v 74.1322 62.0000 -45.8825
v 72.8080 62.0000 -46.5572
v 71.7572 62.0000 -47.6080
v 71.0825 62.0000 -48.9322
v 70.8500 62.0000 -50.4000
v 71.0825 62.0000 -51.8678
v 71.7572 62.0000 -53.1920
v 72.8080 62.0000 -54.2428
v 74.1322 62.0000 -54.9175
v 75.6000 62.0000 -55.1500
v 77.0678 62.0000 -54.9175
v 78.3920 62.0000 -54.2428
v 79.4428 62.0000 -53.1920
v 80.1175 62.0000 -51.8678
v 80.3500 998.0000 -50.4000
v 80.1175 998.0000 -48.9322
v 79.4428 998.0000 -47.6080
v 78.3920 998.0000 -46.5572
v 77.0678 998.0000 -45.8825
v 75.6000 998.0000 -45.6500
v 74.1322 998.0000 -45.8825
v 72.8080 998.0000 -46.5572
v 71.7572 998.0000 -47.6080
v 71.0825 998.0000 -48.9322
v 70.8500 998.0000 -50.4000
v 71.0825 998.0000 -51.8678
v 71.7572 998.0000 -53.1920
v 72.8080 998.0000 -54.2428
v 74.1322 998.0000 -54.9175
v 75.6000 998.0000 -55.1500
v 77.0678 998.0000 -54.9175
v 78.3920 998.0000 -54.2428
v 79.4428 998.0000 -53.1920
v 80.1175 998.0000 -51.8678
v 80.3500 62.0000 -50.4000
v 80.1175 62.0000 -48.9322
v 79.4428 62.0000 -47.6080
v 78.3920 62.0000 -46.5572
v 77.0678 62.0000 -45.8825
v 75.6000 62.0000 -45.6500
v 74.1322 62.0000 -45.8825
v 72.8080 62.0000 -46.5572
v 71.7572 62.0000 -47.6080
v 71.0825 62.0000 -48.9322
v 70.8500 62.0000 -50.4000
v 71.0825 62.0000 -51.8678
v 71.7572 62.0000 -53.1920
v 72.8080 62.0000 -54.2428
v 74.1322 62.0000 -54.9175
v 75.6000 62.0000 -55.1500
v 77.0678 62.0000 -54.9175
v 78.3920 62.0000 -54.2428
v 79.4428 62.0000 -53.1920
v 80.1175 62.0000 -51.8678
v 80.3500 998.0000 -50.4000
v 80.1175 998.0000 -48.9322
v 79.4428 998.0000 -47.6080
v 78.3920 998.0000 -46.5572
v 77.0678 998.0000 -45.8825
v 75.6000 998.0000 -45.6500
v 74.1322 998.0000 -45.8825
v 72.8080 998.0000 -46.5572
v 71.7572 998.0000 -47.6080
v 71.0825 998.0000 -48.9322
v 70.8500 998.0000 -50.4000
v 71.0825 998.0000 -51.8678
v 71.7572 998.0000 -53.1920
v 72.8080 998.0000 -54.2428
v 74.1322 998.0000 -54.9175
v 75.6000 998.0000 -55.1500
v 77.0678 998.0000 -54.9175
v 78.3920 998.0000 -54.2428
v 79.4428 998.0000 -53.1920
v 80.1175 998.0000 -51.8678
v 92.9500 62.0000 -50.4000
v 92.7175 62.0000 -48.9322
v 92.0428 62.0000 -47.6080
v 90.9920 62.0000 -46.5572
v 89.6678 62.0000 -45.8825
v 88.2000 62.0000 -45.6500
v 86.7322 62.0000 -45.8825
v 85.4080 62.0000 -46.5572
v 84.3572 62.0000 -47.6080
v 83.6825 62.0000 -48.9322
v 83.4500 62.0000 -50.4000
v 83.6825 62.0000 -51.8678
v 84.3572 62.0000 -53.1920
v 85.4080 62.0000 -54.2428
v 86.7322 62.0000 -54.9175
v 88.2000 62.0000 -55.1500
v 89.6678 62.0000 -54.9175
v 90.9920 62.0000 -54.2428
v 92.0428 62.0000 -53.1920
v 92.7175 62.0000 -51.8678
v 92.9500 998.0000 -50.4000
v 92.7175 998.0000 -48.9322
v 92.0428 998.0000 -47.6080
v 90.9920 998.0000 -46.5572
v 89.6678 998.0000 -45.8825
v 88.2000 998.0000 -45.6500
v 86.7322 998.0000 -45.8825
v 85.4080 998.0000 -46.5572
v 84.3572 998.0000 -47.6080
v 83.6825 998.0000 -48.9322
v 83.4500 998.0000 -50.4000
v 83.6825 998.0000 -51.8678
v 84.3572 998.0000 -53.1920
v 85.4080 998.0000 -54.2428
v 86.7322 998.0000 -54.9175
v 88.2000 998.0000 -55.1500
v 89.6678 998.0000 -54.9175
v 90.9920 998.0000 -54.2428
v 92.0428 998.0000 -53.1920
v 92.7175 998.0000 -51.8678
v 92.9500 62.0000 -50.4000
v 92.7175 62.0000 -48.9322
v 92.0428 62.0000 -47.6080
v 90.9920 62.0000 -46.5572
v 89.6678 62.0000 -45.8825
v 88.2000 62.0000 -45.6500
v 86.7322 62.0000 -45.8825
v 85.4080 62.0000 -46.5572
v 84.3572 62.0000 -47.6080
v 83.6825 62.0000 -48.9322
v 83.4500 62.0000 -50.4000
v 83.6825 62.0000 -51.8678
v 84.3572 62.0000 -53.1920
v 85.4080 62.0000 -54.2428
v 86.7322 62.0000 -54.9175
v 88.2000 62.0000 -55.1500
v 89.6678 62.0000 -54.9175
v 90.9920 62.0000 -54.2428
v 92.0428 62.0000 -53.1920
v 92.7175 62.0000 -51.8678
v 92.9500 998.0000 -50.4000
v 92.7175 998.0000 -48.9322
v 92.0428 998.0000 -47.6080
v 90.9920 998.0000 -46.5572
v 89.6678 998.0000 -45.8825
v 88.2000 998.0000 -45.6500
v 86.7322 998.0000 -45.8825
v 85.4080 998.0000 -46.5572
v 84.3572 998.0000 -47.6080
v 83.6825 998.0000 -48.9322
v 83.4500 998.0000 -50.4000
v 83.6825 998.0000 -51.8678
v 84.3572 998.0000 -53.1920
v 85.4080 998.0000 -54.2428
v 86.7322 998.0000 -54.9175
v 88.2000 998.0000 -55.1500
v 89.6678 998.0000 -54.9175
v 90.9920 998.0000 -54.2428
v 92.0428 998.0000 -53.1920
v 92.7175 998.0000 -51.8678
v 105.5500 62.0000 -50.4000
v 105.3175 62.0000 -48.9322
v 104.6428 62.0000 -47.6080
v 103.5920 62.0000 -46.5572
v 102.2678 62.0000 -45.8825
v 100.8000 62.0000 -45.6500
v 99.3322 62.0000 -45.8825
v 98.0080 62.0000 -46.5572
v 96.9572 62.0000 -47.6080
v 96.2825 62.0000 -48.9322
v 96.0500 62.0000 -50.4000
v 96.2825 62.0000 -51.8678
v 96.9572 62.0000 -53.1920
v 98.0080 62.0000 -54.2428
v 99.3322 62.0000 -54.9175
v 100.8000 62.0000 -55.1500
v 102.2678 62.0000 -54.9175
v 103.5920 62.0000 -54.2428
v 104.6428 62.0000 -53.1920
v 105.3175 62.0000 -51.8678
v 105.5500 998.0000 -50.4000
v 105.3175 998.0000 -48.9322
v 104.6428 998.0000 -47.6080
v 103.5920 998.0000 -46.5572
v 102.2678 998.0000 -45.8825
v 100.8000 998.0000 -45.6500
v 99.3322 998.0000 -45.8825
v 98.0080 998.0000 -46.5572
v 96.9572 998.0000 -47.6080
v 96.2825 998.0000 -48.9322
v 96.0500 998.0000 -50.4000
v 96.2825 998.0000 -51.8678
v 96.9572 998.0000 -53.1920
v 98.0080 998.0000 -54.2428
v 99.3322 998.0000 -54.9175
v 100.8000 998.0000 -55.1500
v 102.2678 998.0000 -54.9175
v 103.5920 998.0000 -54.2428
v 104.6428 998.0000 -53.1920
v 105.3175 998.0000 -51.8678
v 105.5500 62.0000 -50.4000
v 105.3175 62.0000 -48.9322
v 104.6428 62.0000 -47.6080
v 103.5920 62.0000 -46.5572
v 102.2678 62.0000 -45.8825
v 100.8000 62.0000 -45.6500
v 99.3322 62.0000 -45.8825
v 98.0080 62.0000 -46.5572
v 96.9572 62.0000 -47.6080
v 96.2825 62.0000 -48.9322
v 96.0500 62.0000 -50.4000
v 96.2825 62.0000 -51.8678
v 96.9572 62.0000 -53.1920
v 98.0080 62.0000 -54.2428
v 99.3322 62.0000 -54.9175
v 100.8000 62.0000 -55.1500
v 102.2678 62.0000 -54.9175
v 103.5920 62.0000 -54.2428
v 104.6428 62.0000 -53.1920
v 105.3175 62.0000 -51.8678
v 105.5500 998.0000 -50.4000
v 105.3175 998.0000 -48.9322
v 104.6428 998.0000 -47.6080
v 103.5920 998.0000 -46.5572
v 102.2678 998.0000 -45.8825
v 100.8000 998.0000 -45.6500
v 99.3322 998.0000 -45.8825
v 98.0080 998.0000 -46.5572
v 96.9572 998.0000 -47.6080
v 96.2825 998.0000 -48.9322
v 96.0500 998.0000 -50.4000
v 96.2825 998.0000 -51.8678
v 96.9572 998.0000 -53.1920
v 98.0080 998.0000 -54.2428
v 99.3322 998.0000 -54.9175
v 100.8000 998.0000 -55.1500
v 102.2678 998.0000 -54.9175
v 103.5920 998.0000 -54.2428
v 104.6428 998.0000 -53.1920
v 105.3175 998.0000 -51.8678
v -96.0500 62.0000 -37.8000
v -96.2825 62.0000 -36.3322
v -96.9572 62.0000 -35.0080
v -98.0080 62.0000 -33.9572
v -99.3322 62.0000 -33.2825
v -100.8000 62.0000 -33.0500
v -102.2678 62.0000 -33.2825
v -103.5920 62.0000 -33.9572
v -104.6428 62.0000 -35.0080
v -105.3175 62.0000 -36.3322
v -105.5500 62.0000 -37.8000
v -105.3175 62.0000 -39.2678
v -104.6428 62.0000 -40.5920
v -103.5920 62.0000 -41.6428
v -102.2678 62.0000 -42.3175
v -100.8000 62.0000 -42.5500
v -99.3322 62.0000 -42.3175
v -98.0080 62.0000 -41.6428
v -96.9572 62.0000 -40.5920
v -96.2825 62.0000 -39.2678
v -96.0500 998.0000 -37.8000
v -96.2825 998.0000 -36.3322
v -96.9572 998.0000 -35.0080
v -98.0080 998.0000 -33.9572
v -99.3322 998.0000 -33.2825
v -100.8000 998.0000 -33.0500
v -102.2678 998.0000 -33.2825
v -103.5920 998.0000 -33.9572
v -104.6428 998.0000 -35.0080
v -105.3175 998.0000 -36.3322
v -105.5500 998.0000 -37.8000
v -105.3175 998.0000 -39.2678
v -104.6428 998.0000 -40.5920
v -103.5920 998.0000 -41.6428
v -102.2678 998.0000 -42.3175
v -100.8000 998.0000 -42.5500
v -99.3322 998.0000 -42.3175
v -98.0080 998.0000 -41.6428
v -96.9572 998.0000 -40.5920
v -96.2825 998.0000 -39.2678
v -96.0500 62.0000 -37.8000
v -96.2825 62.0000 -36.3322
v -96.9572 62.0000 -35.0080
v -98.0080 62.0000 -33.9572
v -99.3322 62.0000 -33.2825
v -100.8000 62.0000 -33.0500
v -102.2678 62.0000 -33.2825
v -103.5920 62.0000 -33.9572
v -104.6428 62.0000 -35.0080
v -105.3175 62.0000 -36.3322
v -105.5500 62.0000 -37.8000
v -105.3175 62.0000 -39.2678
v -104.6428 62.0000 -40.5920
v -103.5920 62.0000 -41.6428
v -102.2678 62.0000 -42.3175
v -100.8000 62.0000 -42.5500
v -99.3322 62.0000 -42.3175
v -98.0080 62.0000 -41.6428
v -96.9572 62.0000 -40.5920
v -96.2825 62.0000 -39.2678
v -96.0500 998.0000 -37.8000
v -96.2825 998.0000 -36.3322
v -96.9572 998.0000 -35.0080
v -98.0080 998.0000 -33.9572
v -99.3322 998.0000 -33.2825
v -100.8000 998.0000 -33.0500
v -102.2678 998.0000 -33.2825
v -103.5920 998.0000 -33.9572
v -104.6428 998.0000 -35.0080
v -105.3175 998.0000 -36.3322
v -105.5500 998.0000 -37.8000
v -105.3175 998.0000 -39.2678
v -104.6428 998.0000 -40.5920
v -103.5920 998.0000 -41.6428
v -102.2678 998.0000 -42.3175
v -100.8000 998.0000 -42.5500
v -99.3322 998.0000 -42.3175
v -98.0080 998.0000 -41.6428
v -96.9572 998.0000 -40.5920
v -96.2825 998.0000 -39.2678
v -83.4500 62.0000 -37.8000
v -83.6825 62.0000 -36.3322
v -84.3572 62.0000 -35.0080
v -85.4080 62.0000 -33.9572
v -86.7322 62.0000 -33.2825
v -88.2000 62.0000 -33.0500
v -89.6678 62.0000 -33.2825
v -90.9920 62.0000 -33.9572
v -92.0428 62.0000 -35.0080
v -92.7175 62.0000 -36.3322
v -92.9500 62.0000 -37.8000
v -92.7175 62.0000 -39.2678
v -92.0428 62.0000 -40.5920
v -90.9920 62.0000 -41.6428
v -89.6678 62.0000 -42.3175
v -88.2000 62.0000 -42.5500
v -86.7322 62.0000 -42.3175
v -85.4080 62.0000 -41.6428
v -84.3572 62.0000 -40.5920
v -83.6825 62.0000 -39.2678
v -83.4500 998.0000 -37.8000
v -83.6825 998.0000 -36.3322
v -84.3572 998.0000 -35.0080
v -85.4080 998.0000 -33.9572
v -86.7322 998.0000 -33.2825
v -88.2000 998.0000 -33.0500
v -89.6678 998.0000 -33.2825
v -90.9920 998.0000 -33.9572
v -92.0428 998.0000 -35.0080
v -92.7175 998.0000 -36.3322
v -92.9500 998.0000 -37.8000
v -92.7175 998.0000 -39.2678
v -92.0428 998.0000 -40.5920
v -90.9920 998.0000 -41.6428
v -89.6678 998.0000 -42.3175
v -88.2000 998.0000 -42.5500
v -86.7322 998.0000 -42.3175
v -85.4080 998.0000 -41.6428
v -84.3572 998.0000 -40.5920
v -83.6825 998.0000 -39.2678
v -83.4500 62.0000 -37.8000
v -83.6825 62.0000 -36.3322
v -84.3572 62.0000 -35.0080
v -85.4080 62.0000 -33.9572
v -86.7322 62.0000 -33.2825
v -88.2000 62.0000 -33.0500
v -89.6678 62.0000 -33.2825
v -90.9920 62.0000 -33.9572
v -92.0428 62.0000 -35.0080
v -92.7175 62.0000 -36.3322
v -92.9500 62.0000 -37.8000
v -92.7175 62.0000 -39.2678
v -92.0428 62.0000 -40.5920
v -90.9920 62.0000 -41.6428
v -89.6678 62.0000 -42.3175
v -88.2000 62.0000 -42.5500
v -86.7322 62.0000 -42.3175
v -85.4080 62.0000 -41.6428
v -84.3572 62.0000 -40.5920
v -83.6825 62.0000 -39.2678
v -83.4500 998.0000 -37.8000
v -83.6825 998.0000 -36.3322
v -84.3572 998.0000 -35.0080
v -85.4080 998.0000 -33.9572
v -86.7322 998.0000 -33.2825
v -88.2000 998.0000 -33.0500
v -89.6678 998.0000 -33.2825
v -90.9920 998.0000 -33.9572
v -92.0428 998.0000 -35.0080
v -92.7175 998.0000 -36.3322
v -92.9500 998.0000 -37.8000
v -92.7175 998.0000 -39.2678
v -92.0428 998.0000 -40.5920
v -90.9920 998.0000 -41.6428
v -89.6678 998.0000 -42.3175
v -88.2000 998.0000 -42.5500
v -86.7322 998.0000 -42.3175
v -85.4080 998.0000 -41.6428
v -84.3572 998.0000 -40.5920
v -83.6825 998.0000 -39.2678
v -58.2500 62.0000 -37.8000
v -58.4825 62.0000 -36.3322
v -59.1572 62.0000 -35.0080
v -60.2080 62.0000 -33.9572
v -61.5322 62.0000 -33.2825
v -63.0000 62.0000 -33.0500
v -64.4678 62.0000 -33.2825
v -65.7920 62.0000 -33.9572
v -66.8428 62.0000 -35.0080
v -67.5175 62.0000 -36.3322
v -67.7500 62.0000 -37.8000
v -67.5175 62.0000 -39.2678
v -66.8428 62.0000 -40.5920
v -65.7920 62.0000 -41.6428
v -64.4678 62.0000 -42.3175
v -63.0000 62.0000 -42.5500
v -61.5322 62.0000 -42.3175
v -60.2080 62.0000 -41.6428
v -59.1572 62.0000 -40.5920
v -58.4825 62.0000 -39.2678
v -58.2500 998.0000 -37.8000
v -58.4825 998.0000 -36.3322
v -59.1572 998.0000 -35.0080
v -60.2080 998.0000 -33.9572
v -61.5322 998.0000 -33.2825
v -63.0000 998.0000 -33.0500
v -64.4678 998.0000 -33.2825
v -65.7920 998.0000 -33.9572
v -66.8428 998.0000 -35.0080
v -67.5175 998.0000 -36.3322
v -67.7500 998.0000 -37.8000
v -67.5175 998.0000 -39.2678
v -66.8428 998.0000 -40.5920
v -65.7920 998.0000 -41.6428
v -64.4678 998.0000 -42.3175
v -63.0000 998.0000 -42.5500
v -61.5322 998.0000 -42.3175
v -60.2080 998.0000 -41.6428
v -59.1572 998.0000 -40.5920
v -58.4825 998.0000 -39.2678
v -58.2500 62.0000 -37.8000
v -58.4825 62.0000 -36.3322
v -59.1572 62.0000 -35.0080
v -60.2080 62.0000 -33.9572
v -61.5322 62.0000 -33.2825
v -63.0000 62.0000 -33.0500
v -64.4678 62.0000 -33.2825
v -65.7920 62.0000 -33.9572
v -66.8428 62.0000 -35.0080
v -67.5175 62.0000 -36.3322
v -67.7500 62.0000 -37.8000
v -67.5175 62.0000 -39.2678
v -66.8428 62.0000 -40.5920
v -65.7920 62.0000 -41.6428
v -64.4678 62.0000 -42.3175
v -63.0000 62.0000 -42.5500
v -61.5322 62.0000 -42.3175
v -60.2080 62.0000 -41.6428
v -59.1572 62.0000 -40.5920
v -58.4825 62.0000 -39.2678
v -58.2500 998.0000 -37.8000
v -58.4825 998.0000 -36.3322
v -59.1572 998.0000 -35.0080
v -60.2080 998.0000 -33.9572
v -61.5322 998.0000 -33.2825
v -63.0000 998.0000 -33.0500
v -64.4678 998.0000 -33.2825
v -65.7920 998.0000 -33.9572
v -66.8428 998.0000 -35.0080
v -67.5175 998.0000 -36.3322
v -67.7500 998.0000 -37.8000
v -67.5175 998.0000 -39.2678
v -66.8428 998.0000 -40.5920
v -65.7920 998.0000 -41.6428
v -64.4678 998.0000 -42.3175
v -63.0000 998.0000 -42.5500
v -61.5322 998.0000 -42.3175
v -60.2080 998.0000 -41.6428
v -59.1572 998.0000 -40.5920
v -58.4825 998.0000 -39.2678
v -45.6500 62.0000 -37.8000
v -45.8825 62.0000 -36.3322
v -46.5572 62.0000 -35.0080
v -47.6080 62.0000 -33.9572
v -48.9322 62.0000 -33.2825
v -50.4000 62.0000 -33.0500
v -51.8678 62.0000 -33.2825
v -53.1920 62.0000 -33.9572
v -54.2428 62.0000 -35.0080
v -54.9175 62.0000 -36.3322
v -55.1500 62.0000 -37.8000
v -54.9175 62.0000 -39.2678
v -54.2428 62.0000 -40.5920
v -53.1920 62.0000 -41.6428
v -51.8678 62.0000 -42.3175
v -50.4000 62.0000 -42.5500
v -48.9322 62.0000 -42.3175
v -47.6080 62.0000 -41.6428
v -46.5572 62.0000 -40.5920
v -45.8825 62.0000 -39.2678
v -45.6500 998.0000 -37.8000
v -45.8825 998.0000 -36.3322
v -46.5572 998.0000 -35.0080
v -47.6080 998.0000 -33.9572
v -48.9322 998.0000 -33.2825
v -50.4000 998.0000 -33.0500
v -51.8678 998.0000 -33.2825
v -53.1920 998.0000 -33.9572
v -54.2428 998.0000 -35.0080
v -54.9175 998.0000 -36.3322
v -55.1500 998.0000 -37.8000
v -54.9175 998.0000 -39.2678
v -54.2428 998.0000 -40.5920
v -53.1920 998.0000 -41.6428
v -51.8678 998.0000 -42.3175
v -50.4000 998.0000 -42.5500
v -48.9322 998.0000 -42.3175
v -47.6080 998.0000 -41.6428
v -46.5572 998.0000 -40.5920
v -45.8825 998.0000 -39.2678
v -45.6500 62.0000 -37.8000
v -45.8825 62.0000 -36.3322
v -46.5572 62.0000 -35.0080
v -47.6080 62.0000 -33.9572
v -48.9322 62.0000 -33.2825
v -50.4000 62.0000 -33.0500
v -51.8678 62.0000 -33.2825
v -53.1920 62.0000 -33.9572
v -54.2428 62.0000 -35.0080
v -54.9175 62.0000 -36.3322
v -55.1500 62.0000 -37.8000
v -54.9175 62.0000 -39.2678
v -54.2428 62.0000 -40.5920
v -53.1920 62.0000 -41.6428
v -51.8678 62.0000 -42.3175
v -50.4000 62.0000 -42.5500
v -48.9322 62.0000 -42.3175
v -47.6080 62.0000 -41.6428
v -46.5572 62.0000 -40.5920
v -45.8825 62.0000 -39.2678
v -45.6500 998.0000 -37.8000
v -45.8825 998.0000 -36.3322
v -46.5572 998.0000 -35.0080
v -47.6080 998.0000 -33.9572
v -48.9322 998.0000 -33.2825
v -50.4000 998.0000 -33.0500
v -51.8678 998.0000 -33.2825
v -53.1920 998.0000 -33.9572
v -54.2428 998.0000 -35.0080
v -54.9175 998.0000 -36.3322
v -55.1500 998.0000 -37.8000
v -54.9175 998.0000 -39.2678
v -54.2428 998.0000 -40.5920
v -53.1920 998.0000 -41.6428
v -51.8678 998.0000 -42.3175
v -50.4000 998.0000 -42.5500
v -48.9322 998.0000 -42.3175
v -47.6080 998.0000 -41.6428
v -46.5572 998.0000 -40.5920
v -45.8825 998.0000 -39.2678
v -20.4500 62.0000 -37.8000
v -20.6825 62.0000 -36.3322
v -21.3572 62.0000 -35.0080
v -22.4080 62.0000 -33.9572
v -23.7322 62.0000 -33.2825
v -25.2000 62.0000 -33.0500
v -26.6678 62.0000 -33.2825
v -27.9920 62.0000 -33.9572
v -29.0428 62.0000 -35.0080
v -29.7175 62.0000 -36.3322
v -29.9500 62.0000 -37.8000
v -29.7175 62.0000 -39.2678
v -29.0428 62.0000 -40.5920
v -27.9920 62.0000 -41.6428
v -26.6678 62.0000 -42.3175
v -25.2000 62.0000 -42.5500
v -23.7322 62.0000 -42.3175
v -22.4080 62.0000 -41.6428
v -21.3572 62.0000 -40.5920
v -20.6825 62.0000 -39.2678
v -20.4500 998.0000 -37.8000
v -20.6825 998.0000 -36.3322
v -21.3572 998.0000 -35.0080
v -22.4080 998.0000 -33.9572
v -23.7322 998.0000 -33.2825
v -25.2000 998.0000 -33.0500
v -26.6678 998.0000 -33.2825
v -27.9920 998.0000 -33.9572
v -29.0428 998.0000 -35.0080
v -29.7175 998.0000 -36.3322
v -29.9500 998.0000 -37.8000
v -29.7175 998.0000 -39.2678
v -29.0428 998.0000 -40.5920
v -27.9920 998.0000 -41.6428
v -26.6678 998.0000 -42.3175
v -25.2000 998.0000 -42.5500
v -23.7322 998.0000 -42.3175
v -22.4080 998.0000 -41.6428
v -21.3572 998.0000 -40.5920
v -20.6825 998.0000 -39.2678
v -20.4500 62.0000 -37.8000
v -20.6825 62.0000 -36.3322
v -21.3572 62.0000 -35.0080
v -22.4080 62.0000 -33.9572
v -23.7322 62.0000 -33.2825
v -25.2000 62.0000 -33.0500
v -26.6678 62.0000 -33.2825
v -27.9920 62.0000 -33.9572
v -29.0428 62.0000 -35.0080
v -29.7175 62.0000 -36.3322
v -29.9500 62.0000 -37.8000
v -29.7175 62.0000 -39.2678
v -29.0428 62.0000 -40.5920
v -27.9920 62.0000 -41.6428
v -26.6678 62.0000 -42.3175
v -25.2000 62.0000 -42.5500
v -23.7322 62.0000 -42.3175
v -22.4080 62.0000 -41.6428
v -21.3572 62.0000 -40.5920
v -20.6825 62.0000 -39.2678
v -20.4500 998.0000 -37.8000
v -20.6825 998.0000 -36.3322
v -21.3572 998.0000 -35.0080
v -22.4080 998.0000 -33.9572
v -23.7322 998.0000 -33.2825
v -25.2000 998.0000 -33.0500
v -26.6678 998.0000 -33.2825
v -27.9920 998.0000 -33.9572
v -29.0428 998.0000 -35.0080
v -29.7175 998.0000 -36.3322
v -29.9500 998.0000 -37.8000
v -29.7175 998.0000 -39.2678
v -29.0428 998.0000 -40.5920
v -27.9920 998.0000 -41.6428
v -26.6678 998.0000 -42.3175
v -25.2000 998.0000 -42.5500
v -23.7322 998.0000 -42.3175
v -22.4080 998.0000 -41.6428
v -21.3572 998.0000 -40.5920
v -20.6825 998.0000 -39.2678
v -7.8500 62.0000 -37.8000
v -8.0825 62.0000 -36.3322
v -8.7572 62.0000 -35.0080
v -9.8080 62.0000 -33.9572
v -11.1322 62.0000 -33.2825
v -12.6000 62.0000 -33.0500
v -14.0678 62.0000 -33.2825
v -15.3920 62.0000 -33.9572
v -16.4428 62.0000 -35.0080
v -17.1175 62.0000 -36.3322
v -17.3500 62.0000 -37.8000
v -17.1175 62.0000 -39.2678
v -16.4428 62.0000 -40.5920
v -15.3920 62.0000 -41.6428
v -14.0678 62.0000 -42.3175
v -12.6000 62.0000 -42.5500
v -11.1322 62.0000 -42.3175
v -9.8080 62.0000 -41.6428
v -8.7572 62.0000 -40.5920
v -8.0825 62.0000 -39.2678
v -7.8500 998.0000 -37.8000
v -8.0825 998.0000 -36.3322
v -8.7572 998.0000 -35.0080
v -9.8080 998.0000 -33.9572
v -11.1322 998.0000 -33.2825
v -12.6000 998.0000 -33.0500
v -14.0678 998.0000 -33.2825
v -15.3920 998.0000 -33.9572
v -16.4428 998.0000 -35.0080
v -17.1175 998.0000 -36.3322
v -17.3500 998.0000 -37.8000
v -17.1175 998.0000 -39.2678
v -16.4428 998.0000 -40.5920
v -15.3920 998.0000 -41.6428
v -14.0678 998.0000 -42.3175
v -12.6000 998.0000 -42.5500
v -11.1322 998.0000 -42.3175
v -9.8080 998.0000 -41.6428
v -8.7572 998.0000 -40.5920
v -8.0825 998.0000 -39.2678
v -7.8500 62.0000 -37.8000
v -8.0825 62.0000 -36.3322
v -8.7572 62.0000 -35.0080
v -9.8080 62.0000 -33.9572
v -11.1322 62.0000 -33.2825
v -12.6000 62.0000 -33.0500
v -14.0678 62.0000 -33.2825
v -15.3920 62.0000 -33.9572
v -16.4428 62.0000 -35.0080
v -17.1175 62.0000 -36.3322
v -17.3500 62.0000 -37.8000
v -17.1175 62.0000 -39.2678
v -16.4428 62.0000 -40.5920
v -15.3920 62.0000 -41.6428
v -14.0678 62.0000 -42.3175
v -12.6000 62.0000 -42.5500
v -11.1322 62.0000 -42.3175
v -9.8080 62.0000 -41.6428
v -8.7572 62.0000 -40.5920
v -8.0825 62.0000 -39.2678
v -7.8500 998.0000 -37.8000
v -8.0825 998.0000 -36.3322
v -8.7572 998.0000 -35.0080
v -9.8080 998.0000 -33.9572
v -11.1322 998.0000 -33.2825
v -12.6000 998.0000 -33.0500
v -14.0678 998.0000 -33.2825
v -15.3920 998.0000 -33.9572
v -16.4428 998.0000 -35.0080
v -17.1175 998.0000 -36.3322
v -17.3500 998.0000 -37.8000
v -17.1175 998.0000 -39.2678
v -16.4428 998.0000 -40.5920
v -15.3920 998.0000 -41.6428
v -14.0678 998.0000 -42.3175
v -12.6000 998.0000 -42.5500
v -11.1322 998.0000 -42.3175
v -9.8080 998.0000 -41.6428
v -8.7572 998.0000 -40.5920
v -8.0825 998.0000 -39.2678
v 17.3500 62.0000 -37.8000
v 17.1175 62.0000 -36.3322
v 16.4428 62.0000 -35.0080
v 15.3920 62.0000 -33.9572
v 14.0678 62.0000 -33.2825
v 12.6000 62.0000 -33.0500
v 11.1322 62.0000 -33.2825
v 9.8080 62.0000 -33.9572
v 8.7572 62.0000 -35.0080
v 8.0825 62.0000 -36.3322
v 7.8500 62.0000 -37.8000
v 8.0825 62.0000 -39.2678
v 8.7572 62.0000 -40.5920
v 9.8080 62.0000 -41.6428
v 11.1322 62.0000 -42.3175
v 12.6000 62.0000 -42.5500
v 14.0678 62.0000 -42.3175
v 15.3920 62.0000 -41.6428
v 16.4428 62.0000 -40.5920
v 17.1175 62.0000 -39.2678
v 17.3500 998.0000 -37.8000
v 17.1175 998.0000 -36.3322
v 16.4428 998.0000 -35.0080
v 15.3920 998.0000 -33.9572
v 14.0678 998.0000 -33.2825
v 12.6000 998.0000 -33.0500
v 11.1322 998.0000 -33.2825
v 9.8080 998.0000 -33.9572
v 8.7572 998.0000 -35.0080
v 8.0825 998.0000 -36.3322
v 7.8500 998.0000 -37.8000
v 8.0825 998.0000 -39.2678
v 8.7572 998.0000 -40.5920
v 9.8080 998.0000 -41.6428
v 11.1322 998.0000 -42.3175
v 12.6000 998.0000 -42.5500
v 14.0678 998.0000 -42.3175
v 15.3920 998.0000 -41.6428
v 16.4428 998.0000 -40.5920
v 17.1175 998.0000 -39.2678
v 17.3500 62.0000 -37.8000
v 17.1175 62.0000 -36.3322
v 16.4428 62.0000 -35.0080
v 15.3920 62.0000 -33.9572
v 14.0678 62.0000 -33.2825
v 12.6000 62.0000 -33.0500
v 11.1322 62.0000 -33.2825
v 9.8080 62.0000 -33.9572
v 8.7572 62.0000 -35.0080
v 8.0825 62.0000 -36.3322
v 7.8500 62.0000 -37.8000
v 8.0825 62.0000 -39.2678
v 8.7572 62.0000 -40.5920
v 9.8080 62.0000 -41.6428
v 11.1322 62.0000 -42.3175
v 12.6000 62.0000 -42.5500
v 14.0678 62.0000 -42.3175
v 15.3920 62.0000 -41.6428
v 16.4428 62.0000 -40.5920
v 17.1175 62.0000 -39.2678
v 17.3500 998.0000 -37.8000
v 17.1175 998.0000 -36.3322
v 16.4428 998.0000 -35.0080
v 15.3920 998.0000 -33.9572
v 14.0678 998.0000 -33.2825
v 12.6000 998.0000 -33.0500
v 11.1322 998.0000 -33.2825
v 9.8080 998.0000 -33.9572
v 8.7572 998.0000 -35.0080
v 8.0825 998.0000 -36.3322
v 7.8500 998.0000 -37.8000
v 8.0825 998.0000 -39.2678
v 8.7572 998.0000 -40.5920
v 9.8080 998.0000 -41.6428
v 11.1322 998.0000 -42.3175
v 12.6000 998.0000 -42.5500
v 14.0678 998.0000 -42.3175
v 15.3920 998.0000 -41.6428
v 16.4428 998.0000 -40.5920
v 17.1175 998.0000 -39.2678
v 29.9500 62.0000 -37.8000
v 29.7175 62.0000 -36.3322
v 29.0428 62.0000 -35.0080
v 27.9920 62.0000 -33.9572
v 26.6678 62.0000 -33.2825
v 25.2000 62.0000 -33.0500
v 23.7322 62.0000 -33.2825
v 22.4080 62.0000 -33.9572
v 21.3572 62.0000 -35.0080
v 20.6825 62.0000 -36.3322
v 20.4500 62.0000 -37.8000
v 20.6825 62.0000 -39.2678
v 21.3572 62.0000 -40.5920
v 22.4080 62.0000 -41.6428
v 23.7322 62.0000 -42.3175
v 25.2000 62.0000 -42.5500
v 26.6678 62.0000 -42.3175
v 27.9920 62.0000 -41.6428
v 29.0428 62.0000 -40.5920
v 29.7175 62.0000 -39.2678
v 29.9500 998.0000 -37.8000
v 29.7175 998.0000 -36.3322
v 29.0428 998.0000 -35.0080
v 27.9920 998.0000 -33.9572
v 26.6678 998.0000 -33.2825
v 25.2000 998.0000 -33.0500
v 23.7322 998.0000 -33.2825
v 22.4080 998.0000 -33.9572
v 21.3572 998.0000 -35.0080
v 20.6825 998.0000 -36.3322
v 20.4500 998.0000 -37.8000
v 20.6825 998.0000 -39.2678
v 21.3572 998.0000 -40.5920
v 22.4080 998.0000 -41.6428
v 23.7322 998.0000 -42.3175
v 25.2000 998.0000 -42.5500
v 26.6678 998.0000 -42.3175
v 27.9920 998.0000 -41.6428
v 29.0428 998.0000 -40.5920
v 29.7175 998.0000 -39.2678
v 29.9500 62.0000 -37.8000
v 29.7175 62.0000 -36.3322
v 29.0428 62.0000 -35.0080
v 27.9920 62.0000 -33.9572
v 26.6678 62.0000 -33.2825
v 25.2000 62.0000 -33.0500
v 23.7322 62.0000 -33.2825
v 22.4080 62.0000 -33.9572
v 21.3572 62.0000 -35.0080
v 20.6825 62.0000 -36.3322
v 20.4500 62.0000 -37.8000
v 20.6825 62.0000 -39.2678
v 21.3572 62.0000 -40.5920
v 22.4080 62.0000 -41.6428
v 23.7322 62.0000 -42.3175
v 25.2000 62.0000 -42.5500
v 26.6678 62.0000 -42.3175
v 27.9920 62.0000 -41.6428
v 29.0428 62.0000 -40.5920
v 29.7175 62.0000 -39.2678
v 29.9500 998.0000 -37.8000
v 29.7175 998.0000 -36.3322
v 29.0428 998.0000 -35.0080
v 27.9920 998.0000 -33.9572
v 26.6678 998.0000 -33.2825
v 25.2000 998.0000 -33.0500
v 23.7322 998.0000 -33.2825
v 22.4080 998.0000 -33.9572
v 21.3572 998.0000 -35.0080
v 20.6825 998.0000 -36.3322
v 20.4500 998.0000 -37.8000
v 20.6825 998.0000 -39.2678
v 21.3572 998.0000 -40.5920
v 22.4080 998.0000 -41.6428
v 23.7322 998.0000 -42.3175
v 25.2000 998.0000 -42.5500
v 26.6678 998.0000 -42.3175
v 27.9920 998.0000 -41.6428
v 29.0428 998.0000 -40.5920
v 29.7175 998.0000 -39.2678
v 55.1500 62.0000 -37.8000
v 54.9175 62.0000 -36.3322
v 54.2428 62.0000 -35.0080
v 53.1920 62.0000 -33.9572
v 51.8678 62.0000 -33.2825
v 50.4000 62.0000 -33.0500
v 48.9322 62.0000 -33.2825
v 47.6080 62.0000 -33.9572
v 46.5572 62.0000 -35.0080
v 45.8825 62.0000 -36.3322
v 45.6500 62.0000 -37.8000
v 45.8825 62.0000 -39.2678
v 46.5572 62.0000 -40.5920
v 47.6080 62.0000 -41.6428
v 48.9322 62.0000 -42.3175
v 50.4000 62.0000 -42.5500
v 51.8678 62.0000 -42.3175
v 53.1920 62.0000 -41.6428
v 54.2428 62.0000 -40.5920
v 54.9175 62.0000 -39.2678
v 55.1500 998.0000 -37.8000
v 54.9175 998.0000 -36.3322
v 54.2428 998.0000 -35.0080
v 53.1920 998.0000 -33.9572
v 51.8678 998.0000 -33.2825
v 50.4000 998.0000 -33.0500
v 48.9322 998.0000 -33.2825
v 47.6080 998.0000 -33.9572
v 46.5572 998.0000 -35.0080
v 45.8825 998.0000 -36.3322
v 45.6500 998.0000 -37.8000
v 45.8825 998.0000 -39.2678
v 46.5572 998.0000 -40.5920
v 47.6080 998.0000 -41.6428
v 48.9322 998.0000 -42.3175
v 50.4000 998.0000 -42.5500
v 51.8678 998.0000 -42.3175
v 53.1920 998.0000 -41.6428
v 54.2428 998.0000 -40.5920
v 54.9175 998.0000 -39.2678
v 55.1500 62.0000 -37.8000
v 54.9175 62.0000 -36.3322
v 54.2428 62.0000 -35.0080
v 53.1920 62.0000 -33.9572
v 51.8678 62.0000 -33.2825
v 50.4000 62.0000 -33.0500
v 48.9322 62.0000 -33.2825
v 47.6080 62.0000 -33.9572
v 46.5572 62.0000 -35.0080
v 45.8825 62.0000 -36.3322
v 45.6500 62.0000 -37.8000
v 45.8825 62.0000 -39.2678
v 46.5572 62.0000 -40.5920
v 47.6080 62.0000 -41.6428
v 48.9322 62.0000 -42.3175
v 50.4000 62.0000 -42.5500
v 51.8678 62.0000 -42.3175
v 53.1920 62.0000 -41.6428
v 54.2428 62.0000 -40.5920
v 54.9175 62.0000 -39.2678
v 55.1500 998.0000 -37.8000
v 54.9175 998.0000 -36.3322
v 54.2428 998.0000 -35.0080
v 53.1920 998.0000 -33.9572
v 51.8678 998.0000 -33.2825
v 50.4000 998.0000 -33.0500
v 48.9322 998.0000 -33.2825
v 47.6080 998.0000 -33.9572
v 46.5572 998.0000 -35.0080
v 45.8825 998.0000 -36.3322
v 45.6500 998.0000 -37.8000
v 45.8825 998.0000 -39.2678
v 46.5572 998.0000 -40.5920
v 47.6080 998.0000 -41.6428
v 48.9322 998.0000 -42.3175
v 50.4000 998.0000 -42.5500
v 51.8678 998.0000 -42.3175
v 53.1920 998.0000 -41.6428
v 54.2428 998.0000 -40.5920
v 54.9175 998.0000 -39.2678
v 67.7500 62.0000 -37.8000
v 67.5175 62.0000 -36.3322
v 66.8428 62.0000 -35.0080
v 65.7920 62.0000 -33.9572
v 64.4678 62.0000 -33.2825
v 63.0000 62.0000 -33.0500
v 61.5322 62.0000 -33.2825
v 60.2080 62.0000 -33.9572
v 59.1572 62.0000 -35.0080
v 58.4825 62.0000 -36.3322
v 58.2500 62.0000 -37.8000
v 58.4825 62.0000 -39.2678
v 59.1572 62.0000 -40.5920
v 60.2080 62.0000 -41.6428
v 61.5322 62.0000 -42.3175
v 63.0000 62.0000 -42.5500
v 64.4678 62.0000 -42.3175
v 65.7920 62.0000 -41.6428
v 66.8428 62.0000 -40.5920
v 67.5175 62.0000 -39.2678
v 67.7500 998.0000 -37.8000
v 67.5175 998.0000 -36.3322
v 66.8428 998.0000 -35.0080
v 65.7920 998.0000 -33.9572
v 64.4678 998.0000 -33.2825
v 63.0000 998.0000 -33.0500
v 61.5322 998.0000 -33.2825
v 60.2080 998.0000 -33.9572
v 59.1572 998.0000 -35.0080
v 58.4825 998.0000 -36.3322
v 58.2500 998.0000 -37.8000
v 58.4825 998.0000 -39.2678
v 59.1572 998.0000 -40.5920
v 60.2080 998.0000 -41.6428
v 61.5322 998.0000 -42.3175
v 63.0000 998.0000 -42.5500
v 64.4678 998.0000 -42.3175
v 65.7920 998.0000 -41.6428
v 66.8428 998.0000 -40.5920
v 67.5175 998.0000 -39.2678
v 67.7500 62.0000 -37.8000
v 67.5175 62.0000 -36.3322
v 66.8428 62.0000 -35.0080
v 65.7920 62.0000 -33.9572
v 64.4678 62.0000 -33.2825
v 63.0000 62.0000 -33.0500
v 61.5322 62.0000 -33.2825
v 60.2080 62.0000 -33.9572
v 59.1572 62.0000 -35.0080
v 58.4825 62.0000 -36.3322
v 58.2500 62.0000 -37.8000
v 58.4825 62.0000 -39.2678
v 59.1572 62.0000 -40.5920
v 60.2080 62.0000 -41.6428
v 61.5322 62.0000 -42.3175
v 63.0000 62.0000 -42.5500
v 64.4678 62.0000 -42.3175
v 65.7920 62.0000 -41.6428
v 66.8428 62.0000 -40.5920
v 67.5175 62.0000 -39.2678
v 67.7500 998.0000 -37.8000
v 67.5175 998.0000 -36.3322
v 66.8428 998.0000 -35.0080
v 65.7920 998.0000 -33.9572
v 64.4678 998.0000 -33.2825
v 63.0000 998.0000 -33.0500
v 61.5322 998.0000 -33.2825
v 60.2080 998.0000 -33.9572
v 59.1572 998.0000 -35.0080
v 58.4825 998.0000 -36.3322
v 58.2500 998.0000 -37.8000
v 58.4825 998.0000 -39.2678
v 59.1572 998.0000 -40.5920
v 60.2080 998.0000 -41.6428
v 61.5322 998.0000 -42.3175
v 63.0000 998.0000 -42.5500
v 64.4678 998.0000 -42.3175
v 65.7920 998.0000 -41.6428
v 66.8428 998.0000 -40.5920
v 67.5175 998.0000 -39.2678
v 92.9500 62.0000 -37.8000
v 92.7175 62.0000 -36.3322
v 92.0428 62.0000 -35.0080
v 90.9920 62.0000 -33.9572
v 89.6678 62.0000 -33.2825
v 88.2000 62.0000 -33.0500
v 86.7322 62.0000 -33.2825
v 85.4080 62.0000 -33.9572
v 84.3572 62.0000 -35.0080
v 83.6825 62.0000 -36.3322
v 83.4500 62.0000 -37.8000
v 83.6825 62.0000 -39.2678
v 84.3572 62.0000 -40.5920
v 85.4080 62.0000 -41.6428
v 86.7322 62.0000 -42.3175
v 88.2000 62.0000 -42.5500
v 89.6678 62.0000 -42.3175
v 90.9920 62.0000 -41.6428
v 92.0428 62.0000 -40.5920
v 92.7175 62.0000 -39.2678
v 92.9500 998.0000 -37.8000
v 92.7175 998.0000 -36.3322
v 92.0428 998.0000 -35.0080
v 90.9920 998.0000 -33.9572
v 89.6678 998.0000 -33.2825
v 88.2000 998.0000 -33.0500
v 86.7322 998.0000 -33.2825
v 85.4080 998.0000 -33.9572
v 84.3572 998.0000 -35.0080
v 83.6825 998.0000 -36.3322
v 83.4500 998.0000 -37.8000
v 83.6825 998.0000 -39.2678
v 84.3572 998.0000 -40.5920
v 85.4080 998.0000 -41.6428
v 86.7322 998.0000 -42.3175
v 88.2000 998.0000 -42.5500
v 89.6678 998.0000 -42.3175
v 90.9920 998.0000 -41.6428
v 92.0428 998.0000 -40.5920
v 92.7175 998.0000 -39.2678
v 92.9500 62.0000 -37.8000
v 92.7175 62.0000 -36.3322
v 92.0428 62.0000 -35.0080
v 90.9920 62.0000 -33.9572
v 89.6678 62.0000 -33.2825
v 88.2000 62.0000 -33.0500
v 86.7322 62.0000 -33.2825
v 85.4080 62.0000 -33.9572
v 84.3572 62.0000 -35.0080
v 83.6825 62.0000 -36.3322
v 83.4500 62.0000 -37.8000
v 83.6825 62.0000 -39.2678
v 84.3572 62.0000 -40.5920
v 85.4080 62.0000 -41.6428
v 86.7322 62.0000 -42.3175
v 88.2000 62.0000 -42.5500
v 89.6678 62.0000 -42.3175
v 90.9920 62.0000 -41.6428
v 92.0428 62.0000 -40.5920
v 92.7175 62.0000 -39.2678
v 92.9500 998.0000 -37.8000
v 92.7175 998.0000 -36.3322
v 92.0428 998.0000 -35.0080
v 90.9920 998.0000 -33.9572
v 89.6678 998.0000 -33.2825
v 88.2000 998.0000 -33.0500
v 86.7322 998.0000 -33.2825
v 85.4080 998.0000 -33.9572
v 84.3572 998.0000 -35.0080
v 83.6825 998.0000 -36.3322
v 83.4500 998.0000 -37.8000
v 83.6825 998.0000 -39.2678
v 84.3572 998.0000 -40.5920
v 85.4080 998.0000 -41.6428
v 86.7322 998.0000 -42.3175
v 88.2000 998.0000 -42.5500
v 89.6678 998.0000 -42.3175
v 90.9920 998.0000 -41.6428
v 92.0428 998.0000 -40.5920
v 92.7175 998.0000 -39.2678
v 105.5500 62.0000 -37.8000
v 105.3175 62.0000 -36.3322
v 104.6428 62.0000 -35.0080
v 103.5920 62.0000 -33.9572
v 102.2678 62.0000 -33.2825
v 100.8000 62.0000 -33.0500
v 99.3322 62.0000 -33.2825
v 98.0080 62.0000 -33.9572
v 96.9572 62.0000 -35.0080
v 96.2825 62.0000 -36.3322
v 96.0500 62.0000 -37.8000
v 96.2825 62.0000 -39.2678
v 96.9572 62.0000 -40.5920
v 98.0080 62.0000 -41.6428
v 99.3322 62.0000 -42.3175
v 100.8000 62.0000 -42.5500
v 102.2678 62.0000 -42.3175
v 103.5920 62.0000 -41.6428
v 104.6428 62.0000 -40.5920
v 105.3175 62.0000 -39.2678
v 105.5500 998.0000 -37.8000
v 105.3175 998.0000 -36.3322
v 104.6428 998.0000 -35.0080
v 103.5920 998.0000 -33.9572
v 102.2678 998.0000 -33.2825
v 100.8000 998.0000 -33.0500
v 99.3322 998.0000 -33.2825
v 98.0080 998.0000 -33.9572
v 96.9572 998.0000 -35.0080
v 96.2825 998.0000 -36.3322
v 96.0500 998.0000 -37.8000
v 96.2825 998.0000 -39.2678
v 96.9572 998.0000 -40.5920
v 98.0080 998.0000 -41.6428
v 99.3322 998.0000 -42.3175
v 100.8000 998.0000 -42.5500
v 102.2678 998.0000 -42.3175
v 103.5920 998.0000 -41.6428
v 104.6428 998.0000 -40.5920
v 105.3175 998.0000 -39.2678
v 105.5500 62.0000 -37.8000
v 105.3175 62.0000 -36.3322
v 104.6428 62.0000 -35.0080
v 103.5920 62.0000 -33.9572
v 102.2678 62.0000 -33.2825
v 100.8000 62.0000 -33.0500
v 99.3322 62.0000 -33.2825
v 98.0080 62.0000 -33.9572
v 96.9572 62.0000 -35.0080
v 96.2825 62.0000 -36.3322
v 96.0500 62.0000 -37.8000
v 96.2825 62.0000 -39.2678
v 96.9572 62.0000 -40.5920
v 98.0080 62.0000 -41.6428
v 99.3322 62.0000 -42.3175
v 100.8000 62.0000 -42.5500
v 102.2678 62.0000 -42.3175
v 103.5920 62.0000 -41.6428
v 104.6428 62.0000 -40.5920
v 105.3175 62.0000 -39.2678
v 105.5500 998.0000 -37.8000
v 105.3175 998.0000 -36.3322
v 104.6428 998.0000 -35.0080
v 103.5920 998.0000 -33.9572
v 102.2678 998.0000 -33.2825
v 100.8000 998.0000 -33.0500
v 99.3322 998.0000 -33.2825
v 98.0080 998.0000 -33.9572
v 96.9572 998.0000 -35.0080
v 96.2825 998.0000 -36.3322
v 96.0500 998.0000 -37.8000
v 96.2825 998.0000 -39.2678
v 96.9572 998.0000 -40.5920
v 98.0080 998.0000 -41.6428
v 99.3322 998.0000 -42.3175
v 100.8000 998.0000 -42.5500
v 102.2678 998.0000 -42.3175
v 103.5920 998.0000 -41.6428
v 104.6428 998.0000 -40.5920
v 105.3175 998.0000 -39.2678
v -96.0500 62.0000 -25.2000
v -96.2825 62.0000 -23.7322
v -96.9572 62.0000 -22.4080
v -98.0080 62.0000 -21.3572
v -99.3322 62.0000 -20.6825
v -100.8000 62.0000 -20.4500
v -102.2678 62.0000 -20.6825
v -103.5920 62.0000 -21.3572
v -104.6428 62.0000 -22.4080
v -105.3175 62.0000 -23.7322
v -105.5500 62.0000 -25.2000
v -105.3175 62.0000 -26.6678
v -104.6428 62.0000 -27.9920
v -103.5920 62.0000 -29.0428
v -102.2678 62.0000 -29.7175
v -100.8000 62.0000 -29.9500
v -99.3322 62.0000 -29.7175
v -98.0080 62.0000 -29.0428
v -96.9572 62.0000 -27.9920
v -96.2825 62.0000 -26.6678
v -96.0500 998.0000 -25.2000
v -96.2825 998.0000 -23.7322
v -96.9572 998.0000 -22.4080
v -98.0080 998.0000 -21.3572
v -99.3322 998.0000 -20.6825
v -100.8000 998.0000 -20.4500
v -102.2678 998.0000 -20.6825
v -103.5920 998.0000 -21.3572
v -104.6428 998.0000 -22.4080
v -105.3175 998.0000 -23.7322
v -105.5500 998.0000 -25.2000
v -105.3175 998.0000 -26.6678
v -104.6428 998.0000 -27.9920
v -103.5920 998.0000 -29.0428
v -102.2678 998.0000 -29.7175
v -100.8000 998.0000 -29.9500
v -99.3322 998.0000 -29.7175
v -98.0080 998.0000 -29.0428
v -96.9572 998.0000 -27.9920
v -96.2825 998.0000 -26.6678
v -96.0500 62.0000 -25.2000
v -96.2825 62.0000 -23.7322
v -96.9572 62.0000 -22.4080
v -98.0080 62.0000 -21.3572
v -99.3322 62.0000 -20.6825
v -100.8000 62.0000 -20.4500
v -102.2678 62.0000 -20.6825
v -103.5920 62.0000 -21.3572
v -104.6428 62.0000 -22.4080
v -105.3175 62.0000 -23.7322
v -105.5500 62.0000 -25.2000
v -105.3175 62.0000 -26.6678
v -104.6428 62.0000 -27.9920
v -103.5920 62.0000 -29.0428
v -102.2678 62.0000 -29.7175
v -100.8000 62.0000 -29.9500
v -99.3322 62.0000 -29.7175
v -98.0080 62.0000 -29.0428
v -96.9572 62.0000 -27.9920
v -96.2825 62.0000 -26.6678
v -96.0500 998.0000 -25.2000
v -96.2825 998.0000 -23.7322
v -96.9572 998.0000 -22.4080
v -98.0080 998.0000 -21.3572
v -99.3322 998.0000 -20.6825
v -100.8000 998.0000 -20.4500
v -102.2678 998.0000 -20.6825
v -103.5920 998.0000 -21.3572
v -104.6428 998.0000 -22.4080
v -105.3175 998.0000 -23.7322
v -105.5500 998.0000 -25.2000
v -105.3175 998.0000 -26.6678
v -104.6428 998.0000 -27.9920
v -103.5920 998.0000 -29.0428
v -102.2678 998.0000 -29.7175
v -100.8000 998.0000 -29.9500
v -99.3322 998.0000 -29.7175
v -98.0080 998.0000 -29.0428
v -96.9572 998.0000 -27.9920
v -96.2825 998.0000 -26.6678
v -83.4500 62.0000 -25.2000
v -83.6825 62.0000 -23.7322
v -84.3572 62.0000 -22.4080
v -85.4080 62.0000 -21.3572
v -86.7322 62.0000 -20.6825
v -88.2000 62.0000 -20.4500
v -89.6678 62.0000 -20.6825
v -90.9920 62.0000 -21.3572
v -92.0428 62.0000 -22.4080
v -92.7175 62.0000 -23.7322
v -92.9500 62.0000 -25.2000
v -92.7175 62.0000 -26.6678
v -92.0428 62.0000 -27.9920
v -90.9920 62.0000 -29.0428
v -89.6678 62.0000 -29.7175
v -88.2000 62.0000 -29.9500
v -86.7322 62.0000 -29.7175
v -85.4080 62.0000 -29.0428
v -84.3572 62.0000 -27.9920
v -83.6825 62.0000 -26.6678
v -83.4500 998.0000 -25.2000
v -83.6825 998.0000 -23.7322
v -84.3572 998.0000 -22.4080
v -85.4080 998.0000 -21.3572
v -86.7322 998.0000 -20.6825
v -88.2000 998.0000 -20.4500
v -89.6678 998.0000 -20.6825
v -90.9920 998.0000 -21.3572
v -92.0428 998.0000 -22.4080
v -92.7175 998.0000 -23.7322
v -92.9500 998.0000 -25.2000
v -92.7175 998.0000 -26.6678
v -92.0428 998.0000 -27.9920
v -90.9920 998.0000 -29.0428
v -89.6678 998.0000 -29.7175
v -88.2000 998.0000 -29.9500
v -86.7322 998.0000 -29.7175
v -85.4080 998.0000 -29.0428
v -84.3572 998.0000 -27.9920
v -83.6825 998.0000 -26.6678
v -83.4500 62.0000 -25.2000
v -83.6825 62.0000 -23.7322
v -84.3572 62.0000 -22.4080
v -85.4080 62.0000 -21.3572
v -86.7322 62.0000 -20.6825
v -88.2000 62.0000 -20.4500
v -89.6678 62.0000 -20.6825
v -90.9920 62.0000 -21.3572
v -92.0428 62.0000 -22.4080
v -92.7175 62.0000 -23.7322
v -92.9500 62.0000 -25.2000
v -92.7175 62.0000 -26.6678
v -92.0428 62.0000 -27.9920
v -90.9920 62.0000 -29.0428
v -89.6678 62.0000 -29.7175
v -88.2000 62.0000 -29.9500
v -86.7322 62.0000 -29.7175
v -85.4080 62.0000 -29.0428
v -84.3572 62.0000 -27.9920
v -83.6825 62.0000 -26.6678
v -83.4500 998.0000 -25.2000
v -83.6825 998.0000 -23.7322
v -84.3572 998.0000 -22.4080
v -85.4080 998.0000 -21.3572
v -86.7322 998.0000 -20.6825
v -88.2000 998.0000 -20.4500
v -89.6678 998.0000 -20.6825
v -90.9920 998.0000 -21.3572
v -92.0428 998.0000 -22.4080
v -92.7175 998.0000 -23.7322
v -92.9500 998.0000 -25.2000
v -92.7175 998.0000 -26.6678
v -92.0428 998.0000 -27.9920
v -90.9920 998.0000 -29.0428
v -89.6678 998.0000 -29.7175
v -88.2000 998.0000 -29.9500
v -86.7322 998.0000 -29.7175
v -85.4080 998.0000 -29.0428
v -84.3572 998.0000 -27.9920
v -83.6825 998.0000 -26.6678
v -70.8500 62.0000 -25.2000
v -71.0825 62.0000 -23.7322
v -71.7572 62.0000 -22.4080
v -72.8080 62.0000 -21.3572
v -74.1322 62.0000 -20.6825
v -75.6000 62.0000 -20.4500
v -77.0678 62.0000 -20.6825
v -78.3920 62.0000 -21.3572
v -79.4428 62.0000 -22.4080
v -80.1175 62.0000 -23.7322
v -80.3500 62.0000 -25.2000
v -80.1175 62.0000 -26.6678
v -79.4428 62.0000 -27.9920
v -78.3920 62.0000 -29.0428
v -77.0678 62.0000 -29.7175
v -75.6000 62.0000 -29.9500
v -74.1322 62.0000 -29.7175
v -72.8080 62.0000 -29.0428
v -71.7572 62.0000 -27.9920
v -71.0825 62.0000 -26.6678
v -70.8500 998.0000 -25.2000
v -71.0825 998.0000 -23.7322
v -71.7572 998.0000 -22.4080
v -72.8080 998.0000 -21.3572
v -74.1322 998.0000 -20.6825
v -75.6000 998.0000 -20.4500
v -77.0678 998.0000 -20.6825
v -78.3920 998.0000 -21.3572
v -79.4428 998.0000 -22.4080
v -80.1175 998.0000 -23.7322
v -80.3500 998.0000 -25.2000
v -80.1175 998.0000 -26.6678
v -79.4428 998.0000 -27.9920
v -78.3920 998.0000 -29.0428
v -77.0678 998.0000 -29.7175
v -75.6000 998.0000 -29.9500
v -74.1322 998.0000 -29.7175
v -72.8080 998.0000 -29.0428
v -71.7572 998.0000 -27.9920
v -71.0825 998.0000 -26.6678
v -70.8500 62.0000 -25.2000
v -71.0825 62.0000 -23.7322
v -71.7572 62.0000 -22.4080
v -72.8080 62.0000 -21.3572
v -74.1322 62.0000 -20.6825
v -75.6000 62.0000 -20.4500
v -77.0678 62.0000 -20.6825
v -78.3920 62.0000 -21.3572
v -79.4428 62.0000 -22.4080
v -80.1175 62.0000 -23.7322
v -80.3500 62.0000 -25.2000
v -80.1175 62.0000 -26.6678
v -79.4428 62.0000 -27.9920
v -78.3920 62.0000 -29.0428
v -77.0678 62.0000 -29.7175
v -75.6000 62.0000 -29.9500
v -74.1322 62.0000 -29.7175
v -72.8080 62.0000 -29.0428
v -71.7572 62.0000 -27.9920
v -71.0825 62.0000 -26.6678
v -70.8500 998.0000 -25.2000
v -71.0825 998.0000 -23.7322
v -71.7572 998.0000 -22.4080
v -72.8080 998.0000 -21.3572
v -74.1322 998.0000 -20.6825
v -75.6000 998.0000 -20.4500
v -77.0678 998.0000 -20.6825
v -78.3920 998.0000 -21.3572
v -79.4428 998.0000 -22.4080
v -80.1175 998.0000 -23.7322
v -80.3500 998.0000 -25.2000
v -80.1175 998.0000 -26.6678
v -79.4428 998.0000 -27.9920
v -78.3920 998.0000 -29.0428
v -77.0678 998.0000 -29.7175
v -75.6000 998.0000 -29.9500
v -74.1322 998.0000 -29.7175
v -72.8080 998.0000 -29.0428
v -71.7572 998.0000 -27.9920
v -71.0825 998.0000 -26.6678
v -58.2500 62.0000 -25.2000
v -58.4825 62.0000 -23.7322
v -59.1572 62.0000 -22.4080
v -60.2080 62.0000 -21.3572
v -61.5322 62.0000 -20.6825
v -63.0000 62.0000 -20.4500
v -64.4678 62.0000 -20.6825
v -65.7920 62.0000 -21.3572
v -66.8428 62.0000 -22.4080
v -67.5175 62.0000 -23.7322
v -67.7500 62.0000 -25.2000
v -67.5175 62.0000 -26.6678
v -66.8428 62.0000 -27.9920
v -65.7920 62.0000 -29.0428
v -64.4678 62.0000 -29.7175
v -63.0000 62.0000 -29.9500
v -61.5322 62.0000 -29.7175
v -60.2080 62.0000 -29.0428
v -59.1572 62.0000 -27.9920
v -58.4825 62.0000 -26.6678
v -58.2500 998.0000 -25.2000
v -58.4825 998.0000 -23.7322
v -59.1572 998.0000 -22.4080
v -60.2080 998.0000 -21.3572
v -61.5322 998.0000 -20.6825
v -63.0000 998.0000 -20.4500
v -64.4678 998.0000 -20.6825
v -65.7920 998.0000 -21.3572
v -66.8428 998.0000 -22.4080
v -67.5175 998.0000 -23.7322
v -67.7500 998.0000 -25.2000
v -67.5175 998.0000 -26.6678
v -66.8428 998.0000 -27.9920
v -65.7920 998.0000 -29.0428
v -64.4678 998.0000 -29.7175
v -63.0000 998.0000 -29.9500
v -61.5322 998.0000 -29.7175
v -60.2080 998.0000 -29.0428
v -59.1572 998.0000 -27.9920
v -58.4825 998.0000 -26.6678
v -58.2500 62.0000 -25.2000
v -58.4825 62.0000 -23.7322
v -59.1572 62.0000 -22.4080
v -60.2080 62.0000 -21.3572
v -61.5322 62.0000 -20.6825
v -63.0000 62.0000 -20.4500
v -64.4678 62.0000 -20.6825
v -65.7920 62.0000 -21.3572
v -66.8428 62.0000 -22.4080
v -67.5175 62.0000 -23.7322
v -67.7500 62.0000 -25.2000
v -67.5175 62.0000 -26.6678
v -66.8428 62.0000 -27.9920
v -65.7920 62.0000 -29.0428
v -64.4678 62.0000 -29.7175
v -63.0000 62.0000 -29.9500
v -61.5322 62.0000 -29.7175
v -60.2080 62.0000 -29.0428
v -59.1572 62.0000 -27.9920
v -58.4825 62.0000 -26.6678
v -58.2500 998.0000 -25.2000
v -58.4825 998.0000 -23.7322
v -59.1572 998.0000 -22.4080
v -60.2080 998.0000 -21.3572
v -61.5322 998.0000 -20.6825
v -63.0000 998.0000 -20.4500
v -64.4678 998.0000 -20.6825
v -65.7920 998.0000 -21.3572
v -66.8428 998.0000 -22.4080
v -67.5175 998.0000 -23.7322
v -67.7500 998.0000 -25.2000
v -67.5175 998.0000 -26.6678
v -66.8428 998.0000 -27.9920
v -65.7920 998.0000 -29.0428
v -64.4678 998.0000 -29.7175
v -63.0000 998.0000 -29.9500
v -61.5322 998.0000 -29.7175
v -60.2080 998.0000 -29.0428
v -59.1572 998.0000 -27.9920
v -58.4825 998.0000 -26.6678
v -45.6500 62.0000 -25.2000
v -45.8825 62.0000 -23.7322
v -46.5572 62.0000 -22.4080
v -47.6080 62.0000 -21.3572
v -48.9322 62.0000 -20.6825
v -50.4000 62.0000 -20.4500
v -51.8678 62.0000 -20.6825
v -53.1920 62.0000 -21.3572
v -54.2428 62.0000 -22.4080
v -54.9175 62.0000 -23.7322
v -55.1500 62.0000 -25.2000
v -54.9175 62.0000 -26.6678
v -54.2428 62.0000 -27.9920
v -53.1920 62.0000 -29.0428
v -51.8678 62.0000 -29.7175
v -50.4000 62.0000 -29.9500
v -48.9322 62.0000 -29.7175
v -47.6080 62.0000 -29.0428
v -46.5572 62.0000 -27.9920
v -45.8825 62.0000 -26.6678
v -45.6500 998.0000 -25.2000
v -45.8825 998.0000 -23.7322
v -46.5572 998.0000 -22.4080
v -47.6080 998.0000 -21.3572
v -48.9322 998.0000 -20.6825
v -50.4000 998.0000 -20.4500
v -51.8678 998.0000 -20.6825
v -53.1920 998.0000 -21.3572
v -54.2428 998.0000 -22.4080
v -54.9175 998.0000 -23.7322
v -55.1500 998.0000 -25.2000
v -54.9175 998.0000 -26.6678
v -54.2428 998.0000 -27.9920
v -53.1920 998.0000 -29.0428
v -51.8678 998.0000 -29.7175
v -50.4000 998.0000 -29.9500
v -48.9322 998.0000 -29.7175
v -47.6080 998.0000 -29.0428
v -46.5572 998.0000 -27.9920
v -45.8825 998.0000 -26.6678
v -45.6500 62.0000 -25.2000
v -45.8825 62.0000 -23.7322
v -46.5572 62.0000 -22.4080
v -47.6080 62.0000 -21.3572
v -48.9322 62.0000 -20.6825
v -50.4000 62.0000 -20.4500
v -51.8678 62.0000 -20.6825
v -53.1920 62.0000 -21.3572
v -54.2428 62.0000 -22.4080
v -54.9175 62.0000 -23.7322
v -55.1500 62.0000 -25.2000
v -54.9175 62.0000 -26.6678
v -54.2428 62.0000 -27.9920
v -53.1920 62.0000 -29.0428
v -51.8678 62.0000 -29.7175
v -50.4000 62.0000 -29.9500
v -48.9322 62.0000 -29.7175
v -47.6080 62.0000 -29.0428
v -46.5572 62.0000 -27.9920
v -45.8825 62.0000 -26.6678
v -45.6500 998.0000 -25.2000
v -45.8825 998.0000 -23.7322
v -46.5572 998.0000 -22.4080
v -47.6080 998.0000 -21.3572
v -48.9322 998.0000 -20.6825
v -50.4000 998.0000 -20.4500
v -51.8678 998.0000 -20.6825
v -53.1920 998.0000 -21.3572
v -54.2428 998.0000 -22.4080
v -54.9175 998.0000 -23.7322
v -55.1500 998.0000 -25.2000
v -54.9175 998.0000 -26.6678
v -54.2428 998.0000 -27.9920
v -53.1920 998.0000 -29.0428
v -51.8678 998.0000 -29.7175
v -50.4000 998.0000 -29.9500
v -48.9322 998.0000 -29.7175
v -47.6080 998.0000 -29.0428
v -46.5572 998.0000 -27.9920
v -45.8825 998.0000 -26.6678
v -33.0500 62.0000 -25.2000
v -33.2825 62.0000 -23.7322
v -33.9572 62.0000 -22.4080
v -35.0080 62.0000 -21.3572
v -36.3322 62.0000 -20.6825
v -37.8000 62.0000 -20.4500
v -39.2678 62.0000 -20.6825
v -40.5920 62.0000 -21.3572
v -41.6428 62.0000 -22.4080
v -42.3175 62.0000 -23.7322
v -42.5500 62.0000 -25.2000
v -42.3175 62.0000 -26.6678
v -41.6428 62.0000 -27.9920
v -40.5920 62.0000 -29.0428
v -39.2678 62.0000 -29.7175
v -37.8000 62.0000 -29.9500
v -36.3322 62.0000 -29.7175
v -35.0080 62.0000 -29.0428
v -33.9572 62.0000 -27.9920
v -33.2825 62.0000 -26.6678
v -33.0500 998.0000 -25.2000
v -33.2825 998.0000 -23.7322
v -33.9572 998.0000 -22.4080
v -35.0080 998.0000 -21.3572
v -36.3322 998.0000 -20.6825
v -37.8000 998.0000 -20.4500
v -39.2678 998.0000 -20.6825
v -40.5920 998.0000 -21.3572
v -41.6428 998.0000 -22.4080
v -42.3175 998.0000 -23.7322
v -42.5500 998.0000 -25.2000
v -42.3175 998.0000 -26.6678
v -41.6428 998.0000 -27.9920
v -40.5920 998.0000 -29.0428
v -39.2678 998.0000 -29.7175
v -37.8000 998.0000 -29.9500
v -36.3322 998.0000 -29.7175
v -35.0080 998.0000 -29.0428
v -33.9572 998.0000 -27.9920
v -33.2825 998.0000 -26.6678
v -33.0500 62.0000 -25.2000
v -33.2825 62.0000 -23.7322
v -33.9572 62.0000 -22.4080
v -35.0080 62.0000 -21.3572
v -36.3322 62.0000 -20.6825
v -37.8000 62.0000 -20.4500
v -39.2678 62.0000 -20.6825
v -40.5920 62.0000 -21.3572
v -41.6428 62.0000 -22.4080
v -42.3175 62.0000 -23.7322
v -42.5500 62.0000 -25.2000
v -42.3175 62.0000 -26.6678
v -41.6428 62.0000 -27.9920
v -40.5920 62.0000 -29.0428
v -39.2678 62.0000 -29.7175
v -37.8000 62.0000 -29.9500
v -36.3322 62.0000 -29.7175
v -35.0080 62.0000 -29.0428
v -33.9572 62.0000 -27.9920
v -33.2825 62.0000 -26.6678
v -33.0500 998.0000 -25.2000
v -33.2825 998.0000 -23.7322
v -33.9572 998.0000 -22.4080
v -35.0080 998.0000 -21.3572
v -36.3322 998.0000 -20.6825
v -37.8000 998.0000 -20.4500
v -39.2678 998.0000 -20.6825
v -40.5920 998.0000 -21.3572
v -41.6428 998.0000 -22.4080
v -42.3175 998.0000 -23.7322
v -42.5500 998.0000 -25.2000
v -42.3175 998.0000 -26.6678
v -41.6428 998.0000 -27.9920
v -40.5920 998.0000 -29.0428
v -39.2678 998.0000 -29.7175
v -37.8000 998.0000 -29.9500
v -36.3322 998.0000 -29.7175
v -35.0080 998.0000 -29.0428
v -33.9572 998.0000 -27.9920
v -33.2825 998.0000 -26.6678
v -20.4500 62.0000 -25.2000
v -20.6825 62.0000 -23.7322
v -21.3572 62.0000 -22.4080
v -22.4080 62.0000 -21.3572
v -23.7322 62.0000 -20.6825
v -25.2000 62.0000 -20.4500
v -26.6678 62.0000 -20.6825
v -27.9920 62.0000 -21.3572
v -29.0428 62.0000 -22.4080
v -29.7175 62.0000 -23.7322
v -29.9500 62.0000 -25.2000
v -29.7175 62.0000 -26.6678
v -29.0428 62.0000 -27.9920
v -27.9920 62.0000 -29.0428
v -26.6678 62.0000 -29.7175
v -25.2000 62.0000 -29.9500
v -23.7322 62.0000 -29.7175
v -22.4080 62.0000 -29.0428
v -21.3572 62.0000 -27.9920
v -20.6825 62.0000 -26.6678
v -20.4500 998.0000 -25.2000
v -20.6825 998.0000 -23.7322
v -21.3572 998.0000 -22.4080
v -22.4080 998.0000 -21.3572
v -23.7322 998.0000 -20.6825
v -25.2000 998.0000 -20.4500
v -26.6678 998.0000 -20.6825
v -27.9920 998.0000 -21.3572
v -29.0428 998.0000 -22.4080
v -29.7175 998.0000 -23.7322
v -29.9500 998.0000 -25.2000
v -29.7175 998.0000 -26.6678
v -29.0428 998.0000 -27.9920
v -27.9920 998.0000 -29.0428
v -26.6678 998.0000 -29.7175
v -25.2000 998.0000 -29.9500
v -23.7322 998.0000 -29.7175
v -22.4080 998.0000 -29.0428
v -21.3572 998.0000 -27.9920
v -20.6825 998.0000 -26.6678
v -20.4500 62.0000 -25.2000
v -20.6825 62.0000 -23.7322
v -21.3572 62.0000 -22.4080
v -22.4080 62.0000 -21.3572
v -23.7322 62.0000 -20.6825
v -25.2000 62.0000 -20.4500
v -26.6678 62.0000 -20.6825
v -27.9920 62.0000 -21.3572
v -29.0428 62.0000 -22.4080
v -29.7175 62.0000 -23.7322
v -29.9500 62.0000 -25.2000
v -29.7175 62.0000 -26.6678
v -29.0428 62.0000 -27.9920
v -27.9920 62.0000 -29.0428
v -26.6678 62.0000 -29.7175
v -25.2000 62.0000 -29.9500
v -23.7322 62.0000 -29.7175
v -22.4080 62.0000 -29.0428
v -21.3572 62.0000 -27.9920
v -20.6825 62.0000 -26.6678
v -20.4500 998.0000 -25.2000
v -20.6825 998.0000 -23.7322
v -21.3572 998.0000 -22.4080
v -22.4080 998.0000 -21.3572
v -23.7322 998.0000 -20.6825
v -25.2000 998.0000 -20.4500
v -26.6678 998.0000 -20.6825
v -27.9920 998.0000 -21.3572
v -29.0428 998.0000 -22.4080
v -29.7175 998.0000 -23.7322
v -29.9500 998.0000 -25.2000
v -29.7175 998.0000 -26.6678
v -29.0428 998.0000 -27.9920
v -27.9920 998.0000 -29.0428
v -26.6678 998.0000 -29.7175
v -25.2000 998.0000 -29.9500
v -23.7322 998.0000 -29.7175
v -22.4080 998.0000 -29.0428
v -21.3572 998.0000 -27.9920
v -20.6825 998.0000 -26.6678
v -7.8500 62.0000 -25.2000
v -8.0825 62.0000 -23.7322
v -8.7572 62.0000 -22.4080
v -9.8080 62.0000 -21.3572
v -11.1322 62.0000 -20.6825
v -12.6000 62.0000 -20.4500
v -14.0678 62.0000 -20.6825
v -15.3920 62.0000 -21.3572
v -16.4428 62.0000 -22.4080
v -17.1175 62.0000 -23.7322
v -17.3500 62.0000 -25.2000
v -17.1175 62.0000 -26.6678
v -16.4428 62.0000 -27.9920
v -15.3920 62.0000 -29.0428
v -14.0678 62.0000 -29.7175
v -12.6000 62.0000 -29.9500
v -11.1322 62.0000 -29.7175
v -9.8080 62.0000 -29.0428
v -8.7572 62.0000 -27.9920
v -8.0825 62.0000 -26.6678
v -7.8500 998.0000 -25.2000
v -8.0825 998.0000 -23.7322
v -8.7572 998.0000 -22.4080
v -9.8080 998.0000 -21.3572
v -11.1322 998.0000 -20.6825
v -12.6000 998.0000 -20.4500
v -14.0678 998.0000 -20.6825
v -15.3920 998.0000 -21.3572
v -16.4428 998.0000 -22.4080
v -17.1175 998.0000 -23.7322
v -17.3500 998.0000 -25.2000
v -17.1175 998.0000 -26.6678
v -16.4428 998.0000 -27.9920
v -15.3920 998.0000 -29.0428
v -14.0678 998.0000 -29.7175
v -12.6000 998.0000 -29.9500
v -11.1322 998.0000 -29.7175
v -9.8080 998.0000 -29.0428
v -8.7572 998.0000 -27.9920
v -8.0825 998.0000 -26.6678
v -7.8500 62.0000 -25.2000
v -8.0825 62.0000 -23.7322
v -8.7572 62.0000 -22.4080
v -9.8080 62.0000 -21.3572
v -11.1322 62.0000 -20.6825
v -12.6000 62.0000 -20.4500
v -14.0678 62.0000 -20.6825
v -15.3920 62.0000 -21.3572
v -16.4428 62.0000 -22.4080
v -17.1175 62.0000 -23.7322
v -17.3500 62.0000 -25.2000
v -17.1175 62.0000 -26.6678
v -16.4428 62.0000 -27.9920
v -15.3920 62.0000 -29.0428
v -14.0678 62.0000 -29.7175
v -12.6000 62.0000 -29.9500
v -11.1322 62.0000 -29.7175
v -9.8080 62.0000 -29.0428
v -8.7572 62.0000 -27.9920
v -8.0825 62.0000 -26.6678
v -7.8500 998.0000 -25.2000
v -8.0825 998.0000 -23.7322
v -8.7572 998.0000 -22.4080
v -9.8080 998.0000 -21.3572
v -11.1322 998.0000 -20.6825
v -12.6000 998.0000 -20.4500
v -14.0678 998.0000 -20.6825
v -15.3920 998.0000 -21.3572
v -16.4428 998.0000 -22.4080
v -17.1175 998.0000 -23.7322
v -17.3500 998.0000 -25.2000
v -17.1175 998.0000 -26.6678
v -16.4428 998.0000 -27.9920
v -15.3920 998.0000 -29.0428
v -14.0678 998.0000 -29.7175
v -12.6000 998.0000 -29.9500
v -11.1322 998.0000 -29.7175
v -9.8080 998.0000 -29.0428
v -8.7572 998.0000 -27.9920
v -8.0825 998.0000 -26.6678
v 4.7500 62.0000 -25.2000
v 4.5175 62.0000 -23.7322
v 3.8428 62.0000 -22.4080
v 2.7920 62.0000 -21.3572
v 1.4678 62.0000 -20.6825
v 0.0000 62.0000 -20.4500
v -1.4678 62.0000 -20.6825
v -2.7920 62.0000 -21.3572
v -3.8428 62.0000 -22.4080
v -4.5175 62.0000 -23.7322
v -4.7500 62.0000 -25.2000
v -4.5175 62.0000 -26.6678
v -3.8428 62.0000 -27.9920
v -2.7920 62.0000 -29.0428
v -1.4678 62.0000 -29.7175
v -0.0000 62.0000 -29.9500
v 1.4678 62.0000 -29.7175
v 2.7920 62.0000 -29.0428
v 3.8428 62.0000 -27.9920
v 4.5175 62.0000 -26.6678
v 4.7500 998.0000 -25.2000
v 4.5175 998.0000 -23.7322
v 3.8428 998.0000 -22.4080
v 2.7920 998.0000 -21.3572
v 1.4678 998.0000 -20.6825
v 0.0000 998.0000 -20.4500
v -1.4678 998.0000 -20.6825
v -2.7920 998.0000 -21.3572
v -3.8428 998.0000 -22.4080
v -4.5175 998.0000 -23.7322
v -4.7500 998.0000 -25.2000
v -4.5175 998.0000 -26.6678
v -3.8428 998.0000 -27.9920
v -2.7920 998.0000 -29.0428
v -1.4678 998.0000 -29.7175
v -0.0000 998.0000 -29.9500
v 1.4678 998.0000 -29.7175
v 2.7920 998.0000 -29.0428
v 3.8428 998.0000 -27.9920
v 4.5175 998.0000 -26.6678
v 4.7500 62.0000 -25.2000
v 4.5175 62.0000 -23.7322
v 3.8428 62.0000 -22.4080
v 2.7920 62.0000 -21.3572
v 1.4678 62.0000 -20.6825
v 0.0000 62.0000 -20.4500
v -1.4678 62.0000 -20.6825
v -2.7920 62.0000 -21.3572
v -3.8428 62.0000 -22.4080
v -4.5175 62.0000 -23.7322
v -4.7500 62.0000 -25.2000
v -4.5175 62.0000 -26.6678
v -3.8428 62.0000 -27.9920
v -2.7920 62.0000 -29.0428
v -1.4678 62.0000 -29.7175
v -0.0000 62.0000 -29.9500
v 1.4678 62.0000 -29.7175
v 2.7920 62.0000 -29.0428
v 3.8428 62.0000 -27.9920
v 4.5175 62.0000 -26.6678
v 4.7500 998.0000 -25.2000
v 4.5175 998.0000 -23.7322
v 3.8428 998.0000 -22.4080
v 2.7920 998.0000 -21.3572
v 1.4678 998.0000 -20.6825
v 0.0000 998.0000 -20.4500
v -1.4678 998.0000 -20.6825
v -2.7920 998.0000 -21.3572
v -3.8428 998.0000 -22.4080
v -4.5175 998.0000 -23.7322
v -4.7500 998.0000 -25.2000
v -4.5175 998.0000 -26.6678
v -3.8428 998.0000 -27.9920
v -2.7920 998.0000 -29.0428
v -1.4678 998.0000 -29.7175
v -0.0000 998.0000 -29.9500
v 1.4678 998.0000 -29.7175
v 2.7920 998.0000 -29.0428
v 3.8428 998.0000 -27.9920
v 4.5175 998.0000 -26.6678
v 17.3500 62.0000 -25.2000
v 17.1175 62.0000 -23.7322
v 16.4428 62.0000 -22.4080
v 15.3920 62.0000 -21.3572
v 14.0678 62.0000 -20.6825
v 12.6000 62.0000 -20.4500
v 11.1322 62.0000 -20.6825
v 9.8080 62.0000 -21.3572
v 8.7572 62.0000 -22.4080
v 8.0825 62.0000 -23.7322
v 7.8500 62.0000 -25.2000
v 8.0825 62.0000 -26.6678
v 8.7572 62.0000 -27.9920
v 9.8080 62.0000 -29.0428
v 11.1322 62.0000 -29.7175
v 12.6000 62.0000 -29.9500
v 14.0678 62.0000 -29.7175
v 15.3920 62.0000 -29.0428
v 16.4428 62.0000 -27.9920
v 17.1175 62.0000 -26.6678
v 17.3500 998.0000 -25.2000
v 17.1175 998.0000 -23.7322
v 16.4428 998.0000 -22.4080
v 15.3920 998.0000 -21.3572
v 14.0678 998.0000 -20.6825
v 12.6000 998.0000 -20.4500
v 11.1322 998.0000 -20.6825
v 9.8080 998.0000 -21.3572
v 8.7572 998.0000 -22.4080
v 8.0825 998.0000 -23.7322
v 7.8500 998.0000 -25.2000
v 8.0825 998.0000 -26.6678
v 8.7572 998.0000 -27.9920
v 9.8080 998.0000 -29.0428
v 11.1322 998.0000 -29.7175
v 12.6000 998.0000 -29.9500
v 14.0678 998.0000 -29.7175
v 15.3920 998.0000 -29.0428
v 16.4428 998.0000 -27.9920
v 17.1175 998.0000 -26.6678
v 17.3500 62.0000 -25.2000
v 17.1175 62.0000 -23.7322
v 16.4428 62.0000 -22.4080
v 15.3920 62.0000 -21.3572
v 14.0678 62.0000 -20.6825
v 12.6000 62.0000 -20.4500
v 11.1322 62.0000 -20.6825
v 9.8080 62.0000 -21.3572
v 8.7572 62.0000 -22.4080
v 8.0825 62.0000 -23.7322
v 7.8500 62.0000 -25.2000
v 8.0825 62.0000 -26.6678
v 8.7572 62.0000 -27.9920
v 9.8080 62.0000 -29.0428
v 11.1322 62.0000 -29.7175
v 12.6000 62.0000 -29.9500
v 14.0678 62.0000 -29.7175
v 15.3920 62.0000 -29.0428
v 16.4428 62.0000 -27.9920
v 17.1175 62.0000 -26.6678
v 17.3500 998.0000 -25.2000
v 17.1175 998.0000 -23.7322
v 16.4428 998.0000 -22.4080
v 15.3920 998.0000 -21.3572
v 14.0678 998.0000 -20.6825
v 12.6000 998.0000 -20.4500
v 11.1322 998.0000 -20.6825
v 9.8080 998.0000 -21.3572
v 8.7572 998.0000 -22.4080
v 8.0825 998.0000 -23.7322
v 7.8500 998.0000 -25.2000
v 8.0825 998.0000 -26.6678
v 8.7572 998.0000 -27.9920
v 9.8080 998.0000 -29.0428
v 11.1322 998.0000 -29.7175
v 12.6000 998.0000 -29.9500
v 14.0678 998.0000 -29.7175
v 15.3920 998.0000 -29.0428
v 16.4428 998.0000 -27.9920
v 17.1175 998.0000 -26.6678
v 29.9500 62.0000 -25.2000
v 29.7175 62.0000 -23.7322
v 29.0428 62.0000 -22.4080
v 27.9920 62.0000 -21.3572
v 26.6678 62.0000 -20.6825
v 25.2000 62.0000 -20.4500
v 23.7322 62.0000 -20.6825
v 22.4080 62.0000 -21.3572
v 21.3572 62.0000 -22.4080
v 20.6825 62.0000 -23.7322
v 20.4500 62.0000 -25.2000
v 20.6825 62.0000 -26.6678
v 21.3572 62.0000 -27.9920
v 22.4080 62.0000 -29.0428
v 23.7322 62.0000 -29.7175
v 25.2000 62.0000 -29.9500
v 26.6678 62.0000 -29.7175
v 27.9920 62.0000 -29.0428
v 29.0428 62.0000 -27.9920
v 29.7175 62.0000 -26.6678
v 29.9500 998.0000 -25.2000
v 29.7175 998.0000 -23.7322
v 29.0428 998.0000 -22.4080
v 27.9920 998.0000 -21.3572
v 26.6678 998.0000 -20.6825
v 25.2000 998.0000 -20.4500
v 23.7322 998.0000 -20.6825
v 22.4080 998.0000 -21.3572
v 21.3572 998.0000 -22.4080
v 20.6825 998.0000 -23.7322
v 20.4500 998.0000 -25.2000
v 20.6825 998.0000 -26.6678
v 21.3572 998.0000 -27.9920
v 22.4080 998.0000 -29.0428
v 23.7322 998.0000 -29.7175
v 25.2000 998.0000 -29.9500
v 26.6678 998.0000 -29.7175
v 27.9920 998.0000 -29.0428
v 29.0428 998.0000 -27.9920
v 29.7175 998.0000 -26.6678
v 29.9500 62.0000 -25.2000
v 29.7175 62.0000 -23.7322
v 29.0428 62.0000 -22.4080
v 27.9920 62.0000 -21.3572
v 26.6678 62.0000 -20.6825
v 25.2000 62.0000 -20.4500
v 23.7322 62.0000 -20.6825
v 22.4080 62.0000 -21.3572
v 21.3572 62.0000 -22.4080
v 20.6825 62.0000 -23.7322
v 20.4500 62.0000 -25.2000
v 20.6825 62.0000 -26.6678
v 21.3572 62.0000 -27.9920
v 22.4080 62.0000 -29.0428
v 23.7322 62.0000 -29.7175
v 25.2000 62.0000 -29.9500
v 26.6678 62.0000 -29.7175
v 27.9920 62.0000 -29.0428
v 29.0428 62.0000 -27.9920
v 29.7175 62.0000 -26.6678
v 29.9500 998.0000 -25.2000
v 29.7175 998.0000 -23.7322
v 29.0428 998.0000 -22.4080
v 27.9920 998.0000 -21.3572
v 26.6678 998.0000 -20.6825
v 25.2000 998.0000 -20.4500
v 23.7322 998.0000 -20.6825
v 22.4080 998.0000 -21.3572
v 21.3572 998.0000 -22.4080
v 20.6825 998.0000 -23.7322
v 20.4500 998.0000 -25.2000
v 20.6825 998.0000 -26.6678
v 21.3572 998.0000 -27.9920
v 22.4080 998.0000 -29.0428
v 23.7322 998.0000 -29.7175
v 25.2000 998.0000 -29.9500
v 26.6678 998.0000 -29.7175
v 27.9920 998.0000 -29.0428
v 29.0428 998.0000 -27.9920
v 29.7175 998.0000 -26.6678
v 42.5500 62.0000 -25.2000
v 42.3175 62.0000 -23.7322
v 41.6428 62.0000 -22.4080
v 40.5920 62.0000 -21.3572
v 39.2678 62.0000 -20.6825
v 37.8000 62.0000 -20.4500
v 36.3322 62.0000 -20.6825
v 35.0080 62.0000 -21.3572
v 33.9572 62.0000 -22.4080
v 33.2825 62.0000 -23.7322
v 33.0500 62.0000 -25.2000
v 33.2825 62.0000 -26.6678
v 33.9572 62.0000 -27.9920
v 35.0080 62.0000 -29.0428
v 36.3322 62.0000 -29.7175
v 37.8000 62.0000 -29.9500
v 39.2678 62.0000 -29.7175
v 40.5920 62.0000 -29.0428
v 41.6428 62.0000 -27.9920
v 42.3175 62.0000 -26.6678
v 42.5500 998.0000 -25.2000
v 42.3175 998.0000 -23.7322
v 41.6428 998.0000 -22.4080
v 40.5920 998.0000 -21.3572
v 39.2678 998.0000 -20.6825
v 37.8000 998.0000 -20.4500
v 36.3322 998.0000 -20.6825
v 35.0080 998.0000 -21.3572
v 33.9572 998.0000 -22.4080
v 33.2825 998.0000 -23.7322
v 33.0500 998.0000 -25.2000
v 33.2825 998.0000 -26.6678
v 33.9572 998.0000 -27.9920
v 35.0080 998.0000 -29.0428
v 36.3322 998.0000 -29.7175
v 37.8000 998.0000 -29.9500
v 39.2678 998.0000 -29.7175
v 40.5920 998.0000 -29.0428
v 41.6428 998.0000 -27.9920
v 42.3175 998.0000 -26.6678
v 42.5500 62.0000 -25.2000
v 42.3175 62.0000 -23.7322
v 41.6428 62.0000 -22.4080
v 40.5920 62.0000 -21.3572
v 39.2678 62.0000 -20.6825
v 37.8000 62.0000 -20.4500
v 36.3322 62.0000 -20.6825
v 35.0080 62.0000 -21.3572
v 33.9572 62.0000 -22.4080
v 33.2825 62.0000 -23.7322
v 33.0500 62.0000 -25.2000
v 33.2825 62.0000 -26.6678
v 33.9572 62.0000 -27.9920
v 35.0080 62.0000 -29.0428
v 36.3322 62.0000 -29.7175
v 37.8000 62.0000 -29.9500
v 39.2678 62.0000 -29.7175
v 40.5920 62.0000 -29.0428
v 41.6428 62.0000 -27.9920
v 42.3175 62.0000 -26.6678
v 42.5500 998.0000 -25.2000
v 42.3175 998.0000 -23.7322
v 41.6428 998.0000 -22.4080
v 40.5920 998.0000 -21.3572
v 39.2678 998.0000 -20.6825
v 37.8000 998.0000 -20.4500
v 36.3322 998.0000 -20.6825
v 35.0080 998.0000 -21.3572
v 33.9572 998.0000 -22.4080
v 33.2825 998.0000 -23.7322
v 33.0500 998.0000 -25.2000
v 33.2825 998.0000 -26.6678
v 33.9572 998.0000 -27.9920
v 35.0080 998.0000 -29.0428
v 36.3322 998.0000 -29.7175
v 37.8000 998.0000 -29.9500
v 39.2678 998.0000 -29.7175
v 40.5920 998.0000 -29.0428
v 41.6428 998.0000 -27.9920
v 42.3175 998.0000 -26.6678
v 55.1500 62.0000 -25.2000
v 54.9175 62.0000 -23.7322
v 54.2428 62.0000 -22.4080
v 53.1920 62.0000 -21.3572
v 51.8678 62.0000 -20.6825
v 50.4000 62.0000 -20.4500
v 48.9322 62.0000 -20.6825
v 47.6080 62.0000 -21.3572
v 46.5572 62.0000 -22.4080
v 45.8825 62.0000 -23.7322
v 45.6500 62.0000 -25.2000
v 45.8825 62.0000 -26.6678
v 46.5572 62.0000 -27.9920
v 47.6080 62.0000 -29.0428
v 48.9322 62.0000 -29.7175
v 50.4000 62.0000 -29.9500
v 51.8678 62.0000 -29.7175
v 53.1920 62.0000 -29.0428
v 54.2428 62.0000 -27.9920
v 54.9175 62.0000 -26.6678
v 55.1500 998.0000 -25.2000
v 54.9175 998.0000 -23.7322
v 54.2428 998.0000 -22.4080
v 53.1920 998.0000 -21.3572
v 51.8678 998.0000 -20.6825
v 50.4000 998.0000 -20.4500
v 48.9322 998.0000 -20.6825
v 47.6080 998.0000 -21.3572
v 46.5572 998.0000 -22.4080
v 45.8825 998.0000 -23.7322
v 45.6500 998.0000 -25.2000
v 45.8825 998.0000 -26.6678
v 46.5572 998.0000 -27.9920
v 47.6080 998.0000 -29.0428
v 48.9322 998.0000 -29.7175
v 50.4000 998.0000 -29.9500
v 51.8678 998.0000 -29.7175
v 53.1920 998.0000 -29.0428
v 54.2428 998.0000 -27.9920
v 54.9175 998.0000 -26.6678
v 55.1500 62.0000 -25.2000
v 54.9175 62.0000 -23.7322
v 54.2428 62.0000 -22.4080
v 53.1920 62.0000 -21.3572
v 51.8678 62.0000 -20.6825
v 50.4000 62.0000 -20.4500
v 48.9322 62.0000 -20.6825
v 47.6080 62.0000 -21.3572
v 46.5572 62.0000 -22.4080
v 45.8825 62.0000 -23.7322
v 45.6500 62.0000 -25.2000
v 45.8825 62.0000 -26.6678
v 46.5572 62.0000 -27.9920
v 47.6080 62.0000 -29.0428
v 48.9322 62.0000 -29.7175
v 50.4000 62.0000 -29.9500
v 51.8678 62.0000 -29.7175
v 53.1920 62.0000 -29.0428
v 54.2428 62.0000 -27.9920
v 54.9175 62.0000 -26.6678
v 55.1500 998.0000 -25.2000
v 54.9175 998.0000 -23.7322
v 54.2428 998.0000 -22.4080
v 53.1920 998.0000 -21.3572
v 51.8678 998.0000 -20.6825
v 50.4000 998.0000 -20.4500
v 48.9322 998.0000 -20.6825
v 47.6080 998.0000 -21.3572
v 46.5572 998.0000 -22.4080
v 45.8825 998.0000 -23.7322
v 45.6500 998.0000 -25.2000
v 45.8825 998.0000 -26.6678
v 46.5572 998.0000 -27.9920
v 47.6080 998.0000 -29.0428
v 48.9322 998.0000 -29.7175
v 50.4000 998.0000 -29.9500
v 51.8678 998.0000 -29.7175
v 53.1920 998.0000 -29.0428
v 54.2428 998.0000 -27.9920
v 54.9175 998.0000 -26.6678
v 67.7500 62.0000 -25.2000
v 67.5175 62.0000 -23.7322
v 66.8428 62.0000 -22.4080
v 65.7920 62.0000 -21.3572
v 64.4678 62.0000 -20.6825
v 63.0000 62.0000 -20.4500
v 61.5322 62.0000 -20.6825
v 60.2080 62.0000 -21.3572
v 59.1572 62.0000 -22.4080
v 58.4825 62.0000 -23.7322
v 58.2500 62.0000 -25.2000
v 58.4825 62.0000 -26.6678
v 59.1572 62.0000 -27.9920
v 60.2080 62.0000 -29.0428
v 61.5322 62.0000 -29.7175
v 63.0000 62.0000 -29.9500
v 64.4678 62.0000 -29.7175
v 65.7920 62.0000 -29.0428
v 66.8428 62.0000 -27.9920
v 67.5175 62.0000 -26.6678
v 67.7500 998.0000 -25.2000
v 67.5175 998.0000 -23.7322
v 66.8428 998.0000 -22.4080
v 65.7920 998.0000 -21.3572
v 64.4678 998.0000 -20.6825
v 63.0000 998.0000 -20.4500
v 61.5322 998.0000 -20.6825
v 60.2080 998.0000 -21.3572
v 59.1572 998.0000 -22.4080
v 58.4825 998.0000 -23.7322
v 58.2500 998.0000 -25.2000
v 58.4825 998.0000 -26.6678
v 59.1572 998.0000 -27.9920
v 60.2080 998.0000 -29.0428
v 61.5322 998.0000 -29.7175
v 63.0000 998.0000 -29.9500
v 64.4678 998.0000 -29.7175
v 65.7920 998.0000 -29.0428
v 66.8428 998.0000 -27.9920
v 67.5175 998.0000 -26.6678
v 67.7500 62.0000 -25.2000
v 67.5175 62.0000 -23.7322
v 66.8428 62.0000 -22.4080
v 65.7920 62.0000 -21.3572
v 64.4678 62.0000 -20.6825
v 63.0000 62.0000 -20.4500
v 61.5322 62.0000 -20.6825
v 60.2080 62.0000 -21.3572
v 59.1572 62.0000 -22.4080
v 58.4825 62.0000 -23.7322
v 58.2500 62.0000 -25.2000
v 58.4825 62.0000 -26.6678
v 59.1572 62.0000 -27.9920
v 60.2080 62.0000 -29.0428
v 61.5322 62.0000 -29.7175
v 63.0000 62.0000 -29.9500
v 64.4678 62.0000 -29.7175
v 65.7920 62.0000 -29.0428
v 66.8428 62.0000 -27.9920
v 67.5175 62.0000 -26.6678
v 67.7500 998.0000 -25.2000
v 67.5175 998.0000 -23.7322
v 66.8428 998.0000 -22.4080
v 65.7920 998.0000 -21.3572
v 64.4678 998.0000 -20.6825
v 63.0000 998.0000 -20.4500
v 61.5322 998.0000 -20.6825
v 60.2080 998.0000 -21.3572
v 59.1572 998.0000 -22.4080
v 58.4825 998.0000 -23.7322
v 58.2500 998.0000 -25.2000
v 58.4825 998.0000 -26.6678
v 59.1572 998.0000 -27.9920
v 60.2080 998.0000 -29.0428
v 61.5322 998.0000 -29.7175
v 63.0000 998.0000 -29.9500
v 64.4678 998.0000 -29.7175
v 65.7920 998.0000 -29.0428
v 66.8428 998.0000 -27.9920
v 67.5175 998.0000 -26.6678
v 80.3500 62.0000 -25.2000
v 80.1175 62.0000 -23.7322
v 79.4428 62.0000 -22.4080
v 78.3920 62.0000 -21.3572
v 77.0678 62.0000 -20.6825
v 75.6000 62.0000 -20.4500
v 74.1322 62.0000 -20.6825
v 72.8080 62.0000 -21.3572
v 71.7572 62.0000 -22.4080
v 71.0825 62.0000 -23.7322
v 70.8500 62.0000 -25.2000
v 71.0825 62.0000 -26.6678
v 71.7572 62.0000 -27.9920
v 72.8080 62.0000 -29.0428
v 74.1322 62.0000 -29.7175
v 75.6000 62.0000 -29.9500
v 77.0678 62.0000 -29.7175
v 78.3920 62.0000 -29.0428
v 79.4428 62.0000 -27.9920
v 80.1175 62.0000 -26.6678
v 80.3500 998.0000 -25.2000
v 80.1175 998.0000 -23.7322
v 79.4428 998.0000 -22.4080
v 78.3920 998.0000 -21.3572
v 77.0678 998.0000 -20.6825
v 75.6000 998.0000 -20.4500
v 74.1322 998.0000 -20.6825
v 72.8080 998.0000 -21.3572
v 71.7572 998.0000 -22.4080
v 71.0825 998.0000 -23.7322
v 70.8500 998.0000 -25.2000
v 71.0825 998.0000 -26.6678
v 71.7572 998.0000 -27.9920
v 72.8080 998.0000 -29.0428
v 74.1322 998.0000 -29.7175
v 75.6000 998.0000 -29.9500
v 77.0678 998.0000 -29.7175
v 78.3920 998.0000 -29.0428
v 79.4428 998.0000 -27.9920
v 80.1175 998.0000 -26.6678
v 80.3500 62.0000 -25.2000
v 80.1175 62.0000 -23.7322
v 79.4428 62.0000 -22.4080
v 78.3920 62.0000 -21.3572
v 77.0678 62.0000 -20.6825
v 75.6000 62.0000 -20.4500
v 74.1322 62.0000 -20.6825
v 72.8080 62.0000 -21.3572
v 71.7572 62.0000 -22.4080
v 71.0825 62.0000 -23.7322
v 70.8500 62.0000 -25.2000
v 71.0825 62.0000 -26.6678
v 71.7572 62.0000 -27.9920
v 72.8080 62.0000 -29.0428
v 74.1322 62.0000 -29.7175
v 75.6000 62.0000 -29.9500
v 77.0678 62.0000 -29.7175
v 78.3920 62.0000 -29.0428
v 79.4428 62.0000 -27.9920
v 80.1175 62.0000 -26.6678
v 80.3500 998.0000 -25.2000
v 80.1175 998.0000 -23.7322
v 79.4428 998.0000 -22.4080
v 78.3920 998.0000 -21.3572
v 77.0678 998.0000 -20.6825
v 75.6000 998.0000 -20.4500
v 74.1322 998.0000 -20.6825
v 72.8080 998.0000 -21.3572
v 71.7572 998.0000 -22.4080
v 71.0825 998.0000 -23.7322
v 70.8500 998.0000 -25.2000
v 71.0825 998.0000 -26.6678
v 71.7572 998.0000 -27.9920
v 72.8080 998.0000 -29.0428
v 74.1322 998.0000 -29.7175
v 75.6000 998.0000 -29.9500
v 77.0678 998.0000 -29.7175
v 78.3920 998.0000 -29.0428
v 79.4428 998.0000 -27.9920
v 80.1175 998.0000 -26.6678
v 92.9500 62.0000 -25.2000
v 92.7175 62.0000 -23.7322
v 92.0428 62.0000 -22.4080
v 90.9920 62.0000 -21.3572
v 89.6678 62.0000 -20.6825
v 88.2000 62.0000 -20.4500
v 86.7322 62.0000 -20.6825
v 85.4080 62.0000 -21.3572
v 84.3572 62.0000 -22.4080
v 83.6825 62.0000 -23.7322
v 83.4500 62.0000 -25.2000
v 83.6825 62.0000 -26.6678
v 84.3572 62.0000 -27.9920
v 85.4080 62.0000 -29.0428
v 86.7322 62.0000 -29.7175
v 88.2000 62.0000 -29.9500
v 89.6678 62.0000 -29.7175
v 90.9920 62.0000 -29.0428
v 92.0428 62.0000 -27.9920
v 92.7175 62.0000 -26.6678
v 92.9500 998.0000 -25.2000
v 92.7175 998.0000 -23.7322
v 92.0428 998.0000 -22.4080
v 90.9920 998.0000 -21.3572
v 89.6678 998.0000 -20.6825
v 88.2000 998.0000 -20.4500
v 86.7322 998.0000 -20.6825
v 85.4080 998.0000 -21.3572
v 84.3572 998.0000 -22.4080
v 83.6825 998.0000 -23.7322
v 83.4500 998.0000 -25.2000
v 83.6825 998.0000 -26.6678
v 84.3572 998.0000 -27.9920
v 85.4080 998.0000 -29.0428
v 86.7322 998.0000 -29.7175
v 88.2000 998.0000 -29.9500
v 89.6678 998.0000 -29.7175
v 90.9920 998.0000 -29.0428
v 92.0428 998.0000 -27.9920
v 92.7175 998.0000 -26.6678
v 92.9500 62.0000 -25.2000
v 92.7175 62.0000 -23.7322
v 92.0428 62.0000 -22.4080
v 90.9920 62.0000 -21.3572
v 89.6678 62.0000 -20.6825
v 88.2000 62.0000 -20.4500
v 86.7322 62.0000 -20.6825
v 85.4080 62.0000 -21.3572
v 84.3572 62.0000 -22.4080
v 83.6825 62.0000 -23.7322
v 83.4500 62.0000 -25.2000
v 83.6825 62.0000 -26.6678
v 84.3572 62.0000 -27.9920
v 85.4080 62.0000 -29.0428
v 86.7322 62.0000 -29.7175
v 88.2000 62.0000 -29.9500
v 89.6678 62.0000 -29.7175
v 90.9920 62.0000 -29.0428
v 92.0428 62.0000 -27.9920
v 92.7175 62.0000 -26.6678
v 92.9500 998.0000 -25.2000
v 92.7175 998.0000 -23.7322
v 92.0428 998.0000 -22.4080
v 90.9920 998.0000 -21.3572
v 89.6678 998.0000 -20.6825
v 88.2000 998.0000 -20.4500
v 86.7322 998.0000 -20.6825
v 85.4080 998.0000 -21.3572
v 84.3572 998.0000 -22.4080
v 83.6825 998.0000 -23.7322
v 83.4500 998.0000 -25.2000
v 83.6825 998.0000 -26.6678
v 84.3572 998.0000 -27.9920
v 85.4080 998.0000 -29.0428
v 86.7322 998.0000 -29.7175
v 88.2000 998.0000 -29.9500
v 89.6678 998.0000 -29.7175
v 90.9920 998.0000 -29.0428
v 92.0428 998.0000 -27.9920
v 92.7175 998.0000 -26.6678
v 105.5500 62.0000 -25.2000
v 105.3175 62.0000 -23.7322
v 104.6428 62.0000 -22.4080
v 103.5920 62.0000 -21.3572
v 102.2678 62.0000 -20.6825
v 100.8000 62.0000 -20.4500
v 99.3322 62.0000 -20.6825
v 98.0080 62.0000 -21.3572
v 96.9572 62.0000 -22.4080
v 96.2825 62.0000 -23.7322
v 96.0500 62.0000 -25.2000
v 96.2825 62.0000 -26.6678
v 96.9572 62.0000 -27.9920
v 98.0080 62.0000 -29.0428
v 99.3322 62.0000 -29.7175
v 100.8000 62.0000 -29.9500
v 102.2678 62.0000 -29.7175
v 103.5920 62.0000 -29.0428
v 104.6428 62.0000 -27.9920
v 105.3175 62.0000 -26.6678
v 105.5500 998.0000 -25.2000
v 105.3175 998.0000 -23.7322
v 104.6428 998.0000 -22.4080
v 103.5920 998.0000 -21.3572
v 102.2678 998.0000 -20.6825
v 100.8000 998.0000 -20.4500
v 99.3322 998.0000 -20.6825
v 98.0080 998.0000 -21.3572
v 96.9572 998.0000 -22.4080
v 96.2825 998.0000 -23.7322
v 96.0500 998.0000 -25.2000
v 96.2825 998.0000 -26.6678
v 96.9572 998.0000 -27.9920
v 98.0080 998.0000 -29.0428
v 99.3322 998.0000 -29.7175
v 100.8000 998.0000 -29.9500
v 102.2678 998.0000 -29.7175
v 103.5920 998.0000 -29.0428
v 104.6428 998.0000 -27.9920
v 105.3175 998.0000 -26.6678
v 105.5500 62.0000 -25.2000
v 105.3175 62.0000 -23.7322
v 104.6428 62.0000 -22.4080
v 103.5920 62.0000 -21.3572
v 102.2678 62.0000 -20.6825
v 100.8000 62.0000 -20.4500
v 99.3322 62.0000 -20.6825
v 98.0080 62.0000 -21.3572
v 96.9572 62.0000 -22.4080
v 96.2825 62.0000 -23.7322
v 96.0500 62.0000 -25.2000
v 96.2825 62.0000 -26.6678
v 96.9572 62.0000 -27.9920
v 98.0080 62.0000 -29.0428
v 99.3322 62.0000 -29.7175
v 100.8000 62.0000 -29.9500
v 102.2678 62.0000 -29.7175
v 103.5920 62.0000 -29.0428
v 104.6428 62.0000 -27.9920
v 105.3175 62.0000 -26.6678
v 105.5500 998.0000 -25.2000
v 105.3175 998.0000 -23.7322
v 104.6428 998.0000 -22.4080
v 103.5920 998.0000 -21.3572
v 102.2678 998.0000 -20.6825
v 100.8000 998.0000 -20.4500
v 99.3322 998.0000 -20.6825
v 98.0080 998.0000 -21.3572
v 96.9572 998.0000 -22.4080
v 96.2825 998.0000 -23.7322
v 96.0500 998.0000 -25.2000
v 96.2825 998.0000 -26.6678
v 96.9572 998.0000 -27.9920
v 98.0080 998.0000 -29.0428
v 99.3322 998.0000 -29.7175
v 100.8000 998.0000 -29.9500
v 102.2678 998.0000 -29.7175
v 103.5920 998.0000 -29.0428
v 104.6428 998.0000 -27.9920
v 105.3175 998.0000 -26.6678
v -96.0500 62.0000 -12.6000
v -96.2825 62.0000 -11.1322
v -96.9572 62.0000 -9.8080
v -98.0080 62.0000 -8.7572
v -99.3322 62.0000 -8.0825
v -100.8000 62.0000 -7.8500
v -102.2678 62.0000 -8.0825
v -103.5920 62.0000 -8.7572
v -104.6428 62.0000 -9.8080
v -105.3175 62.0000 -11.1322
v -105.5500 62.0000 -12.6000
v -105.3175 62.0000 -14.0678
v -104.6428 62.0000 -15.3920
v -103.5920 62.0000 -16.4428
v -102.2678 62.0000 -17.1175
v -100.8000 62.0000 -17.3500
v -99.3322 62.0000 -17.1175
v -98.0080 62.0000 -16.4428
v -96.9572 62.0000 -15.3920
v -96.2825 62.0000 -14.0678
v -96.0500 998.0000 -12.6000
v -96.2825 998.0000 -11.1322
v -96.9572 998.0000 -9.8080
v -98.0080 998.0000 -8.7572
v -99.3322 998.0000 -8.0825
v -100.8000 998.0000 -7.8500
v -102.2678 998.0000 -8.0825
v -103.5920 998.0000 -8.7572
v -104.6428 998.0000 -9.8080
v -105.3175 998.0000 -11.1322
v -105.5500 998.0000 -12.6000
v -105.3175 998.0000 -14.0678
v -104.6428 998.0000 -15.3920
v -103.5920 998.0000 -16.4428
v -102.2678 998.0000 -17.1175
v -100.8000 998.0000 -17.3500
v -99.3322 998.0000 -17.1175
v -98.0080 998.0000 -16.4428
v -96.9572 998.0000 -15.3920
v -96.2825 998.0000 -14.0678
v -96.0500 62.0000 -12.6000
v -96.2825 62.0000 -11.1322
v -96.9572 62.0000 -9.8080
v -98.0080 62.0000 -8.7572
v -99.3322 62.0000 -8.0825
v -100.8000 62.0000 -7.8500
v -102.2678 62.0000 -8.0825
v -103.5920 62.0000 -8.7572
v -104.6428 62.0000 -9.8080
v -105.3175 62.0000 -11.1322
v -105.5500 62.0000 -12.6000
v -105.3175 62.0000 -14.0678
v -104.6428 62.0000 -15.3920
v -103.5920 62.0000 -16.4428
v -102.2678 62.0000 -17.1175
v -100.8000 62.0000 -17.3500
v -99.3322 62.0000 -17.1175
v -98.0080 62.0000 -16.4428
v -96.9572 62.0000 -15.3920
v -96.2825 62.0000 -14.0678
v -96.0500 998.0000 -12.6000
v -96.2825 998.0000 -11.1322
v -96.9572 998.0000 -9.8080
v -98.0080 998.0000 -8.7572
v -99.3322 998.0000 -8.0825
v -100.8000 998.0000 -7.8500
v -102.2678 998.0000 -8.0825
v -103.5920 998.0000 -8.7572
v -104.6428 998.0000 -9.8080
v -105.3175 998.0000 -11.1322
v -105.5500 998.0000 -12.6000
v -105.3175 998.0000 -14.0678
v -104.6428 998.0000 -15.3920
v -103.5920 998.0000 -16.4428
v -102.2678 998.0000 -17.1175
v -100.8000 998.0000 -17.3500
v -99.3322 998.0000 -17.1175
v -98.0080 998.0000 -16.4428
v -96.9572 998.0000 -15.3920
v -96.2825 998.0000 -14.0678
v -83.4500 62.0000 -12.6000
v -83.6825 62.0000 -11.1322
v -84.3572 62.0000 -9.8080
v -85.4080 62.0000 -8.7572
v -86.7322 62.0000 -8.0825
v -88.2000 62.0000 -7.8500
v -89.6678 62.0000 -8.0825
v -90.9920 62.0000 -8.7572
v -92.0428 62.0000 -9.8080
v -92.7175 62.0000 -11.1322
v -92.9500 62.0000 -12.6000
v -92.7175 62.0000 -14.0678
v -92.0428 62.0000 -15.3920
v -90.9920 62.0000 -16.4428
v -89.6678 62.0000 -17.1175
v -88.2000 62.0000 -17.3500
v -86.7322 62.0000 -17.1175
v -85.4080 62.0000 -16.4428
v -84.3572 62.0000 -15.3920
v -83.6825 62.0000 -14.0678
v -83.4500 998.0000 -12.6000
v -83.6825 998.0000 -11.1322
v -84.3572 998.0000 -9.8080
v -85.4080 998.0000 -8.7572
v -86.7322 998.0000 -8.0825
v -88.2000 998.0000 -7.8500
v -89.6678 998.0000 -8.0825
v -90.9920 998.0000 -8.7572
v -92.0428 998.0000 -9.8080
v -92.7175 998.0000 -11.1322
v -92.9500 998.0000 -12.6000
v -92.7175 998.0000 -14.0678
v -92.0428 998.0000 -15.3920
v -90.9920 998.0000 -16.4428
v -89.6678 998.0000 -17.1175
v -88.2000 998.0000 -17.3500
v -86.7322 998.0000 -17.1175
v -85.4080 998.0000 -16.4428
v -84.3572 998.0000 -15.3920
v -83.6825 998.0000 -14.0678
v -83.4500 62.0000 -12.6000
v -83.6825 62.0000 -11.1322
v -84.3572 62.0000 -9.8080
v -85.4080 62.0000 -8.7572
v -86.7322 62.0000 -8.0825
v -88.2000 62.0000 -7.8500
v -89.6678 62.0000 -8.0825
v -90.9920 62.0000 -8.7572
v -92.0428 62.0000 -9.8080
v -92.7175 62.0000 -11.1322
v -92.9500 62.0000 -12.6000
v -92.7175 62.0000 -14.0678
v -92.0428 62.0000 -15.3920
v -90.9920 62.0000 -16.4428
v -89.6678 62.0000 -17.1175
v -88.2000 62.0000 -17.3500
v -86.7322 62.0000 -17.1175
v -85.4080 62.0000 -16.4428
v -84.3572 62.0000 -15.3920
v -83.6825 62.0000 -14.0678
v -83.4500 998.0000 -12.6000
v -83.6825 998.0000 -11.1322
v -84.3572 998.0000 -9.8080
v -85.4080 998.0000 -8.7572
v -86.7322 998.0000 -8.0825
v -88.2000 998.0000 -7.8500
v -89.6678 998.0000 -8.0825
v -90.9920 998.0000 -8.7572
v -92.0428 998.0000 -9.8080
v -92.7175 998.0000 -11.1322
v -92.9500 998.0000 -12.6000
v -92.7175 998.0000 -14.0678
v -92.0428 998.0000 -15.3920
v -90.9920 998.0000 -16.4428
v -89.6678 998.0000 -17.1175
v -88.2000 998.0000 -17.3500
v -86.7322 998.0000 -17.1175
v -85.4080 998.0000 -16.4428
v -84.3572 998.0000 -15.3920
v -83.6825 998.0000 -14.0678
v -70.8500 62.0000 -12.6000
v -71.0825 62.0000 -11.1322
v -71.7572 62.0000 -9.8080
v -72.8080 62.0000 -8.7572
v -74.1322 62.0000 -8.0825
v -75.6000 62.0000 -7.8500
v -77.0678 62.0000 -8.0825
v -78.3920 62.0000 -8.7572
v -79.4428 62.0000 -9.8080
v -80.1175 62.0000 -11.1322
v -80.3500 62.0000 -12.6000
v -80.1175 62.0000 -14.0678
v -79.4428 62.0000 -15.3920
v -78.3920 62.0000 -16.4428
v -77.0678 62.0000 -17.1175
v -75.6000 62.0000 -17.3500
v -74.1322 62.0000 -17.1175
v -72.8080 62.0000 -16.4428
v -71.7572 62.0000 -15.3920
v -71.0825 62.0000 -14.0678
v -70.8500 998.0000 -12.6000
v -71.0825 998.0000 -11.1322
v -71.7572 998.0000 -9.8080
v -72.8080 998.0000 -8.7572
v -74.1322 998.0000 -8.0825
v -75.6000 998.0000 -7.8500
v -77.0678 998.0000 -8.0825
v -78.3920 998.0000 -8.7572
v -79.4428 998.0000 -9.8080
v -80.1175 998.0000 -11.1322
v -80.3500 998.0000 -12.6000
v -80.1175 998.0000 -14.0678
v -79.4428 998.0000 -15.3920
v -78.3920 998.0000 -16.4428
v -77.0678 998.0000 -17.1175
v -75.6000 998.0000 -17.3500
v -74.1322 998.0000 -17.1175
v -72.8080 998.0000 -16.4428
v -71.7572 998.0000 -15.3920
v -71.0825 998.0000 -14.0678
v -70.8500 62.0000 -12.6000
v -71.0825 62.0000 -11.1322
v -71.7572 62.0000 -9.8080
v -72.8080 62.0000 -8.7572
v -74.1322 62.0000 -8.0825
v -75.6000 62.0000 -7.8500
v -77.0678 62.0000 -8.0825
v -78.3920 62.0000 -8.7572
v -79.4428 62.0000 -9.8080
v -80.1175 62.0000 -11.1322
v -80.3500 62.0000 -12.6000
v -80.1175 62.0000 -14.0678
v -79.4428 62.0000 -15.3920
v -78.3920 62.0000 -16.4428
v -77.0678 62.0000 -17.1175
v -75.6000 62.0000 -17.3500
v -74.1322 62.0000 -17.1175
v -72.8080 62.0000 -16.4428
v -71.7572 62.0000 -15.3920
v -71.0825 62.0000 -14.0678
v -70.8500 998.0000 -12.6000
v -71.0825 998.0000 -11.1322
v -71.7572 998.0000 -9.8080
v -72.8080 998.0000 -8.7572
v -74.1322 998.0000 -8.0825
v -75.6000 998.0000 -7.8500
v -77.0678 998.0000 -8.0825
v -78.3920 998.0000 -8.7572
v -79.4428 998.0000 -9.8080
v -80.1175 998.0000 -11.1322
v -80.3500 998.0000 -12.6000
v -80.1175 998.0000 -14.0678
v -79.4428 998.0000 -15.3920
v -78.3920 998.0000 -16.4428
v -77.0678 998.0000 -17.1175
v -75.6000 998.0000 -17.3500
v -74.1322 998.0000 -17.1175
v -72.8080 998.0000 -16.4428
v -71.7572 998.0000 -15.3920
v -71.0825 998.0000 -14.0678
v -58.2500 62.0000 -12.6000
v -58.4825 62.0000 -11.1322
v -59.1572 62.0000 -9.8080
v -60.2080 62.0000 -8.7572
v -61.5322 62.0000 -8.0825
v -63.0000 62.0000 -7.8500
v -64.4678 62.0000 -8.0825
v -65.7920 62.0000 -8.7572
v -66.8428 62.0000 -9.8080
v -67.5175 62.0000 -11.1322
v -67.7500 62.0000 -12.6000
v -67.5175 62.0000 -14.0678
v -66.8428 62.0000 -15.3920
v -65.7920 62.0000 -16.4428
v -64.4678 62.0000 -17.1175
v -63.0000 62.0000 -17.3500
v -61.5322 62.0000 -17.1175
v -60.2080 62.0000 -16.4428
v -59.1572 62.0000 -15.3920
v -58.4825 62.0000 -14.0678
v -58.2500 998.0000 -12.6000
v -58.4825 998.0000 -11.1322
v -59.1572 998.0000 -9.8080
v -60.2080 998.0000 -8.7572
v -61.5322 998.0000 -8.0825
v -63.0000 998.0000 -7.8500
v -64.4678 998.0000 -8.0825
v -65.7920 998.0000 -8.7572
v -66.8428 998.0000 -9.8080
v -67.5175 998.0000 -11.1322
v -67.7500 998.0000 -12.6000
v -67.5175 998.0000 -14.0678
v -66.8428 998.0000 -15.3920
v -65.7920 998.0000 -16.4428
v -64.4678 998.0000 -17.1175
v -63.0000 998.0000 -17.3500
v -61.5322 998.0000 -17.1175
v -60.2080 998.0000 -16.4428
v -59.1572 998.0000 -15.3920
v -58.4825 998.0000 -14.0678
v -58.2500 62.0000 -12.6000
v -58.4825 62.0000 -11.1322
v -59.1572 62.0000 -9.8080
v -60.2080 62.0000 -8.7572
v -61.5322 62.0000 -8.0825
v -63.0000 62.0000 -7.8500
v -64.4678 62.0000 -8.0825
v -65.7920 62.0000 -8.7572
v -66.8428 62.0000 -9.8080
v -67.5175 62.0000 -11.1322
v -67.7500 62.0000 -12.6000
v -67.5175 62.0000 -14.0678
v -66.8428 62.0000 -15.3920
v -65.7920 62.0000 -16.4428
v -64.4678 62.0000 -17.1175
v -63.0000 62.0000 -17.3500
v -61.5322 62.0000 -17.1175
v -60.2080 62.0000 -16.4428
v -59.1572 62.0000 -15.3920
v -58.4825 62.0000 -14.0678
v -58.2500 998.0000 -12.6000
v -58.4825 998.0000 -11.1322
v -59.1572 998.0000 -9.8080
v -60.2080 998.0000 -8.7572
v -61.5322 998.0000 -8.0825
v -63.0000 998.0000 -7.8500
v -64.4678 998.0000 -8.0825
v -65.7920 998.0000 -8.7572
v -66.8428 998.0000 -9.8080
v -67.5175 998.0000 -11.1322
v -67.7500 998.0000 -12.6000
v -67.5175 998.0000 -14.0678
v -66.8428 998.0000 -15.3920
v -65.7920 998.0000 -16.4428
v -64.4678 998.0000 -17.1175
v -63.0000 998.0000 -17.3500
v -61.5322 998.0000 -17.1175
v -60.2080 998.0000 -16.4428
v -59.1572 998.0000 -15.3920
v -58.4825 998.0000 -14.0678
v -45.6500 62.0000 -12.6000
v -45.8825 62.0000 -11.1322
v -46.5572 62.0000 -9.8080
v -47.6080 62.0000 -8.7572
v -48.9322 62.0000 -8.0825
v -50.4000 62.0000 -7.8500
v -51.8678 62.0000 -8.0825
v -53.1920 62.0000 -8.7572
v -54.2428 62.0000 -9.8080
v -54.9175 62.0000 -11.1322
v -55.1500 62.0000 -12.6000
v -54.9175 62.0000 -14.0678
v -54.2428 62.0000 -15.3920
v -53.1920 62.0000 -16.4428
v -51.8678 62.0000 -17.1175
v -50.4000 62.0000 -17.3500
v -48.9322 62.0000 -17.1175
v -47.6080 62.0000 -16.4428
v -46.5572 62.0000 -15.3920
v -45.8825 62.0000 -14.0678
v -45.6500 998.0000 -12.6000
v -45.8825 998.0000 -11.1322
v -46.5572 998.0000 -9.8080
v -47.6080 998.0000 -8.7572
v -48.9322 998.0000 -8.0825
v -50.4000 998.0000 -7.8500
v -51.8678 998.0000 -8.0825
v -53.1920 998.0000 -8.7572
v -54.2428 998.0000 -9.8080
v -54.9175 998.0000 -11.1322
v -55.1500 998.0000 -12.6000
v -54.9175 998.0000 -14.0678
v -54.2428 998.0000 -15.3920
v -53.1920 998.0000 -16.4428
v -51.8678 998.0000 -17.1175
v -50.4000 998.0000 -17.3500
v -48.9322 998.0000 -17.1175
v -47.6080 998.0000 -16.4428
v -46.5572 998.0000 -15.3920
v -45.8825 998.0000 -14.0678
v -45.6500 62.0000 -12.6000
v -45.8825 62.0000 -11.1322
v -46.5572 62.0000 -9.8080
v -47.6080 62.0000 -8.7572
v -48.9322 62.0000 -8.0825
v -50.4000 62.0000 -7.8500
v -51.8678 62.0000 -8.0825
v -53.1920 62.0000 -8.7572
v -54.2428 62.0000 -9.8080
v -54.9175 62.0000 -11.1322
v -55.1500 62.0000 -12.6000
v -54.9175 62.0000 -14.0678
v -54.2428 62.0000 -15.3920
v -53.1920 62.0000 -16.4428
v -51.8678 62.0000 -17.1175
v -50.4000 62.0000 -17.3500
v -48.9322 62.0000 -17.1175
v -47.6080 62.0000 -16.4428
v -46.5572 62.0000 -15.3920
v -45.8825 62.0000 -14.0678
v -45.6500 998.0000 -12.6000
v -45.8825 998.0000 -11.1322
v -46.5572 998.0000 -9.8080
v -47.6080 998.0000 -8.7572
v -48.9322 998.0000 -8.0825
v -50.4000 998.0000 -7.8500
v -51.8678 998.0000 -8.0825
v -53.1920 998.0000 -8.7572
v -54.2428 998.0000 -9.8080
v -54.9175 998.0000 -11.1322
v -55.1500 998.0000 -12.6000
v -54.9175 998.0000 -14.0678
v -54.2428 998.0000 -15.3920
v -53.1920 998.0000 -16.4428
v -51.8678 998.0000 -17.1175
v -50.4000 998.0000 -17.3500
v -48.9322 998.0000 -17.1175
v -47.6080 998.0000 -16.4428
v -46.5572 998.0000 -15.3920
v -45.8825 998.0000 -14.0678
v -33.0500 62.0000 -12.6000
v -33.2825 62.0000 -11.1322
v -33.9572 62.0000 -9.8080
v -35.0080 62.0000 -8.7572
v -36.3322 62.0000 -8.0825
v -37.8000 62.0000 -7.8500
v -39.2678 62.0000 -8.0825
v -40.5920 62.0000 -8.7572
v -41.6428 62.0000 -9.8080
v -42.3175 62.0000 -11.1322
v -42.5500 62.0000 -12.6000
v -42.3175 62.0000 -14.0678
v -41.6428 62.0000 -15.3920
v -40.5920 62.0000 -16.4428
v -39.2678 62.0000 -17.1175
v -37.8000 62.0000 -17.3500
v -36.3322 62.0000 -17.1175
v -35.0080 62.0000 -16.4428
v -33.9572 62.0000 -15.3920
v -33.2825 62.0000 -14.0678
v -33.0500 998.0000 -12.6000
v -33.2825 998.0000 -11.1322
v -33.9572 998.0000 -9.8080
v -35.0080 998.0000 -8.7572
v -36.3322 998.0000 -8.0825
v -37.8000 998.0000 -7.8500
v -39.2678 998.0000 -8.0825
v -40.5920 998.0000 -8.7572
v -41.6428 998.0000 -9.8080
v -42.3175 998.0000 -11.1322
v -42.5500 998.0000 -12.6000
v -42.3175 998.0000 -14.0678
v -41.6428 998.0000 -15.3920
v -40.5920 998.0000 -16.4428
v -39.2678 998.0000 -17.1175
v -37.8000 998.0000 -17.3500
v -36.3322 998.0000 -17.1175
v -35.0080 998.0000 -16.4428
v -33.9572 998.0000 -15.3920
v -33.2825 998.0000 -14.0678
v -33.0500 62.0000 -12.6000
v -33.2825 62.0000 -11.1322
v -33.9572 62.0000 -9.8080
v -35.0080 62.0000 -8.7572
v -36.3322 62.0000 -8.0825
v -37.8000 62.0000 -7.8500
v -39.2678 62.0000 -8.0825
v -40.5920 62.0000 -8.7572
v -41.6428 62.0000 -9.8080
v -42.3175 62.0000 -11.1322
v -42.5500 62.0000 -12.6000
v -42.3175 62.0000 -14.0678
v -41.6428 62.0000 -15.3920
v -40.5920 62.0000 -16.4428
v -39.2678 62.0000 -17.1175
v -37.8000 62.0000 -17.3500
v -36.3322 62.0000 -17.1175
v -35.0080 62.0000 -16.4428
v -33.9572 62.0000 -15.3920
v -33.2825 62.0000 -14.0678
v -33.0500 998.0000 -12.6000
v -33.2825 998.0000 -11.1322
v -33.9572 998.0000 -9.8080
v -35.0080 998.0000 -8.7572
v -36.3322 998.0000 -8.0825
v -37.8000 998.0000 -7.8500
v -39.2678 998.0000 -8.0825
v -40.5920 998.0000 -8.7572
v -41.6428 998.0000 -9.8080
v -42.3175 998.0000 -11.1322
v -42.5500 998.0000 -12.6000
v -42.3175 998.0000 -14.0678
v -41.6428 998.0000 -15.3920
v -40.5920 998.0000 -16.4428
v -39.2678 998.0000 -17.1175
v -37.8000 998.0000 -17.3500
v -36.3322 998.0000 -17.1175
v -35.0080 998.0000 -16.4428
v -33.9572 998.0000 -15.3920
v -33.2825 998.0000 -14.0678
v -20.4500 62.0000 -12.6000
v -20.6825 62.0000 -11.1322
v -21.3572 62.0000 -9.8080
v -22.4080 62.0000 -8.7572
v -23.7322 62.0000 -8.0825
v -25.2000 62.0000 -7.8500
v -26.6678 62.0000 -8.0825
v -27.9920 62.0000 -8.7572
v -29.0428 62.0000 -9.8080
v -29.7175 62.0000 -11.1322
v -29.9500 62.0000 -12.6000
v -29.7175 62.0000 -14.0678
v -29.0428 62.0000 -15.3920
v -27.9920 62.0000 -16.4428
v -26.6678 62.0000 -17.1175
v -25.2000 62.0000 -17.3500
v -23.7322 62.0000 -17.1175
v -22.4080 62.0000 -16.4428
v -21.3572 62.0000 -15.3920
v -20.6825 62.0000 -14.0678
v -20.4500 998.0000 -12.6000
v -20.6825 998.0000 -11.1322
v -21.3572 998.0000 -9.8080
v -22.4080 998.0000 -8.7572
v -23.7322 998.0000 -8.0825
v -25.2000 998.0000 -7.8500
v -26.6678 998.0000 -8.0825
v -27.9920 998.0000 -8.7572
v -29.0428 998.0000 -9.8080
v -29.7175 998.0000 -11.1322
v -29.9500 998.0000 -12.6000
v -29.7175 998.0000 -14.0678
v -29.0428 998.0000 -15.3920
v -27.9920 998.0000 -16.4428
v -26.6678 998.0000 -17.1175
v -25.2000 998.0000 -17.3500
v -23.7322 998.0000 -17.1175
v -22.4080 998.0000 -16.4428
v -21.3572 998.0000 -15.3920
v -20.6825 998.0000 -14.0678
v -20.4500 62.0000 -12.6000
v -20.6825 62.0000 -11.1322
v -21.3572 62.0000 -9.8080
v -22.4080 62.0000 -8.7572
v -23.7322 62.0000 -8.0825
v -25.2000 62.0000 -7.8500
v -26.6678 62.0000 -8.0825
v -27.9920 62.0000 -8.7572
v -29.0428 62.0000 -9.8080
v -29.7175 62.0000 -11.1322
v -29.9500 62.0000 -12.6000
v -29.7175 62.0000 -14.0678
v -29.0428 62.0000 -15.3920
v -27.9920 62.0000 -16.4428
v -26.6678 62.0000 -17.1175
v -25.2000 62.0000 -17.3500
v -23.7322 62.0000 -17.1175
v -22.4080 62.0000 -16.4428
v -21.3572 62.0000 -15.3920
v -20.6825 62.0000 -14.0678
v -20.4500 998.0000 -12.6000
v -20.6825 998.0000 -11.1322
v -21.3572 998.0000 -9.8080
v -22.4080 998.0000 -8.7572
v -23.7322 998.0000 -8.0825
v -25.2000 998.0000 -7.8500
v -26.6678 998.0000 -8.0825
v -27.9920 998.0000 -8.7572
v -29.0428 998.0000 -9.8080
v -29.7175 998.0000 -11.1322
v -29.9500 998.0000 -12.6000
v -29.7175 998.0000 -14.0678
v -29.0428 998.0000 -15.3920
v -27.9920 998.0000 -16.4428
v -26.6678 998.0000 -17.1175
v -25.2000 998.0000 -17.3500
v -23.7322 998.0000 -17.1175
v -22.4080 998.0000 -16.4428
v -21.3572 998.0000 -15.3920
v -20.6825 998.0000 -14.0678
v -7.8500 62.0000 -12.6000
v -8.0825 62.0000 -11.1322
v -8.7572 62.0000 -9.8080
v -9.8080 62.0000 -8.7572
v -11.1322 62.0000 -8.0825
v -12.6000 62.0000 -7.8500
v -14.0678 62.0000 -8.0825
v -15.3920 62.0000 -8.7572
v -16.4428 62.0000 -9.8080
v -17.1175 62.0000 -11.1322
v -17.3500 62.0000 -12.6000
v -17.1175 62.0000 -14.0678
v -16.4428 62.0000 -15.3920
v -15.3920 62.0000 -16.4428
v -14.0678 62.0000 -17.1175
v -12.6000 62.0000 -17.3500
v -11.1322 62.0000 -17.1175
v -9.8080 62.0000 -16.4428
v -8.7572 62.0000 -15.3920
v -8.0825 62.0000 -14.0678
v -7.8500 998.0000 -12.6000
v -8.0825 998.0000 -11.1322
v -8.7572 998.0000 -9.8080
v -9.8080 998.0000 -8.7572
v -11.1322 998.0000 -8.0825
v -12.6000 998.0000 -7.8500
v -14.0678 998.0000 -8.0825
v -15.3920 998.0000 -8.7572
v -16.4428 998.0000 -9.8080
v -17.1175 998.0000 -11.1322
v -17.3500 998.0000 -12.6000
v -17.1175 998.0000 -14.0678
v -16.4428 998.0000 -15.3920
v -15.3920 998.0000 -16.4428
v -14.0678 998.0000 -17.1175
v -12.6000 998.0000 -17.3500
v -11.1322 998.0000 -17.1175
v -9.8080 998.0000 -16.4428
v -8.7572 998.0000 -15.3920
v -8.0825 998.0000 -14.0678
v -7.8500 62.0000 -12.6000
v -8.0825 62.0000 -11.1322
v -8.7572 62.0000 -9.8080
v -9.8080 62.0000 -8.7572
v -11.1322 62.0000 -8.0825
v -12.6000 62.0000 -7.8500
v -14.0678 62.0000 -8.0825
v -15.3920 62.0000 -8.7572
v -16.4428 62.0000 -9.8080
v -17.1175 62.0000 -11.1322
v -17.3500 62.0000 -12.6000
v -17.1175 62.0000 -14.0678
v -16.4428 62.0000 -15.3920
v -15.3920 62.0000 -16.4428
v -14.0678 62.0000 -17.1175
v -12.6000 62.0000 -17.3500
v -11.1322 62.0000 -17.1175
v -9.8080 62.0000 -16.4428
v -8.7572 62.0000 -15.3920
v -8.0825 62.0000 -14.0678
v -7.8500 998.0000 -12.6000
v -8.0825 998.0000 -11.1322
v -8.7572 998.0000 -9.8080
v -9.8080 998.0000 -8.7572
v -11.1322 998.0000 -8.0825
v -12.6000 998.0000 -7.8500
v -14.0678 998.0000 -8.0825
v -15.3920 998.0000 -8.7572
v -16.4428 998.0000 -9.8080
v -17.1175 998.0000 -11.1322
v -17.3500 998.0000 -12.6000
v -17.1175 998.0000 -14.0678
v -16.4428 998.0000 -15.3920
v -15.3920 998.0000 -16.4428
v -14.0678 998.0000 -17.1175
v -12.6000 998.0000 -17.3500
v -11.1322 998.0000 -17.1175
v -9.8080 998.0000 -16.4428
v -8.7572 998.0000 -15.3920
v -8.0825 998.0000 -14.0678
v 4.7500 62.0000 -12.6000
v 4.5175 62.0000 -11.1322
v 3.8428 62.0000 -9.8080
v 2.7920 62.0000 -8.7572
v 1.4678 62.0000 -8.0825
v 0.0000 62.0000 -7.8500
v -1.4678 62.0000 -8.0825
v -2.7920 62.0000 -8.7572
v -3.8428 62.0000 -9.8080
v -4.5175 62.0000 -11.1322
v -4.7500 62.0000 -12.6000
v -4.5175 62.0000 -14.0678
v -3.8428 62.0000 -15.3920
v -2.7920 62.0000 -16.4428
v -1.4678 62.0000 -17.1175
v -0.0000 62.0000 -17.3500
v 1.4678 62.0000 -17.1175
v 2.7920 62.0000 -16.4428
v 3.8428 62.0000 -15.3920
v 4.5175 62.0000 -14.0678
v 4.7500 998.0000 -12.6000
v 4.5175 998.0000 -11.1322
v 3.8428 998.0000 -9.8080
v 2.7920 998.0000 -8.7572
v 1.4678 998.0000 -8.0825
v 0.0000 998.0000 -7.8500
v -1.4678 998.0000 -8.0825
v -2.7920 998.0000 -8.7572
v -3.8428 998.0000 -9.8080
v -4.5175 998.0000 -11.1322
v -4.7500 998.0000 -12.6000
v -4.5175 998.0000 -14.0678
v -3.8428 998.0000 -15.3920
v -2.7920 998.0000 -16.4428
v -1.4678 998.0000 -17.1175
v -0.0000 998.0000 -17.3500
v 1.4678 998.0000 -17.1175
v 2.7920 998.0000 -16.4428
v 3.8428 998.0000 -15.3920
v 4.5175 998.0000 -14.0678
v 4.7500 62.0000 -12.6000
v 4.5175 62.0000 -11.1322
v 3.8428 62.0000 -9.8080
v 2.7920 62.0000 -8.7572
v 1.4678 62.0000 -8.0825
v 0.0000 62.0000 -7.8500
v -1.4678 62.0000 -8.0825
v -2.7920 62.0000 -8.7572
v -3.8428 62.0000 -9.8080
v -4.5175 62.0000 -11.1322
v -4.7500 62.0000 -12.6000
v -4.5175 62.0000 -14.0678
v -3.8428 62.0000 -15.3920
v -2.7920 62.0000 -16.4428
v -1.4678 62.0000 -17.1175
v -0.0000 62.0000 -17.3500
v 1.4678 62.0000 -17.1175
v 2.7920 62.0000 -16.4428
v 3.8428 62.0000 -15.3920
v 4.5175 62.0000 -14.0678
v 4.7500 998.0000 -12.6000
v 4.5175 998.0000 -11.1322
v 3.8428 998.0000 -9.8080
v 2.7920 998.0000 -8.7572
v 1.4678 998.0000 -8.0825
v 0.0000 998.0000 -7.8500
v -1.4678 998.0000 -8.0825
v -2.7920 998.0000 -8.7572
v -3.8428 998.0000 -9.8080
v -4.5175 998.0000 -11.1322
v -4.7500 998.0000 -12.6000
v -4.5175 998.0000 -14.0678
v -3.8428 998.0000 -15.3920
v -2.7920 998.0000 -16.4428
v -1.4678 998.0000 -17.1175
v -0.0000 998.0000 -17.3500
v 1.4678 998.0000 -17.1175
v 2.7920 998.0000 -16.4428
v 3.8428 998.0000 -15.3920
v 4.5175 998.0000 -14.0678
v 17.3500 62.0000 -12.6000
v 17.1175 62.0000 -11.1322
v 16.4428 62.0000 -9.8080
v 15.3920 62.0000 -8.7572
v 14.0678 62.0000 -8.0825
v 12.6000 62.0000 -7.8500
v 11.1322 62.0000 -8.0825
v 9.8080 62.0000 -8.7572
v 8.7572 62.0000 -9.8080
v 8.0825 62.0000 -11.1322
v 7.8500 62.0000 -12.6000
v 8.0825 62.0000 -14.0678
v 8.7572 62.0000 -15.3920
v 9.8080 62.0000 -16.4428
v 11.1322 62.0000 -17.1175
v 12.6000 62.0000 -17.3500
v 14.0678 62.0000 -17.1175
v 15.3920 62.0000 -16.4428
v 16.4428 62.0000 -15.3920
v 17.1175 62.0000 -14.0678
v 17.3500 998.0000 -12.6000
v 17.1175 998.0000 -11.1322
v 16.4428 998.0000 -9.8080
v 15.3920 998.0000 -8.7572
v 14.0678 998.0000 -8.0825
v 12.6000 998.0000 -7.8500
v 11.1322 998.0000 -8.0825
v 9.8080 998.0000 -8.7572
v 8.7572 998.0000 -9.8080
v 8.0825 998.0000 -11.1322
v 7.8500 998.0000 -12.6000
v 8.0825 998.0000 -14.0678
v 8.7572 998.0000 -15.3920
v 9.8080 998.0000 -16.4428
v 11.1322 998.0000 -17.1175
v 12.6000 998.0000 -17.3500
v 14.0678 998.0000 -17.1175
v 15.3920 998.0000 -16.4428
v 16.4428 998.0000 -15.3920
v 17.1175 998.0000 -14.0678
v 17.3500 62.0000 -12.6000
v 17.1175 62.0000 -11.1322
v 16.4428 62.0000 -9.8080
v 15.3920 62.0000 -8.7572
v 14.0678 62.0000 -8.0825
v 12.6000 62.0000 -7.8500
v 11.1322 62.0000 -8.0825
v 9.8080 62.0000 -8.7572
v 8.7572 62.0000 -9.8080
v 8.0825 62.0000 -11.1322
v 7.8500 62.0000 -12.6000
v 8.0825 62.0000 -14.0678
v 8.7572 62.0000 -15.3920
v 9.8080 62.0000 -16.4428
v 11.1322 62.0000 -17.1175
v 12.6000 62.0000 -17.3500
v 14.0678 62.0000 -17.1175
v 15.3920 62.0000 -16.4428
v 16.4428 62.0000 -15.3920
v 17.1175 62.0000 -14.0678
v 17.3500 998.0000 -12.6000
v 17.1175 998.0000 -11.1322
v 16.4428 998.0000 -9.8080
v 15.3920 998.0000 -8.7572
v 14.0678 998.0000 -8.0825
v 12.6000 998.0000 -7.8500
v 11.1322 998.0000 -8.0825
v 9.8080 998.0000 -8.7572
v 8.7572 998.0000 -9.8080
v 8.0825 998.0000 -11.1322
v 7.8500 998.0000 -12.6000
v 8.0825 998.0000 -14.0678
v 8.7572 998.0000 -15.3920
v 9.8080 998.0000 -16.4428
v 11.1322 998.0000 -17.1175
v 12.6000 998.0000 -17.3500
v 14.0678 998.0000 -17.1175
v 15.3920 998.0000 -16.4428
v 16.4428 998.0000 -15.3920
v 17.1175 998.0000 -14.0678
v 29.9500 62.0000 -12.6000
v 29.7175 62.0000 -11.1322
v 29.0428 62.0000 -9.8080
v 27.9920 62.0000 -8.7572
v 26.6678 62.0000 -8.0825
v 25.2000 62.0000 -7.8500
v 23.7322 62.0000 -8.0825
v 22.4080 62.0000 -8.7572
v 21.3572 62.0000 -9.8080
v 20.6825 62.0000 -11.1322
v 20.4500 62.0000 -12.6000
v 20.6825 62.0000 -14.0678
v 21.3572 62.0000 -15.3920
v 22.4080 62.0000 -16.4428
v 23.7322 62.0000 -17.1175
v 25.2000 62.0000 -17.3500
v 26.6678 62.0000 -17.1175
v 27.9920 62.0000 -16.4428
v 29.0428 62.0000 -15.3920
v 29.7175 62.0000 -14.0678
v 29.9500 998.0000 -12.6000
v 29.7175 998.0000 -11.1322
v 29.0428 998.0000 -9.8080
v 27.9920 998.0000 -8.7572
v 26.6678 998.0000 -8.0825
v 25.2000 998.0000 -7.8500
v 23.7322 998.0000 -8.0825
v 22.4080 998.0000 -8.7572
v 21.3572 998.0000 -9.8080
v 20.6825 998.0000 -11.1322
v 20.4500 998.0000 -12.6000
v 20.6825 998.0000 -14.0678
v 21.3572 998.0000 -15.3920
v 22.4080 998.0000 -16.4428
v 23.7322 998.0000 -17.1175
v 25.2000 998.0000 -17.3500
v 26.6678 998.0000 -17.1175
v 27.9920 998.0000 -16.4428
v 29.0428 998.0000 -15.3920
v 29.7175 998.0000 -14.0678
v 29.9500 62.0000 -12.6000
v 29.7175 62.0000 -11.1322
v 29.0428 62.0000 -9.8080
v 27.9920 62.0000 -8.7572
v 26.6678 62.0000 -8.0825
v 25.2000 62.0000 -7.8500
v 23.7322 62.0000 -8.0825
v 22.4080 62.0000 -8.7572
v 21.3572 62.0000 -9.8080
v 20.6825 62.0000 -11.1322
v 20.4500 62.0000 -12.6000
v 20.6825 62.0000 -14.0678
v 21.3572 62.0000 -15.3920
v 22.4080 62.0000 -16.4428
v 23.7322 62.0000 -17.1175
v 25.2000 62.0000 -17.3500
v 26.6678 62.0000 -17.1175
v 27.9920 62.0000 -16.4428
v 29.0428 62.0000 -15.3920
v 29.7175 62.0000 -14.0678
v 29.9500 998.0000 -12.6000
v 29.7175 998.0000 -11.1322
v 29.0428 998.0000 -9.8080
v 27.9920 998.0000 -8.7572
v 26.6678 998.0000 -8.0825
v 25.2000 998.0000 -7.8500
v 23.7322 998.0000 -8.0825
v 22.4080 998.0000 -8.7572
v 21.3572 998.0000 -9.8080
v 20.6825 998.0000 -11.1322
v 20.4500 998.0000 -12.6000
v 20.6825 998.0000 -14.0678
v 21.3572 998.0000 -15.3920
v 22.4080 998.0000 -16.4428
v 23.7322 998.0000 -17.1175
v 25.2000 998.0000 -17.3500
v 26.6678 998.0000 -17.1175
v 27.9920 998.0000 -16.4428
v 29.0428 998.0000 -15.3920
v 29.7175 998.0000 -14.0678
v 42.5500 62.0000 -12.6000
v 42.3175 62.0000 -11.1322
v 41.6428 62.0000 -9.8080
v 40.5920 62.0000 -8.7572
v 39.2678 62.0000 -8.0825
v 37.8000 62.0000 -7.8500
v 36.3322 62.0000 -8.0825
v 35.0080 62.0000 -8.7572
v 33.9572 62.0000 -9.8080
v 33.2825 62.0000 -11.1322
v 33.0500 62.0000 -12.6000
v 33.2825 62.0000 -14.0678
v 33.9572 62.0000 -15.3920
v 35.0080 62.0000 -16.4428
v 36.3322 62.0000 -17.1175
v 37.8000 62.0000 -17.3500
v 39.2678 62.0000 -17.1175
v 40.5920 62.0000 -16.4428
v 41.6428 62.0000 -15.3920
v 42.3175 62.0000 -14.0678
v 42.5500 998.0000 -12.6000
v 42.3175 998.0000 -11.1322
v 41.6428 998.0000 -9.8080
v 40.5920 998.0000 -8.7572
v 39.2678 998.0000 -8.0825
v 37.8000 998.0000 -7.8500
v 36.3322 998.0000 -8.0825
v 35.0080 998.0000 -8.7572
v 33.9572 998.0000 -9.8080
v 33.2825 998.0000 -11.1322
v 33.0500 998.0000 -12.6000
v 33.2825 998.0000 -14.0678
v 33.9572 998.0000 -15.3920
v 35.0080 998.0000 -16.4428
v 36.3322 998.0000 -17.1175
v 37.8000 998.0000 -17.3500
v 39.2678 998.0000 -17.1175
v 40.5920 998.0000 -16.4428
v 41.6428 998.0000 -15.3920
v 42.3175 998.0000 -14.0678
v 42.5500 62.0000 -12.6000
v 42.3175 62.0000 -11.1322
v 41.6428 62.0000 -9.8080
v 40.5920 62.0000 -8.7572
v 39.2678 62.0000 -8.0825
v 37.8000 62.0000 -7.8500
v 36.3322 62.0000 -8.0825
v 35.0080 62.0000 -8.7572
v 33.9572 62.0000 -9.8080
v 33.2825 62.0000 -11.1322
v 33.0500 62.0000 -12.6000
v 33.2825 62.0000 -14.0678
v 33.9572 62.0000 -15.3920
v 35.0080 62.0000 -16.4428
v 36.3322 62.0000 -17.1175
v 37.8000 62.0000 -17.3500
v 39.2678 62.0000 -17.1175
v 40.5920 62.0000 -16.4428
v 41.6428 62.0000 -15.3920
v 42.3175 62.0000 -14.0678
v 42.5500 998.0000 -12.6000
v 42.3175 998.0000 -11.1322
v 41.6428 998.0000 -9.8080
v 40.5920 998.0000 -8.7572
v 39.2678 998.0000 -8.0825
v 37.8000 998.0000 -7.8500
v 36.3322 998.0000 -8.0825
v 35.0080 998.0000 -8.7572
v 33.9572 998.0000 -9.8080
v 33.2825 998.0000 -11.1322
v 33.0500 998.0000 -12.6000
v 33.2825 998.0000 -14.0678
v 33.9572 998.0000 -15.3920
v 35.0080 998.0000 -16.4428
v 36.3322 998.0000 -17.1175
v 37.8000 998.0000 -17.3500
v 39.2678 998.0000 -17.1175
v 40.5920 998.0000 -16.4428
v 41.6428 998.0000 -15.3920
v 42.3175 998.0000 -14.0678
v 55.1500 62.0000 -12.6000
v 54.9175 62.0000 -11.1322
v 54.2428 62.0000 -9.8080
v 53.1920 62.0000 -8.7572
v 51.8678 62.0000 -8.0825
v 50.4000 62.0000 -7.8500
v 48.9322 62.0000 -8.0825
v 47.6080 62.0000 -8.7572
v 46.5572 62.0000 -9.8080
v 45.8825 62.0000 -11.1322
v 45.6500 62.0000 -12.6000
v 45.8825 62.0000 -14.0678
v 46.5572 62.0000 -15.3920
v 47.6080 62.0000 -16.4428
v 48.9322 62.0000 -17.1175
v 50.4000 62.0000 -17.3500
v 51.8678 62.0000 -17.1175
v 53.1920 62.0000 -16.4428
v 54.2428 62.0000 -15.3920
v 54.9175 62.0000 -14.0678
v 55.1500 998.0000 -12.6000
v 54.9175 998.0000 -11.1322
v 54.2428 998.0000 -9.8080
v 53.1920 998.0000 -8.7572
v 51.8678 998.0000 -8.0825
v 50.4000 998.0000 -7.8500
v 48.9322 998.0000 -8.0825
v 47.6080 998.0000 -8.7572
v 46.5572 998.0000 -9.8080
v 45.8825 998.0000 -11.1322
v 45.6500 998.0000 -12.6000
v 45.8825 998.0000 -14.0678
v 46.5572 998.0000 -15.3920
v 47.6080 998.0000 -16.4428
v 48.9322 998.0000 -17.1175
v 50.4000 998.0000 -17.3500
v 51.8678 998.0000 -17.1175
v 53.1920 998.0000 -16.4428
v 54.2428 998.0000 -15.3920
v 54.9175 998.0000 -14.0678
v 55.1500 62.0000 -12.6000
v 54.9175 62.0000 -11.1322
v 54.2428 62.0000 -9.8080
v 53.1920 62.0000 -8.7572
v 51.8678 62.0000 -8.0825
v 50.4000 62.0000 -7.8500
v 48.9322 62.0000 -8.0825
v 47.6080 62.0000 -8.7572
v 46.5572 62.0000 -9.8080
v 45.8825 62.0000 -11.1322
v 45.6500 62.0000 -12.6000
v 45.8825 62.0000 -14.0678
v 46.5572 62.0000 -15.3920
v 47.6080 62.0000 -16.4428
v 48.9322 62.0000 -17.1175
v 50.4000 62.0000 -17.3500
v 51.8678 62.0000 -17.1175
v 53.1920 62.0000 -16.4428
v 54.2428 62.0000 -15.3920
v 54.9175 62.0000 -14.0678
v 55.1500 998.0000 -12.6000
v 54.9175 998.0000 -11.1322
v 54.2428 998.0000 -9.8080
v 53.1920 998.0000 -8.7572
v 51.8678 998.0000 -8.0825
v 50.4000 998.0000 -7.8500
v 48.9322 998.0000 -8.0825
v 47.6080 998.0000 -8.7572
v 46.5572 998.0000 -9.8080
v 45.8825 998.0000 -11.1322
v 45.6500 998.0000 -12.6000
v 45.8825 998.0000 -14.0678
v 46.5572 998.0000 -15.3920
v 47.6080 998.0000 -16.4428
v 48.9322 998.0000 -17.1175
v 50.4000 998.0000 -17.3500
v 51.8678 998.0000 -17.1175
v 53.1920 998.0000 -16.4428
v 54.2428 998.0000 -15.3920
v 54.9175 998.0000 -14.0678
v 67.7500 62.0000 -12.6000
v 67.5175 62.0000 -11.1322
v 66.8428 62.0000 -9.8080
v 65.7920 62.0000 -8.7572
v 64.4678 62.0000 -8.0825
v 63.0000 62.0000 -7.8500
v 61.5322 62.0000 -8.0825
v 60.2080 62.0000 -8.7572
v 59.1572 62.0000 -9.8080
v 58.4825 62.0000 -11.1322
v 58.2500 62.0000 -12.6000
v 58.4825 62.0000 -14.0678
v 59.1572 62.0000 -15.3920
v 60.2080 62.0000 -16.4428
v 61.5322 62.0000 -17.1175
v 63.0000 62.0000 -17.3500
v 64.4678 62.0000 -17.1175
v 65.7920 62.0000 -16.4428
v 66.8428 62.0000 -15.3920
v 67.5175 62.0000 -14.0678
v 67.7500 998.0000 -12.6000
v 67.5175 998.0000 -11.1322
v 66.8428 998.0000 -9.8080
v 65.7920 998.0000 -8.7572
v 64.4678 998.0000 -8.0825
v 63.0000 998.0000 -7.8500
v 61.5322 998.0000 -8.0825
v 60.2080 998.0000 -8.7572
v 59.1572 998.0000 -9.8080
v 58.4825 998.0000 -11.1322
v 58.2500 998.0000 -12.6000
v 58.4825 998.0000 -14.0678
v 59.1572 998.0000 -15.3920
v 60.2080 998.0000 -16.4428
v 61.5322 998.0000 -17.1175
v 63.0000 998.0000 -17.3500
v 64.4678 998.0000 -17.1175
v 65.7920 998.0000 -16.4428
v 66.8428 998.0000 -15.3920
v 67.5175 998.0000 -14.0678
v 67.7500 62.0000 -12.6000
v 67.5175 62.0000 -11.1322
v 66.8428 62.0000 -9.8080
v 65.7920 62.0000 -8.7572
v 64.4678 62.0000 -8.0825
v 63.0000 62.0000 -7.8500
v 61.5322 62.0000 -8.0825
v 60.2080 62.0000 -8.7572
v 59.1572 62.0000 -9.8080
v 58.4825 62.0000 -11.1322
v 58.2500 62.0000 -12.6000
v 58.4825 62.0000 -14.0678
v 59.1572 62.0000 -15.3920
v 60.2080 62.0000 -16.4428
v 61.5322 62.0000 -17.1175
v 63.0000 62.0000 -17.3500
v 64.4678 62.0000 -17.1175
v 65.7920 62.0000 -16.4428
v 66.8428 62.0000 -15.3920
v 67.5175 62.0000 -14.0678
v 67.7500 998.0000 -12.6000
v 67.5175 998.0000 -11.1322
v 66.8428 998.0000 -9.8080
v 65.7920 998.0000 -8.7572
v 64.4678 998.0000 -8.0825
v 63.0000 998.0000 -7.8500
v 61.5322 998.0000 -8.0825
v 60.2080 998.0000 -8.7572
v 59.1572 998.0000 -9.8080
v 58.4825 998.0000 -11.1322
v 58.2500 998.0000 -12.6000
v 58.4825 998.0000 -14.0678
v 59.1572 998.0000 -15.3920
v 60.2080 998.0000 -16.4428
v 61.5322 998.0000 -17.1175
v 63.0000 998.0000 -17.3500
v 64.4678 998.0000 -17.1175
v 65.7920 998.0000 -16.4428
v 66.8428 998.0000 -15.3920
v 67.5175 998.0000 -14.0678
v 80.3500 62.0000 -12.6000
v 80.1175 62.0000 -11.1322
v 79.4428 62.0000 -9.8080
v 78.3920 62.0000 -8.7572
v 77.0678 62.0000 -8.0825
v 75.6000 62.0000 -7.8500
v 74.1322 62.0000 -8.0825
v 72.8080 62.0000 -8.7572
v 71.7572 62.0000 -9.8080
v 71.0825 62.0000 -11.1322
v 70.8500 62.0000 -12.6000
v 71.0825 62.0000 -14.0678
v 71.7572 62.0000 -15.3920
v 72.8080 62.0000 -16.4428
v 74.1322 62.0000 -17.1175
v 75.6000 62.0000 -17.3500
v 77.0678 62.0000 -17.1175
v 78.3920 62.0000 -16.4428
v 79.4428 62.0000 -15.3920
v 80.1175 62.0000 -14.0678
v 80.3500 998.0000 -12.6000
v 80.1175 998.0000 -11.1322
v 79.4428 998.0000 -9.8080
v 78.3920 998.0000 -8.7572
v 77.0678 998.0000 -8.0825
v 75.6000 998.0000 -7.8500
v 74.1322 998.0000 -8.0825
v 72.8080 998.0000 -8.7572
v 71.7572 998.0000 -9.8080
v 71.0825 998.0000 -11.1322
v 70.8500 998.0000 -12.6000
v 71.0825 998.0000 -14.0678
v 71.7572 998.0000 -15.3920
v 72.8080 998.0000 -16.4428
v 74.1322 998.0000 -17.1175
v 75.6000 998.0000 -17.3500
v 77.0678 998.0000 -17.1175
v 78.3920 998.0000 -16.4428
v 79.4428 998.0000 -15.3920
v 80.1175 998.0000 -14.0678
v 80.3500 62.0000 -12.6000
v 80.1175 62.0000 -11.1322
v 79.4428 62.0000 -9.8080
v 78.3920 62.0000 -8.7572
v 77.0678 62.0000 -8.0825
v 75.6000 62.0000 -7.8500
v 74.1322 62.0000 -8.0825
v 72.8080 62.0000 -8.7572
v 71.7572 62.0000 -9.8080
v 71.0825 62.0000 -11.1322
v 70.8500 62.0000 -12.6000
v 71.0825 62.0000 -14.0678
v 71.7572 62.0000 -15.3920
v 72.8080 62.0000 -16.4428
v 74.1322 62.0000 -17.1175
v 75.6000 62.0000 -17.3500
v 77.0678 62.0000 -17.1175
v 78.3920 62.0000 -16.4428
v 79.4428 62.0000 -15.3920
v 80.1175 62.0000 -14.0678
v 80.3500 998.0000 -12.6000
v 80.1175 998.0000 -11.1322
v 79.4428 998.0000 -9.8080
v 78.3920 998.0000 -8.7572
v 77.0678 998.0000 -8.0825
v 75.6000 998.0000 -7.8500
v 74.1322 998.0000 -8.0825
v 72.8080 998.0000 -8.7572
v 71.7572 998.0000 -9.8080
v 71.0825 998.0000 -11.1322
v 70.8500 998.0000 -12.6000
v 71.0825 998.0000 -14.0678
v 71.7572 998.0000 -15.3920
v 72.8080 998.0000 -16.4428
v 74.1322 998.0000 -17.1175
v 75.6000 998.0000 -17.3500
v 77.0678 998.0000 -17.1175
v 78.3920 998.0000 -16.4428
v 79.4428 998.0000 -15.3920
v 80.1175 998.0000 -14.0678
v 92.9500 62.0000 -12.6000
v 92.7175 62.0000 -11.1322
v 92.0428 62.0000 -9.8080
v 90.9920 62.0000 -8.7572
v 89.6678 62.0000 -8.0825
v 88.2000 62.0000 -7.8500
v 86.7322 62.0000 -8.0825
v 85.4080 62.0000 -8.7572
v 84.3572 62.0000 -9.8080
v 83.6825 62.0000 -11.1322
v 83.4500 62.0000 -12.6000
v 83.6825 62.0000 -14.0678
v 84.3572 62.0000 -15.3920
v 85.4080 62.0000 -16.4428
v 86.7322 62.0000 -17.1175
v 88.2000 62.0000 -17.3500
v 89.6678 62.0000 -17.1175
v 90.9920 62.0000 -16.4428
v 92.0428 62.0000 -15.3920
v 92.7175 62.0000 -14.0678
v 92.9500 998.0000 -12.6000
v 92.7175 998.0000 -11.1322
v 92.0428 998.0000 -9.8080
v 90.9920 998.0000 -8.7572
v 89.6678 998.0000 -8.0825
v 88.2000 998.0000 -7.8500
v 86.7322 998.0000 -8.0825
v 85.4080 998.0000 -8.7572
v 84.3572 998.0000 -9.8080
v 83.6825 998.0000 -11.1322
v 83.4500 998.0000 -12.6000
v 83.6825 998.0000 -14.0678
v 84.3572 998.0000 -15.3920
v 85.4080 998.0000 -16.4428
v 86.7322 998.0000 -17.1175
v 88.2000 998.0000 -17.3500
v 89.6678 998.0000 -17.1175
v 90.9920 998.0000 -16.4428
v 92.0428 998.0000 -15.3920
v 92.7175 998.0000 -14.0678
v 92.9500 62.0000 -12.6000
v 92.7175 62.0000 -11.1322
v 92.0428 62.0000 -9.8080
v 90.9920 62.0000 -8.7572
v 89.6678 62.0000 -8.0825
v 88.2000 62.0000 -7.8500
v 86.7322 62.0000 -8.0825
v 85.4080 62.0000 -8.7572
v 84.3572 62.0000 -9.8080
v 83.6825 62.0000 -11.1322
v 83.4500 62.0000 -12.6000
v 83.6825 62.0000 -14.0678
v 84.3572 62.0000 -15.3920
v 85.4080 62.0000 -16.4428
v 86.7322 62.0000 -17.1175
v 88.2000 62.0000 -17.3500
v 89.6678 62.0000 -17.1175
v 90.9920 62.0000 -16.4428
v 92.0428 62.0000 -15.3920
v 92.7175 62.0000 -14.0678
v 92.9500 998.0000 -12.6000
v 92.7175 998.0000 -11.1322
v 92.0428 998.0000 -9.8080
v 90.9920 998.0000 -8.7572
v 89.6678 998.0000 -8.0825
v 88.2000 998.0000 -7.8500
v 86.7322 998.0000 -8.0825
v 85.4080 998.0000 -8.7572
v 84.3572 998.0000 -9.8080
v 83.6825 998.0000 -11.1322
v 83.4500 998.0000 -12.6000
v 83.6825 998.0000 -14.0678
v 84.3572 998.0000 -15.3920
v 85.4080 998.0000 -16.4428
v 86.7322 998.0000 -17.1175
v 88.2000 998.0000 -17.3500
v 89.6678 998.0000 -17.1175
v 90.9920 998.0000 -16.4428
v 92.0428 998.0000 -15.3920
v 92.7175 998.0000 -14.0678
v 105.5500 62.0000 -12.6000
v 105.3175 62.0000 -11.1322
v 104.6428 62.0000 -9.8080
v 103.5920 62.0000 -8.7572
v 102.2678 62.0000 -8.0825
v 100.8000 62.0000 -7.8500
v 99.3322 62.0000 -8.0825
v 98.0080 62.0000 -8.7572
v 96.9572 62.0000 -9.8080
v 96.2825 62.0000 -11.1322
v 96.0500 62.0000 -12.6000
v 96.2825 62.0000 -14.0678
v 96.9572 62.0000 -15.3920
v 98.0080 62.0000 -16.4428
v 99.3322 62.0000 -17.1175
v 100.8000 62.0000 -17.3500
v 102.2678 62.0000 -17.1175
v 103.5920 62.0000 -16.4428
v 104.6428 62.0000 -15.3920
v 105.3175 62.0000 -14.0678
v 105.5500 998.0000 -12.6000
v 105.3175 998.0000 -11.1322
v 104.6428 998.0000 -9.8080
v 103.5920 998.0000 -8.7572
v 102.2678 998.0000 -8.0825
v 100.8000 998.0000 -7.8500
v 99.3322 998.0000 -8.0825
v 98.0080 998.0000 -8.7572
v 96.9572 998.0000 -9.8080
v 96.2825 998.0000 -11.1322
v 96.0500 998.0000 -12.6000
v 96.2825 998.0000 -14.0678
v 96.9572 998.0000 -15.3920
v 98.0080 998.0000 -16.4428
v 99.3322 998.0000 -17.1175
v 100.8000 998.0000 -17.3500
v 102.2678 998.0000 -17.1175
v 103.5920 998.0000 -16.4428
v 104.6428 998.0000 -15.3920
v 105.3175 998.0000 -14.0678
v 105.5500 62.0000 -12.6000
v 105.3175 62.0000 -11.1322
v 104.6428 62.0000 -9.8080
v 103.5920 62.0000 -8.7572
v 102.2678 62.0000 -8.0825
v 100.8000 62.0000 -7.8500
v 99.3322 62.0000 -8.0825
v 98.0080 62.0000 -8.7572
v 96.9572 62.0000 -9.8080
v 96.2825 62.0000 -11.1322
v 96.0500 62.0000 -12.6000
v 96.2825 62.0000 -14.0678
v 96.9572 62.0000 -15.3920
v 98.0080 62.0000 -16.4428
v 99.3322 62.0000 -17.1175
v 100.8000 62.0000 -17.3500
v 102.2678 62.0000 -17.1175
v 103.5920 62.0000 -16.4428
v 104.6428 62.0000 -15.3920
v 105.3175 62.0000 -14.0678
v 105.5500 998.0000 -12.6000
v 105.3175 998.0000 -11.1322
v 104.6428 998.0000 -9.8080
v 103.5920 998.0000 -8.7572
v 102.2678 998.0000 -8.0825
v 100.8000 998.0000 -7.8500
v 99.3322 998.0000 -8.0825
v 98.0080 998.0000 -8.7572
v 96.9572 998.0000 -9.8080
v 96.2825 998.0000 -11.1322
v 96.0500 998.0000 -12.6000
v 96.2825 998.0000 -14.0678
v 96.9572 998.0000 -15.3920
v 98.0080 998.0000 -16.4428
v 99.3322 998.0000 -17.1175
v 100.8000 998.0000 -17.3500
v 102.2678 998.0000 -17.1175
v 103.5920 998.0000 -16.4428
v 104.6428 998.0000 -15.3920
v 105.3175 998.0000 -14.0678
v -96.0500 62.0000 0.0000
v -96.2825 62.0000 1.4678
v -96.9572 62.0000 2.7920
v -98.0080 62.0000 3.8428
v -99.3322 62.0000 4.5175
v -100.8000 62.0000 4.7500
v -102.2678 62.0000 4.5175
v -103.5920 62.0000 3.8428
v -104.6428 62.0000 2.7920
v -105.3175 62.0000 1.4678
v -105.5500 62.0000 0.0000
v -105.3175 62.0000 -1.4678
v -104.6428 62.0000 -2.7920
v -103.5920 62.0000 -3.8428
v -102.2678 62.0000 -4.5175
v -100.8000 62.0000 -4.7500
v -99.3322 62.0000 -4.5175
v -98.0080 62.0000 -3.8428
v -96.9572 62.0000 -2.7920
v -96.2825 62.0000 -1.4678
v -96.0500 998.0000 0.0000
v -96.2825 998.0000 1.4678
v -96.9572 998.0000 2.7920
v -98.0080 998.0000 3.8428
v -99.3322 998.0000 4.5175
v -100.8000 998.0000 4.7500
v -102.2678 998.0000 4.5175
v -103.5920 998.0000 3.8428
v -104.6428 998.0000 2.7920
v -105.3175 998.0000 1.4678
v -105.5500 998.0000 0.0000
v -105.3175 998.0000 -1.4678
v -104.6428 998.0000 -2.7920
v -103.5920 998.0000 -3.8428
v -102.2678 998.0000 -4.5175
v -100.8000 998.0000 -4.7500
v -99.3322 998.0000 -4.5175
v -98.0080 998.0000 -3.8428
v -96.9572 998.0000 -2.7920
v -96.2825 998.0000 -1.4678
v -96.0500 62.0000 0.0000
v -96.2825 62.0000 1.4678
v -96.9572 62.0000 2.7920
v -98.0080 62.0000 3.8428
v -99.3322 62.0000 4.5175
v -100.8000 62.0000 4.7500
v -102.2678 62.0000 4.5175
v -103.5920 62.0000 3.8428
v -104.6428 62.0000 2.7920
v -105.3175 62.0000 1.4678
v -105.5500 62.0000 0.0000
v -105.3175 62.0000 -1.4678
v -104.6428 62.0000 -2.7920
v -103.5920 62.0000 -3.8428
v -102.2678 62.0000 -4.5175
v -100.8000 62.0000 -4.7500
v -99.3322 62.0000 -4.5175
v -98.0080 62.0000 -3.8428
v -96.9572 62.0000 -2.7920
v -96.2825 62.0000 -1.4678
v -96.0500 998.0000 0.0000
v -96.2825 998.0000 1.4678
v -96.9572 998.0000 2.7920
v -98.0080 998.0000 3.8428
v -99.3322 998.0000 4.5175
v -100.8000 998.0000 4.7500
v -102.2678 998.0000 4.5175
v -103.5920 998.0000 3.8428
v -104.6428 998.0000 2.7920
v -105.3175 998.0000 1.4678
v -105.5500 998.0000 0.0000
v -105.3175 998.0000 -1.4678
v -104.6428 998.0000 -2.7920
v -103.5920 998.0000 -3.8428
v -102.2678 998.0000 -4.5175
v -100.8000 998.0000 -4.7500
v -99.3322 998.0000 -4.5175
v -98.0080 998.0000 -3.8428
v -96.9572 998.0000 -2.7920
v -96.2825 998.0000 -1.4678
v -83.4500 62.0000 0.0000
v -83.6825 62.0000 1.4678
v -84.3572 62.0000 2.7920
v -85.4080 62.0000 3.8428
v -86.7322 62.0000 4.5175
v -88.2000 62.0000 4.7500
v -89.6678 62.0000 4.5175
v -90.9920 62.0000 3.8428
v -92.0428 62.0000 2.7920
v -92.7175 62.0000 1.4678
v -92.9500 62.0000 0.0000
v -92.7175 62.0000 -1.4678
v -92.0428 62.0000 -2.7920
v -90.9920 62.0000 -3.8428
v -89.6678 62.0000 -4.5175
v -88.2000 62.0000 -4.7500
v -86.7322 62.0000 -4.5175
v -85.4080 62.0000 -3.8428
v -84.3572 62.0000 -2.7920
v -83.6825 62.0000 -1.4678
v -83.4500 998.0000 0.0000
v -83.6825 998.0000 1.4678
v -84.3572 998.0000 2.7920
v -85.4080 998.0000 3.8428
v -86.7322 998.0000 4.5175
v -88.2000 998.0000 4.7500
v -89.6678 998.0000 4.5175
v -90.9920 998.0000 3.8428
v -92.0428 998.0000 2.7920
v -92.7175 998.0000 1.4678
v -92.9500 998.0000 0.0000
v -92.7175 998.0000 -1.4678
v -92.0428 998.0000 -2.7920
v -90.9920 998.0000 -3.8428
v -89.6678 998.0000 -4.5175
v -88.2000 998.0000 -4.7500
v -86.7322 998.0000 -4.5175
v -85.4080 998.0000 -3.8428
v -84.3572 998.0000 -2.7920
v -83.6825 998.0000 -1.4678
v -83.4500 62.0000 0.0000
v -83.6825 62.0000 1.4678
v -84.3572 62.0000 2.7920
v -85.4080 62.0000 3.8428
v -86.7322 62.0000 4.5175
v -88.2000 62.0000 4.7500
v -89.6678 62.0000 4.5175
v -90.9920 62.0000 3.8428
v -92.0428 62.0000 2.7920
v -92.7175 62.0000 1.4678
v -92.9500 62.0000 0.0000
v -92.7175 62.0000 -1.4678
v -92.0428 62.0000 -2.7920
v -90.9920 62.0000 -3.8428
v -89.6678 62.0000 -4.5175
v -88.2000 62.0000 -4.7500
v -86.7322 62.0000 -4.5175
v -85.4080 62.0000 -3.8428
v -84.3572 62.0000 -2.7920
v -83.6825 62.0000 -1.4678
v -83.4500 998.0000 0.0000
v -83.6825 998.0000 1.4678
v -84.3572 998.0000 2.7920
v -85.4080 998.0000 3.8428
v -86.7322 998.0000 4.5175
v -88.2000 998.0000 4.7500
v -89.6678 998.0000 4.5175
v -90.9920 998.0000 3.8428
v -92.0428 998.0000 2.7920
v -92.7175 998.0000 1.4678
v -92.9500 998.0000 0.0000
v -92.7175 998.0000 -1.4678
v -92.0428 998.0000 -2.7920
v -90.9920 998.0000 -3.8428
v -89.6678 998.0000 -4.5175
v -88.2000 998.0000 -4.7500
v -86.7322 998.0000 -4.5175
v -85.4080 998.0000 -3.8428
v -84.3572 998.0000 -2.7920
v -83.6825 998.0000 -1.4678
v -58.2500 62.0000 0.0000
v -58.4825 62.0000 1.4678
v -59.1572 62.0000 2.7920
v -60.2080 62.0000 3.8428
v -61.5322 62.0000 4.5175
v -63.0000 62.0000 4.7500
v -64.4678 62.0000 4.5175
v -65.7920 62.0000 3.8428
v -66.8428 62.0000 2.7920
v -67.5175 62.0000 1.4678
v -67.7500 62.0000 0.0000
v -67.5175 62.0000 -1.4678
v -66.8428 62.0000 -2.7920
v -65.7920 62.0000 -3.8428
v -64.4678 62.0000 -4.5175
v -63.0000 62.0000 -4.7500
v -61.5322 62.0000 -4.5175
v -60.2080 62.0000 -3.8428
v -59.1572 62.0000 -2.7920
v -58.4825 62.0000 -1.4678
v -58.2500 998.0000 0.0000
v -58.4825 998.0000 1.4678
v -59.1572 998.0000 2.7920
v -60.2080 998.0000 3.8428
v -61.5322 998.0000 4.5175
v -63.0000 998.0000 4.7500
v -64.4678 998.0000 4.5175
v -65.7920 998.0000 3.8428
v -66.8428 998.0000 2.7920
v -67.5175 998.0000 1.4678
v -67.7500 998.0000 0.0000
v -67.5175 998.0000 -1.4678
v -66.8428 998.0000 -2.7920
v -65.7920 998.0000 -3.8428
v -64.4678 998.0000 -4.5175
v -63.0000 998.0000 -4.7500
v -61.5322 998.0000 -4.5175
v -60.2080 998.0000 -3.8428
v -59.1572 998.0000 -2.7920
v -58.4825 998.0000 -1.4678
v -58.2500 62.0000 0.0000
v -58.4825 62.0000 1.4678
v -59.1572 62.0000 2.7920
v -60.2080 62.0000 3.8428
v -61.5322 62.0000 4.5175
v -63.0000 62.0000 4.7500
v -64.4678 62.0000 4.5175
v -65.7920 62.0000 3.8428
v -66.8428 62.0000 2.7920
v -67.5175 62.0000 1.4678
v -67.7500 62.0000 0.0000
v -67.5175 62.0000 -1.4678
v -66.8428 62.0000 -2.7920
v -65.7920 62.0000 -3.8428
v -64.4678 62.0000 -4.5175
v -63.0000 62.0000 -4.7500
v -61.5322 62.0000 -4.5175
v -60.2080 62.0000 -3.8428
v -59.1572 62.0000 -2.7920
v -58.4825 62.0000 -1.4678
v -58.2500 998.0000 0.0000
v -58.4825 998.0000 1.4678
v -59.1572 998.0000 2.7920
v -60.2080 998.0000 3.8428
v -61.5322 998.0000 4.5175
v -63.0000 998.0000 4.7500
v -64.4678 998.0000 4.5175
v -65.7920 998.0000 3.8428
v -66.8428 998.0000 2.7920
v -67.5175 998.0000 1.4678
v -67.7500 998.0000 0.0000
v -67.5175 998.0000 -1.4678
v -66.8428 998.0000 -2.7920
v -65.7920 998.0000 -3.8428
v -64.4678 998.0000 -4.5175
v -63.0000 998.0000 -4.7500
v -61.5322 998.0000 -4.5175
v -60.2080 998.0000 -3.8428
v -59.1572 998.0000 -2.7920
v -58.4825 998.0000 -1.4678
v -45.6500 62.0000 0.0000
v -45.8825 62.0000 1.4678
v -46.5572 62.0000 2.7920
v -47.6080 62.0000 3.8428
v -48.9322 62.0000 4.5175
v -50.4000 62.0000 4.7500
v -51.8678 62.0000 4.5175
v -53.1920 62.0000 3.8428
v -54.2428 62.0000 2.7920
v -54.9175 62.0000 1.4678
v -55.1500 62.0000 0.0000
v -54.9175 62.0000 -1.4678
v -54.2428 62.0000 -2.7920
v -53.1920 62.0000 -3.8428
v -51.8678 62.0000 -4.5175
v -50.4000 62.0000 -4.7500
v -48.9322 62.0000 -4.5175
v -47.6080 62.0000 -3.8428
v -46.5572 62.0000 -2.7920
v -45.8825 62.0000 -1.4678
v -45.6500 998.0000 0.0000
v -45.8825 998.0000 1.4678
v -46.5572 998.0000 2.7920
v -47.6080 998.0000 3.8428
v -48.9322 998.0000 4.5175
v -50.4000 998.0000 4.7500
v -51.8678 998.0000 4.5175
v -53.1920 998.0000 3.8428
v -54.2428 998.0000 2.7920
v -54.9175 998.0000 1.4678
v -55.1500 998.0000 0.0000
v -54.9175 998.0000 -1.4678
v -54.2428 998.0000 -2.7920
v -53.1920 998.0000 -3.8428
v -51.8678 998.0000 -4.5175
v -50.4000 998.0000 -4.7500
v -48.9322 998.0000 -4.5175
v -47.6080 998.0000 -3.8428
v -46.5572 998.0000 -2.7920
v -45.8825 998.0000 -1.4678
v -45.6500 62.0000 0.0000
v -45.8825 62.0000 1.4678
v -46.5572 62.0000 2.7920
v -47.6080 62.0000 3.8428
v -48.9322 62.0000 4.5175
v -50.4000 62.0000 4.7500
v -51.8678 62.0000 4.5175
v -53.1920 62.0000 3.8428
v -54.2428 62.0000 2.7920
v -54.9175 62.0000 1.4678
v -55.1500 62.0000 0.0000
v -54.9175 62.0000 -1.4678
v -54.2428 62.0000 -2.7920
v -53.1920 62.0000 -3.8428
v -51.8678 62.0000 -4.5175
v -50.4000 62.0000 -4.7500
v -48.9322 62.0000 -4.5175
v -47.6080 62.0000 -3.8428
v -46.5572 62.0000 -2.7920
v -45.8825 62.0000 -1.4678
v -45.6500 998.0000 0.0000
v -45.8825 998.0000 1.4678
v -46.5572 998.0000 2.7920
v -47.6080 998.0000 3.8428
v -48.9322 998.0000 4.5175
v -50.4000 998.0000 4.7500
v -51.8678 998.0000 4.5175
v -53.1920 998.0000 3.8428
v -54.2428 998.0000 2.7920
v -54.9175 998.0000 1.4678
v -55.1500 998.0000 0.0000
v -54.9175 998.0000 -1.4678
v -54.2428 998.0000 -2.7920
v -53.1920 998.0000 -3.8428
v -51.8678 998.0000 -4.5175
v -50.4000 998.0000 -4.7500
v -48.9322 998.0000 -4.5175
v -47.6080 998.0000 -3.8428
v -46.5572 998.0000 -2.7920
v -45.8825 998.0000 -1.4678
v -20.4500 62.0000 0.0000
v -20.6825 62.0000 1.4678
v -21.3572 62.0000 2.7920
v -22.4080 62.0000 3.8428
v -23.7322 62.0000 4.5175
v -25.2000 62.0000 4.7500
v -26.6678 62.0000 4.5175
v -27.9920 62.0000 3.8428
v -29.0428 62.0000 2.7920
v -29.7175 62.0000 1.4678
v -29.9500 62.0000 0.0000
v -29.7175 62.0000 -1.4678
v -29.0428 62.0000 -2.7920
v -27.9920 62.0000 -3.8428
v -26.6678 62.0000 -4.5175
v -25.2000 62.0000 -4.7500
v -23.7322 62.0000 -4.5175
v -22.4080 62.0000 -3.8428
v -21.3572 62.0000 -2.7920
v -20.6825 62.0000 -1.4678
v -20.4500 998.0000 0.0000
v -20.6825 998.0000 1.4678
v -21.3572 998.0000 2.7920
v -22.4080 998.0000 3.8428
v -23.7322 998.0000 4.5175
v -25.2000 998.0000 4.7500
v -26.6678 998.0000 4.5175
v -27.9920 998.0000 3.8428
v -29.0428 998.0000 2.7920
v -29.7175 998.0000 1.4678
v -29.9500 998.0000 0.0000
v -29.7175 998.0000 -1.4678
v -29.0428 998.0000 -2.7920
v -27.9920 998.0000 -3.8428
v -26.6678 998.0000 -4.5175
v -25.2000 998.0000 -4.7500
v -23.7322 998.0000 -4.5175
v -22.4080 998.0000 -3.8428
v -21.3572 998.0000 -2.7920
v -20.6825 998.0000 -1.4678
v -20.4500 62.0000 0.0000
v -20.6825 62.0000 1.4678
v -21.3572 62.0000 2.7920
v -22.4080 62.0000 3.8428
v -23.7322 62.0000 4.5175
v -25.2000 62.0000 4.7500
v -26.6678 62.0000 4.5175
v -27.9920 62.0000 3.8428
v -29.0428 62.0000 2.7920
v -29.7175 62.0000 1.4678
v -29.9500 62.0000 0.0000
v -29.7175 62.0000 -1.4678
v -29.0428 62.0000 -2.7920
v -27.9920 62.0000 -3.8428
v -26.6678 62.0000 -4.5175
v -25.2000 62.0000 -4.7500
v -23.7322 62.0000 -4.5175
v -22.4080 62.0000 -3.8428
v -21.3572 62.0000 -2.7920
v -20.6825 62.0000 -1.4678
v -20.4500 998.0000 0.0000
v -20.6825 998.0000 1.4678
v -21.3572 998.0000 2.7920
v -22.4080 998.0000 3.8428
v -23.7322 998.0000 4.5175
v -25.2000 998.0000 4.7500
v -26.6678 998.0000 4.5175
v -27.9920 998.0000 3.8428
v -29.0428 998.0000 2.7920
v -29.7175 998.0000 1.4678
v -29.9500 998.0000 0.0000
v -29.7175 998.0000 -1.4678
v -29.0428 998.0000 -2.7920
v -27.9920 998.0000 -3.8428
v -26.6678 998.0000 -4.5175
v -25.2000 998.0000 -4.7500
v -23.7322 998.0000 -4.5175
v -22.4080 998.0000 -3.8428
v -21.3572 998.0000 -2.7920
v -20.6825 998.0000 -1.4678
v -7.8500 62.0000 0.0000
v -8.0825 62.0000 1.4678
v -8.7572 62.0000 2.7920
v -9.8080 62.0000 3.8428
v -11.1322 62.0000 4.5175
v -12.6000 62.0000 4.7500
v -14.0678 62.0000 4.5175
v -15.3920 62.0000 3.8428
v -16.4428 62.0000 2.7920
v -17.1175 62.0000 1.4678
v -17.3500 62.0000 0.0000
v -17.1175 62.0000 -1.4678
v -16.4428 62.0000 -2.7920
v -15.3920 62.0000 -3.8428
v -14.0678 62.0000 -4.5175
v -12.6000 62.0000 -4.7500
v -11.1322 62.0000 -4.5175
v -9.8080 62.0000 -3.8428
v -8.7572 62.0000 -2.7920
v -8.0825 62.0000 -1.4678
v -7.8500 998.0000 0.0000
v -8.0825 998.0000 1.4678
v -8.7572 998.0000 2.7920
v -9.8080 998.0000 3.8428
v -11.1322 998.0000 4.5175
v -12.6000 998.0000 4.7500
v -14.0678 998.0000 4.5175
v -15.3920 998.0000 3.8428
v -16.4428 998.0000 2.7920
v -17.1175 998.0000 1.4678
v -17.3500 998.0000 0.0000
v -17.1175 998.0000 -1.4678
v -16.4428 998.0000 -2.7920
v -15.3920 998.0000 -3.8428
v -14.0678 998.0000 -4.5175
v -12.6000 998.0000 -4.7500
v -11.1322 998.0000 -4.5175
v -9.8080 998.0000 -3.8428
v -8.7572 998.0000 -2.7920
v -8.0825 998.0000 -1.4678
v -7.8500 62.0000 0.0000
v -8.0825 62.0000 1.4678
v -8.7572 62.0000 2.7920
v -9.8080 62.0000 3.8428
v -11.1322 62.0000 4.5175
v -12.6000 62.0000 4.7500
v -14.0678 62.0000 4.5175
v -15.3920 62.0000 3.8428
v -16.4428 62.0000 2.7920
v -17.1175 62.0000 1.4678
v -17.3500 62.0000 0.0000
v -17.1175 62.0000 -1.4678
v -16.4428 62.0000 -2.7920
v -15.3920 62.0000 -3.8428
v -14.0678 62.0000 -4.5175
v -12.6000 62.0000 -4.7500
v -11.1322 62.0000 -4.5175
v -9.8080 62.0000 -3.8428
v -8.7572 62.0000 -2.7920
v -8.0825 62.0000 -1.4678
v -7.8500 998.0000 0.0000
v -8.0825 998.0000 1.4678
v -8.7572 998.0000 2.7920
v -9.8080 998.0000 3.8428
v -11.1322 998.0000 4.5175
v -12.6000 998.0000 4.7500
v -14.0678 998.0000 4.5175
v -15.3920 998.0000 3.8428
v -16.4428 998.0000 2.7920
v -17.1175 998.0000 1.4678
v -17.3500 998.0000 0.0000
v -17.1175 998.0000 -1.4678
v -16.4428 998.0000 -2.7920
v -15.3920 998.0000 -3.8428
v -14.0678 998.0000 -4.5175
v -12.6000 998.0000 -4.7500
v -11.1322 998.0000 -4.5175
v -9.8080 998.0000 -3.8428
v -8.7572 998.0000 -2.7920
v -8.0825 998.0000 -1.4678
v 17.3500 62.0000 0.0000
v 17.1175 62.0000 1.4678
v 16.4428 62.0000 2.7920
v 15.3920 62.0000 3.8428
v 14.0678 62.0000 4.5175
v 12.6000 62.0000 4.7500
v 11.1322 62.0000 4.5175
v 9.8080 62.0000 3.8428
v 8.7572 62.0000 2.7920
v 8.0825 62.0000 1.4678
v 7.8500 62.0000 0.0000
v 8.0825 62.0000 -1.4678
v 8.7572 62.0000 -2.7920
v 9.8080 62.0000 -3.8428
v 11.1322 62.0000 -4.5175
v 12.6000 62.0000 -4.7500
v 14.0678 62.0000 -4.5175
v 15.3920 62.0000 -3.8428
v 16.4428 62.0000 -2.7920
v 17.1175 62.0000 -1.4678
v 17.3500 998.0000 0.0000
v 17.1175 998.0000 1.4678
v 16.4428 998.0000 2.7920
v 15.3920 998.0000 3.8428
v 14.0678 998.0000 4.5175
v 12.6000 998.0000 4.7500
v 11.1322 998.0000 4.5175
v 9.8080 998.0000 3.8428
v 8.7572 998.0000 2.7920
v 8.0825 998.0000 1.4678
v 7.8500 998.0000 0.0000
v 8.0825 998.0000 -1.4678
v 8.7572 998.0000 -2.7920
v 9.8080 998.0000 -3.8428
v 11.1322 998.0000 -4.5175
v 12.6000 998.0000 -4.7500
v 14.0678 998.0000 -4.5175
v 15.3920 998.0000 -3.8428
v 16.4428 998.0000 -2.7920
v 17.1175 998.0000 -1.4678
v 17.3500 62.0000 0.0000
v 17.1175 62.0000 1.4678
v 16.4428 62.0000 2.7920
v 15.3920 62.0000 3.8428
v 14.0678 62.0000 4.5175
v 12.6000 62.0000 4.7500
v 11.1322 62.0000 4.5175
v 9.8080 62.0000 3.8428
v 8.7572 62.0000 2.7920
v 8.0825 62.0000 1.4678
v 7.8500 62.0000 0.0000
v 8.0825 62.0000 -1.4678
v 8.7572 62.0000 -2.7920
v 9.8080 62.0000 -3.8428
v 11.1322 62.0000 -4.5175
v 12.6000 62.0000 -4.7500
v 14.0678 62.0000 -4.5175
v 15.3920 62.0000 -3.8428
v 16.4428 62.0000 -2.7920
v 17.1175 62.0000 -1.4678
v 17.3500 998.0000 0.0000
v 17.1175 998.0000 1.4678
v 16.4428 998.0000 2.7920
v 15.3920 998.0000 3.8428
v 14.0678 998.0000 4.5175
v 12.6000 998.0000 4.7500
v 11.1322 998.0000 4.5175
v 9.8080 998.0000 3.8428
v 8.7572 998.0000 2.7920
v 8.0825 998.0000 1.4678
v 7.8500 998.0000 0.0000
v 8.0825 998.0000 -1.4678
v 8.7572 998.0000 -2.7920
v 9.8080 998.0000 -3.8428
v 11.1322 998.0000 -4.5175
v 12.6000 998.0000 -4.7500
v 14.0678 998.0000 -4.5175
v 15.3920 998.0000 -3.8428
v 16.4428 998.0000 -2.7920
v 17.1175 998.0000 -1.4678
v 29.9500 62.0000 0.0000
v 29.7175 62.0000 1.4678
v 29.0428 62.0000 2.7920
v 27.9920 62.0000 3.8428
v 26.6678 62.0000 4.5175
v 25.2000 62.0000 4.7500
v 23.7322 62.0000 4.5175
v 22.4080 62.0000 3.8428
v 21.3572 62.0000 2.7920
v 20.6825 62.0000 1.4678
v 20.4500 62.0000 0.0000
v 20.6825 62.0000 -1.4678
v 21.3572 62.0000 -2.7920
v 22.4080 62.0000 -3.8428
v 23.7322 62.0000 -4.5175
v 25.2000 62.0000 -4.7500
v 26.6678 62.0000 -4.5175
v 27.9920 62.0000 -3.8428
v 29.0428 62.0000 -2.7920
v 29.7175 62.0000 -1.4678
v 29.9500 998.0000 0.0000
v 29.7175 998.0000 1.4678
v 29.0428 998.0000 2.7920
v 27.9920 998.0000 3.8428
v 26.6678 998.0000 4.5175
v 25.2000 998.0000 4.7500
v 23.7322 998.0000 4.5175
v 22.4080 998.0000 3.8428
v 21.3572 998.0000 2.7920
v 20.6825 998.0000 1.4678
v 20.4500 998.0000 0.0000
v 20.6825 998.0000 -1.4678
v 21.3572 998.0000 -2.7920
v 22.4080 998.0000 -3.8428
v 23.7322 998.0000 -4.5175
v 25.2000 998.0000 -4.7500
v 26.6678 998.0000 -4.5175
v 27.9920 998.0000 -3.8428
v 29.0428 998.0000 -2.7920
v 29.7175 998.0000 -1.4678
v 29.9500 62.0000 0.0000
v 29.7175 62.0000 1.4678
v 29.0428 62.0000 2.7920
v 27.9920 62.0000 3.8428
v 26.6678 62.0000 4.5175
v 25.2000 62.0000 4.7500
v 23.7322 62.0000 4.5175
v 22.4080 62.0000 3.8428
v 21.3572 62.0000 2.7920
v 20.6825 62.0000 1.4678
v 20.4500 62.0000 0.0000
v 20.6825 62.0000 -1.4678
v 21.3572 62.0000 -2.7920
v 22.4080 62.0000 -3.8428
v 23.7322 62.0000 -4.5175
v 25.2000 62.0000 -4.7500
v 26.6678 62.0000 -4.5175
v 27.9920 62.0000 -3.8428
v 29.0428 62.0000 -2.7920
v 29.7175 62.0000 -1.4678
v 29.9500 998.0000 0.0000
v 29.7175 998.0000 1.4678
v 29.0428 998.0000 2.7920
v 27.9920 998.0000 3.8428
v 26.6678 998.0000 4.5175
v 25.2000 998.0000 4.7500
v 23.7322 998.0000 4.5175
v 22.4080 998.0000 3.8428
v 21.3572 998.0000 2.7920
v 20.6825 998.0000 1.4678
v 20.4500 998.0000 0.0000
v 20.6825 998.0000 -1.4678
v 21.3572 998.0000 -2.7920
v 22.4080 998.0000 -3.8428
v 23.7322 998.0000 -4.5175
v 25.2000 998.0000 -4.7500
v 26.6678 998.0000 -4.5175
v 27.9920 998.0000 -3.8428
v 29.0428 998.0000 -2.7920
v 29.7175 998.0000 -1.4678
v 55.1500 62.0000 0.0000
v 54.9175 62.0000 1.4678
v 54.2428 62.0000 2.7920
v 53.1920 62.0000 3.8428
v 51.8678 62.0000 4.5175
v 50.4000 62.0000 4.7500
v 48.9322 62.0000 4.5175
v 47.6080 62.0000 3.8428
v 46.5572 62.0000 2.7920
v 45.8825 62.0000 1.4678
v 45.6500 62.0000 0.0000
v 45.8825 62.0000 -1.4678
v 46.5572 62.0000 -2.7920
v 47.6080 62.0000 -3.8428
v 48.9322 62.0000 -4.5175
v 50.4000 62.0000 -4.7500
v 51.8678 62.0000 -4.5175
v 53.1920 62.0000 -3.8428
v 54.2428 62.0000 -2.7920
v 54.9175 62.0000 -1.4678
v 55.1500 998.0000 0.0000
v 54.9175 998.0000 1.4678
v 54.2428 998.0000 2.7920
v 53.1920 998.0000 3.8428
v 51.8678 998.0000 4.5175
v 50.4000 998.0000 4.7500
v 48.9322 998.0000 4.5175
v 47.6080 998.0000 3.8428
v 46.5572 998.0000 2.7920
v 45.8825 998.0000 1.4678
v 45.6500 998.0000 0.0000
v 45.8825 998.0000 -1.4678
v 46.5572 998.0000 -2.7920
v 47.6080 998.0000 -3.8428
v 48.9322 998.0000 -4.5175
v 50.4000 998.0000 -4.7500
v 51.8678 998.0000 -4.5175
v 53.1920 998.0000 -3.8428
v 54.2428 998.0000 -2.7920
v 54.9175 998.0000 -1.4678
v 55.1500 62.0000 0.0000
v 54.9175 62.0000 1.4678
v 54.2428 62.0000 2.7920
v 53.1920 62.0000 3.8428
v 51.8678 62.0000 4.5175
v 50.4000 62.0000 4.7500
v 48.9322 62.0000 4.5175
v 47.6080 62.0000 3.8428
v 46.5572 62.0000 2.7920
v 45.8825 62.0000 1.4678
v 45.6500 62.0000 0.0000
v 45.8825 62.0000 -1.4678
v 46.5572 62.0000 -2.7920
v 47.6080 62.0000 -3.8428
v 48.9322 62.0000 -4.5175
v 50.4000 62.0000 -4.7500
v 51.8678 62.0000 -4.5175
v 53.1920 62.0000 -3.8428
v 54.2428 62.0000 -2.7920
v 54.9175 62.0000 -1.4678
v 55.1500 998.0000 0.0000
v 54.9175 998.0000 1.4678
v 54.2428 998.0000 2.7920
v 53.1920 998.0000 3.8428
v 51.8678 998.0000 4.5175
v 50.4000 998.0000 4.7500
v 48.9322 998.0000 4.5175
v 47.6080 998.0000 3.8428
v 46.5572 998.0000 2.7920
v 45.8825 998.0000 1.4678
v 45.6500 998.0000 0.0000
v 45.8825 998.0000 -1.4678
v 46.5572 998.0000 -2.7920
v 47.6080 998.0000 -3.8428
v 48.9322 998.0000 -4.5175
v 50.4000 998.0000 -4.7500
v 51.8678 998.0000 -4.5175
v 53.1920 998.0000 -3.8428
v 54.2428 998.0000 -2.7920
v 54.9175 998.0000 -1.4678
v 67.7500 62.0000 0.0000
v 67.5175 62.0000 1.4678
v 66.8428 62.0000 2.7920
v 65.7920 62.0000 3.8428
v 64.4678 62.0000 4.5175
v 63.0000 62.0000 4.7500
v 61.5322 62.0000 4.5175
v 60.2080 62.0000 3.8428
v 59.1572 62.0000 2.7920
v 58.4825 62.0000 1.4678
v 58.2500 62.0000 0.0000
v 58.4825 62.0000 -1.4678
v 59.1572 62.0000 -2.7920
v 60.2080 62.0000 -3.8428
v 61.5322 62.0000 -4.5175
v 63.0000 62.0000 -4.7500
v 64.4678 62.0000 -4.5175
v 65.7920 62.0000 -3.8428
v 66.8428 62.0000 -2.7920
v 67.5175 62.0000 -1.4678
v 67.7500 998.0000 0.0000
v 67.5175 998.0000 1.4678
v 66.8428 998.0000 2.7920
v 65.7920 998.0000 3.8428
v 64.4678 998.0000 4.5175
v 63.0000 998.0000 4.7500
v 61.5322 998.0000 4.5175
v 60.2080 998.0000 3.8428
v 59.1572 998.0000 2.7920
v 58.4825 998.0000 1.4678
v 58.2500 998.0000 0.0000
v 58.4825 998.0000 -1.4678
v 59.1572 998.0000 -2.7920
v 60.2080 998.0000 -3.8428
v 61.5322 998.0000 -4.5175
v 63.0000 998.0000 -4.7500
v 64.4678 998.0000 -4.5175
v 65.7920 998.0000 -3.8428
v 66.8428 998.0000 -2.7920
v 67.5175 998.0000 -1.4678
v 67.7500 62.0000 0.0000
v 67.5175 62.0000 1.4678
v 66.8428 62.0000 2.7920
v 65.7920 62.0000 3.8428
v 64.4678 62.0000 4.5175
v 63.0000 62.0000 4.7500
v 61.5322 62.0000 4.5175
v 60.2080 62.0000 3.8428
v 59.1572 62.0000 2.7920
v 58.4825 62.0000 1.4678
v 58.2500 62.0000 0.0000
v 58.4825 62.0000 -1.4678
v 59.1572 62.0000 -2.7920
v 60.2080 62.0000 -3.8428
v 61.5322 62.0000 -4.5175
v 63.0000 62.0000 -4.7500
v 64.4678 62.0000 -4.5175
v 65.7920 62.0000 -3.8428
v 66.8428 62.0000 -2.7920
v 67.5175 62.0000 -1.4678
v 67.7500 998.0000 0.0000
v 67.5175 998.0000 1.4678
v 66.8428 998.0000 2.7920
v 65.7920 998.0000 3.8428
v 64.4678 998.0000 4.5175
v 63.0000 998.0000 4.7500
v 61.5322 998.0000 4.5175
v 60.2080 998.0000 3.8428
v 59.1572 998.0000 2.7920
v 58.4825 998.0000 1.4678
v 58.2500 998.0000 0.0000
v 58.4825 998.0000 -1.4678
v 59.1572 998.0000 -2.7920
v 60.2080 998.0000 -3.8428
v 61.5322 998.0000 -4.5175
v 63.0000 998.0000 -4.7500
v 64.4678 998.0000 -4.5175
v 65.7920 998.0000 -3.8428
v 66.8428 998.0000 -2.7920
v 67.5175 998.0000 -1.4678
v 92.9500 62.0000 0.0000
v 92.7175 62.0000 1.4678
v 92.0428 62.0000 2.7920
v 90.9920 62.0000 3.8428
v 89.6678 62.0000 4.5175
v 88.2000 62.0000 4.7500
v 86.7322 62.0000 4.5175
v 85.4080 62.0000 3.8428
v 84.3572 62.0000 2.7920
v 83.6825 62.0000 1.4678
v 83.4500 62.0000 0.0000
v 83.6825 62.0000 -1.4678
v 84.3572 62.0000 -2.7920
v 85.4080 62.0000 -3.8428
v 86.7322 62.0000 -4.5175
v 88.2000 62.0000 -4.7500
v 89.6678 62.0000 -4.5175
v 90.9920 62.0000 -3.8428
v 92.0428 62.0000 -2.7920
v 92.7175 62.0000 -1.4678
v 92.9500 998.0000 0.0000
v 92.7175 998.0000 1.4678
v 92.0428 998.0000 2.7920
v 90.9920 998.0000 3.8428
v 89.6678 998.0000 4.5175
v 88.2000 998.0000 4.7500
v 86.7322 998.0000 4.5175
v 85.4080 998.0000 3.8428
v 84.3572 998.0000 2.7920
v 83.6825 998.0000 1.4678
v 83.4500 998.0000 0.0000
v 83.6825 998.0000 -1.4678
v 84.3572 998.0000 -2.7920
v 85.4080 998.0000 -3.8428
v 86.7322 998.0000 -4.5175
v 88.2000 998.0000 -4.7500
v 89.6678 998.0000 -4.5175
v 90.9920 998.0000 -3.8428
v 92.0428 998.0000 -2.7920
v 92.7175 998.0000 -1.4678
v 92.9500 62.0000 0.0000
v 92.7175 62.0000 1.4678
v 92.0428 62.0000 2.7920
v 90.9920 62.0000 3.8428
v 89.6678 62.0000 4.5175
v 88.2000 62.0000 4.7500
v 86.7322 62.0000 4.5175
v 85.4080 62.0000 3.8428
v 84.3572 62.0000 2.7920
v 83.6825 62.0000 1.4678
v 83.4500 62.0000 0.0000
v 83.6825 62.0000 -1.4678
v 84.3572 62.0000 -2.7920
v 85.4080 62.0000 -3.8428
v 86.7322 62.0000 -4.5175
v 88.2000 62.0000 -4.7500
v 89.6678 62.0000 -4.5175
v 90.9920 62.0000 -3.8428
v 92.0428 62.0000 -2.7920
v 92.7175 62.0000 -1.4678
v 92.9500 998.0000 0.0000
v 92.7175 998.0000 1.4678
v 92.0428 998.0000 2.7920
v 90.9920 998.0000 3.8428
v 89.6678 998.0000 4.5175
v 88.2000 998.0000 4.7500
v 86.7322 998.0000 4.5175
v 85.4080 998.0000 3.8428
v 84.3572 998.0000 2.7920
v 83.6825 998.0000 1.4678
v 83.4500 998.0000 0.0000
v 83.6825 998.0000 -1.4678
v 84.3572 998.0000 -2.7920
v 85.4080 998.0000 -3.8428
v 86.7322 998.0000 -4.5175
v 88.2000 998.0000 -4.7500
v 89.6678 998.0000 -4.5175
v 90.9920 998.0000 -3.8428
v 92.0428 998.0000 -2.7920
v 92.7175 998.0000 -1.4678
v 105.5500 62.0000 0.0000
v 105.3175 62.0000 1.4678
v 104.6428 62.0000 2.7920
v 103.5920 62.0000 3.8428
v 102.2678 62.0000 4.5175
v 100.8000 62.0000 4.7500
v 99.3322 62.0000 4.5175
v 98.0080 62.0000 3.8428
v 96.9572 62.0000 2.7920
v 96.2825 62.0000 1.4678
v 96.0500 62.0000 0.0000
v 96.2825 62.0000 -1.4678
v 96.9572 62.0000 -2.7920
v 98.0080 62.0000 -3.8428
v 99.3322 62.0000 -4.5175
v 100.8000 62.0000 -4.7500
v 102.2678 62.0000 -4.5175
v 103.5920 62.0000 -3.8428
v 104.6428 62.0000 -2.7920
v 105.3175 62.0000 -1.4678
v 105.5500 998.0000 0.0000
v 105.3175 998.0000 1.4678
v 104.6428 998.0000 2.7920
v 103.5920 998.0000 3.8428
v 102.2678 998.0000 4.5175
v 100.8000 998.0000 4.7500
v 99.3322 998.0000 4.5175
v 98.0080 998.0000 3.8428
v 96.9572 998.0000 2.7920
v 96.2825 998.0000 1.4678
v 96.0500 998.0000 0.0000
v 96.2825 998.0000 -1.4678
v 96.9572 998.0000 -2.7920
v 98.0080 998.0000 -3.8428
v 99.3322 998.0000 -4.5175
v 100.8000 998.0000 -4.7500
v 102.2678 998.0000 -4.5175
v 103.5920 998.0000 -3.8428
v 104.6428 998.0000 -2.7920
v 105.3175 998.0000 -1.4678
v 105.5500 62.0000 0.0000
v 105.3175 62.0000 1.4678
v 104.6428 62.0000 2.7920
v 103.5920 62.0000 3.8428
v 102.2678 62.0000 4.5175
v 100.8000 62.0000 4.7500
v 99.3322 62.0000 4.5175
v 98.0080 62.0000 3.8428
v 96.9572 62.0000 2.7920
v 96.2825 62.0000 1.4678
v 96.0500 62.0000 0.0000
v 96.2825 62.0000 -1.4678
v 96.9572 62.0000 -2.7920
v 98.0080 62.0000 -3.8428
v 99.3322 62.0000 -4.5175
v 100.8000 62.0000 -4.7500
v 102.2678 62.0000 -4.5175
v 103.5920 62.0000 -3.8428
v 104.6428 62.0000 -2.7920
v 105.3175 62.0000 -1.4678
v 105.5500 998.0000 0.0000
v 105.3175 998.0000 1.4678
v 104.6428 998.0000 2.7920
v 103.5920 998.0000 3.8428
v 102.2678 998.0000 4.5175
v 100.8000 998.0000 4.7500
v 99.3322 998.0000 4.5175
v 98.0080 998.0000 3.8428
v 96.9572 998.0000 2.7920
v 96.2825 998.0000 1.4678
v 96.0500 998.0000 0.0000
v 96.2825 998.0000 -1.4678
v 96.9572 998.0000 -2.7920
v 98.0080 998.0000 -3.8428
v 99.3322 998.0000 -4.5175
v 100.8000 998.0000 -4.7500
v 102.2678 998.0000 -4.5175
v 103.5920 998.0000 -3.8428
v 104.6428 998.0000 -2.7920
v 105.3175 998.0000 -1.4678
v -96.0500 62.0000 12.6000
v -96.2825 62.0000 14.0678
v -96.9572 62.0000 15.3920
v -98.0080 62.0000 16.4428
v -99.3322 62.0000 17.1175
v -100.8000 62.0000 17.3500
v -102.2678 62.0000 17.1175
v -103.5920 62.0000 16.4428
v -104.6428 62.0000 15.3920
v -105.3175 62.0000 14.0678
v -105.5500 62.0000 12.6000
v -105.3175 62.0000 11.1322
v -104.6428 62.0000 9.8080
v -103.5920 62.0000 8.7572
v -102.2678 62.0000 8.0825
v -100.8000 62.0000 7.8500
v -99.3322 62.0000 8.0825
v -98.0080 62.0000 8.7572
v -96.9572 62.0000 9.8080
v -96.2825 62.0000 11.1322
v -96.0500 998.0000 12.6000
v -96.2825 998.0000 14.0678
v -96.9572 998.0000 15.3920
v -98.0080 998.0000 16.4428
v -99.3322 998.0000 17.1175
v -100.8000 998.0000 17.3500
v -102.2678 998.0000 17.1175
v -103.5920 998.0000 16.4428
v -104.6428 998.0000 15.3920
v -105.3175 998.0000 14.0678
v -105.5500 998.0000 12.6000
v -105.3175 998.0000 11.1322
v -104.6428 998.0000 9.8080
v -103.5920 998.0000 8.7572
v -102.2678 998.0000 8.0825
v -100.8000 998.0000 7.8500
v -99.3322 998.0000 8.0825
v -98.0080 998.0000 8.7572
v -96.9572 998.0000 9.8080
v -96.2825 998.0000 11.1322
v -96.0500 62.0000 12.6000
v -96.2825 62.0000 14.0678
v -96.9572 62.0000 15.3920
v -98.0080 62.0000 16.4428
v -99.3322 62.0000 17.1175
v -100.8000 62.0000 17.3500
v -102.2678 62.0000 17.1175
v -103.5920 62.0000 16.4428
v -104.6428 62.0000 15.3920
v -105.3175 62.0000 14.0678
v -105.5500 62.0000 12.6000
v -105.3175 62.0000 11.1322
v -104.6428 62.0000 9.8080
v -103.5920 62.0000 8.7572
v -102.2678 62.0000 8.0825
v -100.8000 62.0000 7.8500
v -99.3322 62.0000 8.0825
v -98.0080 62.0000 8.7572
v -96.9572 62.0000 9.8080
v -96.2825 62.0000 11.1322
v -96.0500 998.0000 12.6000
v -96.2825 998.0000 14.0678
v -96.9572 998.0000 15.3920
v -98.0080 998.0000 16.4428
v -99.3322 998.0000 17.1175
v -100.8000 998.0000 17.3500
v -102.2678 998.0000 17.1175
v -103.5920 998.0000 16.4428
v -104.6428 998.0000 15.3920
v -105.3175 998.0000 14.0678
v -105.5500 998.0000 12.6000
v -105.3175 998.0000 11.1322
v -104.6428 998.0000 9.8080
v -103.5920 998.0000 8.7572
v -102.2678 998.0000 8.0825
v -100.8000 998.0000 7.8500
v -99.3322 998.0000 8.0825
v -98.0080 998.0000 8.7572
v -96.9572 998.0000 9.8080
v -96.2825 998.0000 11.1322
v -83.4500 62.0000 12.6000
v -83.6825 62.0000 14.0678
v -84.3572 62.0000 15.3920
v -85.4080 62.0000 16.4428
v -86.7322 62.0000 17.1175
v -88.2000 62.0000 17.3500
v -89.6678 62.0000 17.1175
v -90.9920 62.0000 16.4428
v -92.0428 62.0000 15.3920
v -92.7175 62.0000 14.0678
v -92.9500 62.0000 12.6000
v -92.7175 62.0000 11.1322
v -92.0428 62.0000 9.8080
v -90.9920 62.0000 8.7572
v -89.6678 62.0000 8.0825
v -88.2000 62.0000 7.8500
v -86.7322 62.0000 8.0825
v -85.4080 62.0000 8.7572
v -84.3572 62.0000 9.8080
v -83.6825 62.0000 11.1322
v -83.4500 998.0000 12.6000
v -83.6825 998.0000 14.0678
v -84.3572 998.0000 15.3920
v -85.4080 998.0000 16.4428
v -86.7322 998.0000 17.1175
v -88.2000 998.0000 17.3500
v -89.6678 998.0000 17.1175
v -90.9920 998.0000 16.4428
v -92.0428 998.0000 15.3920
v -92.7175 998.0000 14.0678
v -92.9500 998.0000 12.6000
v -92.7175 998.0000 11.1322
v -92.0428 998.0000 9.8080
v -90.9920 998.0000 8.7572
v -89.6678 998.0000 8.0825
v -88.2000 998.0000 7.8500
v -86.7322 998.0000 8.0825
v -85.4080 998.0000 8.7572
v -84.3572 998.0000 9.8080
v -83.6825 998.0000 11.1322
v -83.4500 62.0000 12.6000
v -83.6825 62.0000 14.0678
v -84.3572 62.0000 15.3920
v -85.4080 62.0000 16.4428
v -86.7322 62.0000 17.1175
v -88.2000 62.0000 17.3500
v -89.6678 62.0000 17.1175
v -90.9920 62.0000 16.4428
v -92.0428 62.0000 15.3920
v -92.7175 62.0000 14.0678
v -92.9500 62.0000 12.6000
v -92.7175 62.0000 11.1322
v -92.0428 62.0000 9.8080
v -90.9920 62.0000 8.7572
v -89.6678 62.0000 8.0825
v -88.2000 62.0000 7.8500
v -86.7322 62.0000 8.0825
v -85.4080 62.0000 8.7572
v -84.3572 62.0000 9.8080
v -83.6825 62.0000 11.1322
v -83.4500 998.0000 12.6000
v -83.6825 998.0000 14.0678
v -84.3572 998.0000 15.3920
v -85.4080 998.0000 16.4428
v -86.7322 998.0000 17.1175
v -88.2000 998.0000 17.3500
v -89.6678 998.0000 17.1175
v -90.9920 998.0000 16.4428
v -92.0428 998.0000 15.3920
v -92.7175 998.0000 14.0678
v -92.9500 998.0000 12.6000
v -92.7175 998.0000 11.1322
v -92.0428 998.0000 9.8080
v -90.9920 998.0000 8.7572
v -89.6678 998.0000 8.0825
v -88.2000 998.0000 7.8500
v -86.7322 998.0000 8.0825
v -85.4080 998.0000 8.7572
v -84.3572 998.0000 9.8080
v -83.6825 998.0000 11.1322
v -70.8500 62.0000 12.6000
v -71.0825 62.0000 14.0678
v -71.7572 62.0000 15.3920
v -72.8080 62.0000 16.4428
v -74.1322 62.0000 17.1175
v -75.6000 62.0000 17.3500
v -77.0678 62.0000 17.1175
v -78.3920 62.0000 16.4428
v -79.4428 62.0000 15.3920
v -80.1175 62.0000 14.0678
v -80.3500 62.0000 12.6000
v -80.1175 62.0000 11.1322
v -79.4428 62.0000 9.8080
v -78.3920 62.0000 8.7572
v -77.0678 62.0000 8.0825
v -75.6000 62.0000 7.8500
v -74.1322 62.0000 8.0825
v -72.8080 62.0000 8.7572
v -71.7572 62.0000 9.8080
v -71.0825 62.0000 11.1322
v -70.8500 998.0000 12.6000
v -71.0825 998.0000 14.0678
v -71.7572 998.0000 15.3920
v -72.8080 998.0000 16.4428
v -74.1322 998.0000 17.1175
v -75.6000 998.0000 17.3500
v -77.0678 998.0000 17.1175
v -78.3920 998.0000 16.4428
v -79.4428 998.0000 15.3920
v -80.1175 998.0000 14.0678
v -80.3500 998.0000 12.6000
v -80.1175 998.0000 11.1322
v -79.4428 998.0000 9.8080
v -78.3920 998.0000 8.7572
v -77.0678 998.0000 8.0825
v -75.6000 998.0000 7.8500
v -74.1322 998.0000 8.0825
v -72.8080 998.0000 8.7572
v -71.7572 998.0000 9.8080
v -71.0825 998.0000 11.1322
v -70.8500 62.0000 12.6000
v -71.0825 62.0000 14.0678
v -71.7572 62.0000 15.3920
v -72.8080 62.0000 16.4428
v -74.1322 62.0000 17.1175
v -75.6000 62.0000 17.3500
v -77.0678 62.0000 17.1175
v -78.3920 62.0000 16.4428
v -79.4428 62.0000 15.3920
v -80.1175 62.0000 14.0678
v -80.3500 62.0000 12.6000
v -80.1175 62.0000 11.1322
v -79.4428 62.0000 9.8080
v -78.3920 62.0000 8.7572
v -77.0678 62.0000 8.0825
v -75.6000 62.0000 7.8500
v -74.1322 62.0000 8.0825
v -72.8080 62.0000 8.7572
v -71.7572 62.0000 9.8080
v -71.0825 62.0000 11.1322
v -70.8500 998.0000 12.6000
v -71.0825 998.0000 14.0678
v -71.7572 998.0000 15.3920
v -72.8080 998.0000 16.4428
v -74.1322 998.0000 17.1175
v -75.6000 998.0000 17.3500
v -77.0678 998.0000 17.1175
v -78.3920 998.0000 16.4428
v -79.4428 998.0000 15.3920
v -80.1175 998.0000 14.0678
v -80.3500 998.0000 12.6000
v -80.1175 998.0000 11.1322
v -79.4428 998.0000 9.8080
v -78.3920 998.0000 8.7572
v -77.0678 998.0000 8.0825
v -75.6000 998.0000 7.8500
v -74.1322 998.0000 8.0825
v -72.8080 998.0000 8.7572
v -71.7572 998.0000 9.8080
v -71.0825 998.0000 11.1322
v -58.2500 62.0000 12.6000
v -58.4825 62.0000 14.0678
v -59.1572 62.0000 15.3920
v -60.2080 62.0000 16.4428
v -61.5322 62.0000 17.1175
v -63.0000 62.0000 17.3500
v -64.4678 62.0000 17.1175
v -65.7920 62.0000 16.4428
v -66.8428 62.0000 15.3920
v -67.5175 62.0000 14.0678
v -67.7500 62.0000 12.6000
v -67.5175 62.0000 11.1322
v -66.8428 62.0000 9.8080
v -65.7920 62.0000 8.7572
v -64.4678 62.0000 8.0825
v -63.0000 62.0000 7.8500
v -61.5322 62.0000 8.0825
v -60.2080 62.0000 8.7572
v -59.1572 62.0000 9.8080
v -58.4825 62.0000 11.1322
v -58.2500 998.0000 12.6000
v -58.4825 998.0000 14.0678
v -59.1572 998.0000 15.3920
v -60.2080 998.0000 16.4428
v -61.5322 998.0000 17.1175
v -63.0000 998.0000 17.3500
v -64.4678 998.0000 17.1175
v -65.7920 998.0000 16.4428
v -66.8428 998.0000 15.3920
v -67.5175 998.0000 14.0678
v -67.7500 998.0000 12.6000
v -67.5175 998.0000 11.1322
v -66.8428 998.0000 9.8080
v -65.7920 998.0000 8.7572
v -64.4678 998.0000 8.0825
v -63.0000 998.0000 7.8500
v -61.5322 998.0000 8.0825
v -60.2080 998.0000 8.7572
v -59.1572 998.0000 9.8080
v -58.4825 998.0000 11.1322
v -58.2500 62.0000 12.6000
v -58.4825 62.0000 14.0678
v -59.1572 62.0000 15.3920
v -60.2080 62.0000 16.4428
v -61.5322 62.0000 17.1175
v -63.0000 62.0000 17.3500
v -64.4678 62.0000 17.1175
v -65.7920 62.0000 16.4428
v -66.8428 62.0000 15.3920
v -67.5175 62.0000 14.0678
v -67.7500 62.0000 12.6000
v -67.5175 62.0000 11.1322
v -66.8428 62.0000 9.8080
v -65.7920 62.0000 8.7572
v -64.4678 62.0000 8.0825
v -63.0000 62.0000 7.8500
v -61.5322 62.0000 8.0825
v -60.2080 62.0000 8.7572
v -59.1572 62.0000 9.8080
v -58.4825 62.0000 11.1322
v -58.2500 998.0000 12.6000
v -58.4825 998.0000 14.0678
v -59.1572 998.0000 15.3920
v -60.2080 998.0000 16.4428
v -61.5322 998.0000 17.1175
v -63.0000 998.0000 17.3500
v -64.4678 998.0000 17.1175
v -65.7920 998.0000 16.4428
v -66.8428 998.0000 15.3920
v -67.5175 998.0000 14.0678
v -67.7500 998.0000 12.6000
v -67.5175 998.0000 11.1322
v -66.8428 998.0000 9.8080
v -65.7920 998.0000 8.7572
v -64.4678 998.0000 8.0825
v -63.0000 998.0000 7.8500
v -61.5322 998.0000 8.0825
v -60.2080 998.0000 8.7572
v -59.1572 998.0000 9.8080
v -58.4825 998.0000 11.1322
v -45.6500 62.0000 12.6000
v -45.8825 62.0000 14.0678
v -46.5572 62.0000 15.3920
v -47.6080 62.0000 16.4428
v -48.9322 62.0000 17.1175
v -50.4000 62.0000 17.3500
v -51.8678 62.0000 17.1175
v -53.1920 62.0000 16.4428
v -54.2428 62.0000 15.3920
v -54.9175 62.0000 14.0678
v -55.1500 62.0000 12.6000
v -54.9175 62.0000 11.1322
v -54.2428 62.0000 9.8080
v -53.1920 62.0000 8.7572
v -51.8678 62.0000 8.0825
v -50.4000 62.0000 7.8500
v -48.9322 62.0000 8.0825
v -47.6080 62.0000 8.7572
v -46.5572 62.0000 9.8080
v -45.8825 62.0000 11.1322
v -45.6500 998.0000 12.6000
v -45.8825 998.0000 14.0678
v -46.5572 998.0000 15.3920
v -47.6080 998.0000 16.4428
v -48.9322 998.0000 17.1175
v -50.4000 998.0000 17.3500
v -51.8678 998.0000 17.1175
v -53.1920 998.0000 16.4428
v -54.2428 998.0000 15.3920
v -54.9175 998.0000 14.0678
v -55.1500 998.0000 12.6000
v -54.9175 998.0000 11.1322
v -54.2428 998.0000 9.8080
v -53.1920 998.0000 8.7572
v -51.8678 998.0000 8.0825
v -50.4000 998.0000 7.8500
v -48.9322 998.0000 8.0825
v -47.6080 998.0000 8.7572
v -46.5572 998.0000 9.8080
v -45.8825 998.0000 11.1322
v -45.6500 62.0000 12.6000
v -45.8825 62.0000 14.0678
v -46.5572 62.0000 15.3920
v -47.6080 62.0000 16.4428
v -48.9322 62.0000 17.1175
v -50.4000 62.0000 17.3500
v -51.8678 62.0000 17.1175
v -53.1920 62.0000 16.4428
v -54.2428 62.0000 15.3920
v -54.9175 62.0000 14.0678
v -55.1500 62.0000 12.6000
v -54.9175 62.0000 11.1322
v -54.2428 62.0000 9.8080
v -53.1920 62.0000 8.7572
v -51.8678 62.0000 8.0825
v -50.4000 62.0000 7.8500
v -48.9322 62.0000 8.0825
v -47.6080 62.0000 8.7572
v -46.5572 62.0000 9.8080
v -45.8825 62.0000 11.1322
v -45.6500 998.0000 12.6000
v -45.8825 998.0000 14.0678
v -46.5572 998.0000 15.3920
v -47.6080 998.0000 16.4428
v -48.9322 998.0000 17.1175
v -50.4000 998.0000 17.3500
v -51.8678 998.0000 17.1175
v -53.1920 998.0000 16.4428
v -54.2428 998.0000 15.3920
v -54.9175 998.0000 14.0678
v -55.1500 998.0000 12.6000
v -54.9175 998.0000 11.1322
v -54.2428 998.0000 9.8080
v -53.1920 998.0000 8.7572
v -51.8678 998.0000 8.0825
v -50.4000 998.0000 7.8500
v -48.9322 998.0000 8.0825
v -47.6080 998.0000 8.7572
v -46.5572 998.0000 9.8080
v -45.8825 998.0000 11.1322
v -33.0500 62.0000 12.6000
v -33.2825 62.0000 14.0678
v -33.9572 62.0000 15.3920
v -35.0080 62.0000 16.4428
v -36.3322 62.0000 17.1175
v -37.8000 62.0000 17.3500
v -39.2678 62.0000 17.1175
v -40.5920 62.0000 16.4428
v -41.6428 62.0000 15.3920
v -42.3175 62.0000 14.0678
v -42.5500 62.0000 12.6000
v -42.3175 62.0000 11.1322
v -41.6428 62.0000 9.8080
v -40.5920 62.0000 8.7572
v -39.2678 62.0000 8.0825
v -37.8000 62.0000 7.8500
v -36.3322 62.0000 8.0825
v -35.0080 62.0000 8.7572
v -33.9572 62.0000 9.8080
v -33.2825 62.0000 11.1322
v -33.0500 998.0000 12.6000
v -33.2825 998.0000 14.0678
v -33.9572 998.0000 15.3920
v -35.0080 998.0000 16.4428
v -36.3322 998.0000 17.1175
v -37.8000 998.0000 17.3500
v -39.2678 998.0000 17.1175
v -40.5920 998.0000 16.4428
v -41.6428 998.0000 15.3920
v -42.3175 998.0000 14.0678
v -42.5500 998.0000 12.6000
v -42.3175 998.0000 11.1322
v -41.6428 998.0000 9.8080
v -40.5920 998.0000 8.7572
v -39.2678 998.0000 8.0825
v -37.8000 998.0000 7.8500
v -36.3322 998.0000 8.0825
v -35.0080 998.0000 8.7572
v -33.9572 998.0000 9.8080
v -33.2825 998.0000 11.1322
v -33.0500 62.0000 12.6000
v -33.2825 62.0000 14.0678
v -33.9572 62.0000 15.3920
v -35.0080 62.0000 16.4428
v -36.3322 62.0000 17.1175
v -37.8000 62.0000 17.3500
v -39.2678 62.0000 17.1175
v -40.5920 62.0000 16.4428
v -41.6428 62.0000 15.3920
v -42.3175 62.0000 14.0678
v -42.5500 62.0000 12.6000
v -42.3175 62.0000 11.1322
v -41.6428 62.0000 9.8080
v -40.5920 62.0000 8.7572
v -39.2678 62.0000 8.0825
v -37.8000 62.0000 7.8500
v -36.3322 62.0000 8.0825
v -35.0080 62.0000 8.7572
v -33.9572 62.0000 9.8080
v -33.2825 62.0000 11.1322
v -33.0500 998.0000 12.6000
v -33.2825 998.0000 14.0678
v -33.9572 998.0000 15.3920
v -35.0080 998.0000 16.4428
v -36.3322 998.0000 17.1175
v -37.8000 998.0000 17.3500
v -39.2678 998.0000 17.1175
v -40.5920 998.0000 16.4428
v -41.6428 998.0000 15.3920
v -42.3175 998.0000 14.0678
v -42.5500 998.0000 12.6000
v -42.3175 998.0000 11.1322
v -41.6428 998.0000 9.8080
v -40.5920 998.0000 8.7572
v -39.2678 998.0000 8.0825
v -37.8000 998.0000 7.8500
v -36.3322 998.0000 8.0825
v -35.0080 998.0000 8.7572
v -33.9572 998.0000 9.8080
v -33.2825 998.0000 11.1322
v -20.4500 62.0000 12.6000
v -20.6825 62.0000 14.0678
v -21.3572 62.0000 15.3920
v -22.4080 62.0000 16.4428
v -23.7322 62.0000 17.1175
v -25.2000 62.0000 17.3500
v -26.6678 62.0000 17.1175
v -27.9920 62.0000 16.4428
v -29.0428 62.0000 15.3920
v -29.7175 62.0000 14.0678
v -29.9500 62.0000 12.6000
v -29.7175 62.0000 11.1322
v -29.0428 62.0000 9.8080
v -27.9920 62.0000 8.7572
v -26.6678 62.0000 8.0825
v -25.2000 62.0000 7.8500
v -23.7322 62.0000 8.0825
v -22.4080 62.0000 8.7572
v -21.3572 62.0000 9.8080
v -20.6825 62.0000 11.1322
v -20.4500 998.0000 12.6000
v -20.6825 998.0000 14.0678
v -21.3572 998.0000 15.3920
v -22.4080 998.0000 16.4428
v -23.7322 998.0000 17.1175
v -25.2000 998.0000 17.3500
v -26.6678 998.0000 17.1175
v -27.9920 998.0000 16.4428
v -29.0428 998.0000 15.3920
v -29.7175 998.0000 14.0678
v -29.9500 998.0000 12.6000
v -29.7175 998.0000 11.1322
v -29.0428 998.0000 9.8080
v -27.9920 998.0000 8.7572
v -26.6678 998.0000 8.0825
v -25.2000 998.0000 7.8500
v -23.7322 998.0000 8.0825
v -22.4080 998.0000 8.7572
v -21.3572 998.0000 9.8080
v -20.6825 998.0000 11.1322
v -20.4500 62.0000 12.6000
v -20.6825 62.0000 14.0678
v -21.3572 62.0000 15.3920
v -22.4080 62.0000 16.4428
v -23.7322 62.0000 17.1175
v -25.2000 62.0000 17.3500
v -26.6678 62.0000 17.1175
v -27.9920 62.0000 16.4428
v -29.0428 62.0000 15.3920
v -29.7175 62.0000 14.0678
v -29.9500 62.0000 12.6000
v -29.7175 62.0000 11.1322
v -29.0428 62.0000 9.8080
v -27.9920 62.0000 8.7572
v -26.6678 62.0000 8.0825
v -25.2000 62.0000 7.8500
v -23.7322 62.0000 8.0825
v -22.4080 62.0000 8.7572
v -21.3572 62.0000 9.8080
v -20.6825 62.0000 11.1322
v -20.4500 998.0000 12.6000
v -20.6825 998.0000 14.0678
v -21.3572 998.0000 15.3920
v -22.4080 998.0000 16.4428
v -23.7322 998.0000 17.1175
v -25.2000 998.0000 17.3500
v -26.6678 998.0000 17.1175
v -27.9920 998.0000 16.4428
v -29.0428 998.0000 15.3920
v -29.7175 998.0000 14.0678
v -29.9500 998.0000 12.6000
v -29.7175 998.0000 11.1322
v -29.0428 998.0000 9.8080
v -27.9920 998.0000 8.7572
v -26.6678 998.0000 8.0825
v -25.2000 998.0000 7.8500
v -23.7322 998.0000 8.0825
v -22.4080 998.0000 8.7572
v -21.3572 998.0000 9.8080
v -20.6825 998.0000 11.1322
v -7.8500 62.0000 12.6000
v -8.0825 62.0000 14.0678
v -8.7572 62.0000 15.3920
v -9.8080 62.0000 16.4428
v -11.1322 62.0000 17.1175
v -12.6000 62.0000 17.3500
v -14.0678 62.0000 17.1175
v -15.3920 62.0000 16.4428
v -16.4428 62.0000 15.3920
v -17.1175 62.0000 14.0678
v -17.3500 62.0000 12.6000
v -17.1175 62.0000 11.1322
v -16.4428 62.0000 9.8080
v -15.3920 62.0000 8.7572
v -14.0678 62.0000 8.0825
v -12.6000 62.0000 7.8500
v -11.1322 62.0000 8.0825
v -9.8080 62.0000 8.7572
v -8.7572 62.0000 9.8080
v -8.0825 62.0000 11.1322
v -7.8500 998.0000 12.6000
v -8.0825 998.0000 14.0678
v -8.7572 998.0000 15.3920
v -9.8080 998.0000 16.4428
v -11.1322 998.0000 17.1175
v -12.6000 998.0000 17.3500
v -14.0678 998.0000 17.1175
v -15.3920 998.0000 16.4428
v -16.4428 998.0000 15.3920
v -17.1175 998.0000 14.0678
v -17.3500 998.0000 12.6000
v -17.1175 998.0000 11.1322
v -16.4428 998.0000 9.8080
v -15.3920 998.0000 8.7572
v -14.0678 998.0000 8.0825
v -12.6000 998.0000 7.8500
v -11.1322 998.0000 8.0825
v -9.8080 998.0000 8.7572
v -8.7572 998.0000 9.8080
v -8.0825 998.0000 11.1322
v -7.8500 62.0000 12.6000
v -8.0825 62.0000 14.0678
v -8.7572 62.0000 15.3920
v -9.8080 62.0000 16.4428
v -11.1322 62.0000 17.1175
v -12.6000 62.0000 17.3500
v -14.0678 62.0000 17.1175
v -15.3920 62.0000 16.4428
v -16.4428 62.0000 15.3920
v -17.1175 62.0000 14.0678
v -17.3500 62.0000 12.6000
v -17.1175 62.0000 11.1322
v -16.4428 62.0000 9.8080
v -15.3920 62.0000 8.7572
v -14.0678 62.0000 8.0825
v -12.6000 62.0000 7.8500
v -11.1322 62.0000 8.0825
v -9.8080 62.0000 8.7572
v -8.7572 62.0000 9.8080
v -8.0825 62.0000 11.1322
v -7.8500 998.0000 12.6000
v -8.0825 998.0000 14.0678
v -8.7572 998.0000 15.3920
v -9.8080 998.0000 16.4428
v -11.1322 998.0000 17.1175
v -12.6000 998.0000 17.3500
v -14.0678 998.0000 17.1175
v -15.3920 998.0000 16.4428
v -16.4428 998.0000 15.3920
v -17.1175 998.0000 14.0678
v -17.3500 998.0000 12.6000
v -17.1175 998.0000 11.1322
v -16.4428 998.0000 9.8080
v -15.3920 998.0000 8.7572
v -14.0678 998.0000 8.0825
v -12.6000 998.0000 7.8500
v -11.1322 998.0000 8.0825
v -9.8080 998.0000 8.7572
v -8.7572 998.0000 9.8080
v -8.0825 998.0000 11.1322
v 4.7500 62.0000 12.6000
v 4.5175 62.0000 14.0678
v 3.8428 62.0000 15.3920
v 2.7920 62.0000 16.4428
v 1.4678 62.0000 17.1175
v 0.0000 62.0000 17.3500
v -1.4678 62.0000 17.1175
v -2.7920 62.0000 16.4428
v -3.8428 62.0000 15.3920
v -4.5175 62.0000 14.0678
v -4.7500 62.0000 12.6000
v -4.5175 62.0000 11.1322
v -3.8428 62.0000 9.8080
v -2.7920 62.0000 8.7572
v -1.4678 62.0000 8.0825
v -0.0000 62.0000 7.8500
v 1.4678 62.0000 8.0825
v 2.7920 62.0000 8.7572
v 3.8428 62.0000 9.8080
v 4.5175 62.0000 11.1322
v 4.7500 998.0000 12.6000
v 4.5175 998.0000 14.0678
v 3.8428 998.0000 15.3920
v 2.7920 998.0000 16.4428
v 1.4678 998.0000 17.1175
v 0.0000 998.0000 17.3500
v -1.4678 998.0000 17.1175
v -2.7920 998.0000 16.4428
v -3.8428 998.0000 15.3920
v -4.5175 998.0000 14.0678
v -4.7500 998.0000 12.6000
v -4.5175 998.0000 11.1322
v -3.8428 998.0000 9.8080
v -2.7920 998.0000 8.7572
v -1.4678 998.0000 8.0825
v -0.0000 998.0000 7.8500
v 1.4678 998.0000 8.0825
v 2.7920 998.0000 8.7572
v 3.8428 998.0000 9.8080
v 4.5175 998.0000 11.1322
v 4.7500 62.0000 12.6000
v 4.5175 62.0000 14.0678
v 3.8428 62.0000 15.3920
v 2.7920 62.0000 16.4428
v 1.4678 62.0000 17.1175
v 0.0000 62.0000 17.3500
v -1.4678 62.0000 17.1175
v -2.7920 62.0000 16.4428
v -3.8428 62.0000 15.3920
v -4.5175 62.0000 14.0678
v -4.7500 62.0000 12.6000
v -4.5175 62.0000 11.1322
v -3.8428 62.0000 9.8080
v -2.7920 62.0000 8.7572
v -1.4678 62.0000 8.0825
v -0.0000 62.0000 7.8500
v 1.4678 62.0000 8.0825
v 2.7920 62.0000 8.7572
v 3.8428 62.0000 9.8080
v 4.5175 62.0000 11.1322
v 4.7500 998.0000 12.6000
v 4.5175 998.0000 14.0678
v 3.8428 998.0000 15.3920
v 2.7920 998.0000 16.4428
v 1.4678 998.0000 17.1175
v 0.0000 998.0000 17.3500
v -1.4678 998.0000 17.1175
v -2.7920 998.0000 16.4428
v -3.8428 998.0000 15.3920
v -4.5175 998.0000 14.0678
v -4.7500 998.0000 12.6000
v -4.5175 998.0000 11.1322
v -3.8428 998.0000 9.8080
v -2.7920 998.0000 8.7572
v -1.4678 998.0000 8.0825
v -0.0000 998.0000 7.8500
v 1.4678 998.0000 8.0825
v 2.7920 998.0000 8.7572
v 3.8428 998.0000 9.8080
v 4.5175 998.0000 11.1322
v 17.3500 62.0000 12.6000
v 17.1175 62.0000 14.0678
v 16.4428 62.0000 15.3920
v 15.3920 62.0000 16.4428
v 14.0678 62.0000 17.1175
v 12.6000 62.0000 17.3500
v 11.1322 62.0000 17.1175
v 9.8080 62.0000 16.4428
v 8.7572 62.0000 15.3920
v 8.0825 62.0000 14.0678
v 7.8500 62.0000 12.6000
v 8.0825 62.0000 11.1322
v 8.7572 62.0000 9.8080
v 9.8080 62.0000 8.7572
v 11.1322 62.0000 8.0825
v 12.6000 62.0000 7.8500
v 14.0678 62.0000 8.0825
v 15.3920 62.0000 8.7572
v 16.4428 62.0000 9.8080
v 17.1175 62.0000 11.1322
v 17.3500 998.0000 12.6000
v 17.1175 998.0000 14.0678
v 16.4428 998.0000 15.3920
v 15.3920 998.0000 16.4428
v 14.0678 998.0000 17.1175
v 12.6000 998.0000 17.3500
v 11.1322 998.0000 17.1175
v 9.8080 998.0000 16.4428
v 8.7572 998.0000 15.3920
v 8.0825 998.0000 14.0678
v 7.8500 998.0000 12.6000
v 8.0825 998.0000 11.1322
v 8.7572 998.0000 9.8080
v 9.8080 998.0000 8.7572
v 11.1322 998.0000 8.0825
v 12.6000 998.0000 7.8500
v 14.0678 998.0000 8.0825
v 15.3920 998.0000 8.7572
v 16.4428 998.0000 9.8080
v 17.1175 998.0000 11.1322
v 17.3500 62.0000 12.6000
v 17.1175 62.0000 14.0678
v 16.4428 62.0000 15.3920
v 15.3920 62.0000 16.4428
v 14.0678 62.0000 17.1175
v 12.6000 62.0000 17.3500
v 11.1322 62.0000 17.1175
v 9.8080 62.0000 16.4428
v 8.7572 62.0000 15.3920
v 8.0825 62.0000 14.0678
v 7.8500 62.0000 12.6000
v 8.0825 62.0000 11.1322
v 8.7572 62.0000 9.8080
v 9.8080 62.0000 8.7572
v 11.1322 62.0000 8.0825
v 12.6000 62.0000 7.8500
v 14.0678 62.0000 8.0825
v 15.3920 62.0000 8.7572
v 16.4428 62.0000 9.8080
v 17.1175 62.0000 11.1322
v 17.3500 998.0000 12.6000
v 17.1175 998.0000 14.0678
v 16.4428 998.0000 15.3920
v 15.3920 998.0000 16.4428
v 14.0678 998.0000 17.1175
v 12.6000 998.0000 17.3500
v 11.1322 998.0000 17.1175
v 9.8080 998.0000 16.4428
v 8.7572 998.0000 15.3920
v 8.0825 998.0000 14.0678
v 7.8500 998.0000 12.6000
v 8.0825 998.0000 11.1322
v 8.7572 998.0000 9.8080
v 9.8080 998.0000 8.7572
v 11.1322 998.0000 8.0825
v 12.6000 998.0000 7.8500
v 14.0678 998.0000 8.0825
v 15.3920 998.0000 8.7572
v 16.4428 998.0000 9.8080
v 17.1175 998.0000 11.1322
v 29.9500 62.0000 12.6000
v 29.7175 62.0000 14.0678
v 29.0428 62.0000 15.3920
v 27.9920 62.0000 16.4428
v 26.6678 62.0000 17.1175
v 25.2000 62.0000 17.3500
v 23.7322 62.0000 17.1175
v 22.4080 62.0000 16.4428
v 21.3572 62.0000 15.3920
v 20.6825 62.0000 14.0678
v 20.4500 62.0000 12.6000
v 20.6825 62.0000 11.1322
v 21.3572 62.0000 9.8080
v 22.4080 62.0000 8.7572
v 23.7322 62.0000 8.0825
v 25.2000 62.0000 7.8500
v 26.6678 62.0000 8.0825
v 27.9920 62.0000 8.7572
v 29.0428 62.0000 9.8080
v 29.7175 62.0000 11.1322
v 29.9500 998.0000 12.6000
v 29.7175 998.0000 14.0678
v 29.0428 998.0000 15.3920
v 27.9920 998.0000 16.4428
v 26.6678 998.0000 17.1175
v 25.2000 998.0000 17.3500
v 23.7322 998.0000 17.1175
v 22.4080 998.0000 16.4428
v 21.3572 998.0000 15.3920
v 20.6825 998.0000 14.0678
v 20.4500 998.0000 12.6000
v 20.6825 998.0000 11.1322
v 21.3572 998.0000 9.8080
v 22.4080 998.0000 8.7572
v 23.7322 998.0000 8.0825
v 25.2000 998.0000 7.8500
v 26.6678 998.0000 8.0825
v 27.9920 998.0000 8.7572
v 29.0428 998.0000 9.8080
v 29.7175 998.0000 11.1322
v 29.9500 62.0000 12.6000
v 29.7175 62.0000 14.0678
v 29.0428 62.0000 15.3920
v 27.9920 62.0000 16.4428
v 26.6678 62.0000 17.1175
v 25.2000 62.0000 17.3500
v 23.7322 62.0000 17.1175
v 22.4080 62.0000 16.4428
v 21.3572 62.0000 15.3920
v 20.6825 62.0000 14.0678
v 20.4500 62.0000 12.6000
v 20.6825 62.0000 11.1322
v 21.3572 62.0000 9.8080
v 22.4080 62.0000 8.7572
v 23.7322 62.0000 8.0825
v 25.2000 62.0000 7.8500
v 26.6678 62.0000 8.0825
v 27.9920 62.0000 8.7572
v 29.0428 62.0000 9.8080
v 29.7175 62.0000 11.1322
v 29.9500 998.0000 12.6000
v 29.7175 998.0000 14.0678
v 29.0428 998.0000 15.3920
v 27.9920 998.0000 16.4428
v 26.6678 998.0000 17.1175
v 25.2000 998.0000 17.3500
v 23.7322 998.0000 17.1175
v 22.4080 998.0000 16.4428
v 21.3572 998.0000 15.3920
v 20.6825 998.0000 14.0678
v 20.4500 998.0000 12.6000
v 20.6825 998.0000 11.1322
v 21.3572 998.0000 9.8080
v 22.4080 998.0000 8.7572
v 23.7322 998.0000 8.0825
v 25.2000 998.0000 7.8500
v 26.6678 998.0000 8.0825
v 27.9920 998.0000 8.7572
v 29.0428 998.0000 9.8080
v 29.7175 998.0000 11.1322
v 42.5500 62.0000 12.6000
v 42.3175 62.0000 14.0678
v 41.6428 62.0000 15.3920
v 40.5920 62.0000 16.4428
v 39.2678 62.0000 17.1175
v 37.8000 62.0000 17.3500
v 36.3322 62.0000 17.1175
v 35.0080 62.0000 16.4428
v 33.9572 62.0000 15.3920
v 33.2825 62.0000 14.0678
v 33.0500 62.0000 12.6000
v 33.2825 62.0000 11.1322
v 33.9572 62.0000 9.8080
v 35.0080 62.0000 8.7572
v 36.3322 62.0000 8.0825
v 37.8000 62.0000 7.8500
v 39.2678 62.0000 8.0825
v 40.5920 62.0000 8.7572
v 41.6428 62.0000 9.8080
v 42.3175 62.0000 11.1322
v 42.5500 998.0000 12.6000
v 42.3175 998.0000 14.0678
v 41.6428 998.0000 15.3920
v 40.5920 998.0000 16.4428
v 39.2678 998.0000 17.1175
v 37.8000 998.0000 17.3500
v 36.3322 998.0000 17.1175
v 35.0080 998.0000 16.4428
v 33.9572 998.0000 15.3920
v 33.2825 998.0000 14.0678
v 33.0500 998.0000 12.6000
v 33.2825 998.0000 11.1322
v 33.9572 998.0000 9.8080
v 35.0080 998.0000 8.7572
v 36.3322 998.0000 8.0825
v 37.8000 998.0000 7.8500
v 39.2678 998.0000 8.0825
v 40.5920 998.0000 8.7572
v 41.6428 998.0000 9.8080
v 42.3175 998.0000 11.1322
v 42.5500 62.0000 12.6000
v 42.3175 62.0000 14.0678
v 41.6428 62.0000 15.3920
v 40.5920 62.0000 16.4428
v 39.2678 62.0000 17.1175
v 37.8000 62.0000 17.3500
v 36.3322 62.0000 17.1175
v 35.0080 62.0000 16.4428
v 33.9572 62.0000 15.3920
v 33.2825 62.0000 14.0678
v 33.0500 62.0000 12.6000
v 33.2825 62.0000 11.1322
v 33.9572 62.0000 9.8080
v 35.0080 62.0000 8.7572
v 36.3322 62.0000 8.0825
v 37.8000 62.0000 7.8500
v 39.2678 62.0000 8.0825
v 40.5920 62.0000 8.7572
v 41.6428 62.0000 9.8080
v 42.3175 62.0000 11.1322
v 42.5500 998.0000 12.6000
v 42.3175 998.0000 14.0678
v 41.6428 998.0000 15.3920
v 40.5920 998.0000 16.4428
v 39.2678 998.0000 17.1175
v 37.8000 998.0000 17.3500
v 36.3322 998.0000 17.1175
v 35.0080 998.0000 16.4428
v 33.9572 998.0000 15.3920
v 33.2825 998.0000 14.0678
v 33.0500 998.0000 12.6000
v 33.2825 998.0000 11.1322
v 33.9572 998.0000 9.8080
v 35.0080 998.0000 8.7572
v 36.3322 998.0000 8.0825
v 37.8000 998.0000 7.8500
v 39.2678 998.0000 8.0825
v 40.5920 998.0000 8.7572
v 41.6428 998.0000 9.8080
v 42.3175 998.0000 11.1322
v 55.1500 62.0000 12.6000
v 54.9175 62.0000 14.0678
v 54.2428 62.0000 15.3920
v 53.1920 62.0000 16.4428
v 51.8678 62.0000 17.1175
v 50.4000 62.0000 17.3500
v 48.9322 62.0000 17.1175
v 47.6080 62.0000 16.4428
v 46.5572 62.0000 15.3920
v 45.8825 62.0000 14.0678
v 45.6500 62.0000 12.6000
v 45.8825 62.0000 11.1322
v 46.5572 62.0000 9.8080
v 47.6080 62.0000 8.7572
v 48.9322 62.0000 8.0825
v 50.4000 62.0000 7.8500
v 51.8678 62.0000 8.0825
v 53.1920 62.0000 8.7572
v 54.2428 62.0000 9.8080
v 54.9175 62.0000 11.1322
v 55.1500 998.0000 12.6000
v 54.9175 998.0000 14.0678
v 54.2428 998.0000 15.3920
v 53.1920 998.0000 16.4428
v 51.8678 998.0000 17.1175
v 50.4000 998.0000 17.3500
v 48.9322 998.0000 17.1175
v 47.6080 998.0000 16.4428
v 46.5572 998.0000 15.3920
v 45.8825 998.0000 14.0678
v 45.6500 998.0000 12.6000
v 45.8825 998.0000 11.1322
v 46.5572 998.0000 9.8080
v 47.6080 998.0000 8.7572
v 48.9322 998.0000 8.0825
v 50.4000 998.0000 7.8500
v 51.8678 998.0000 8.0825
v 53.1920 998.0000 8.7572
v 54.2428 998.0000 9.8080
v 54.9175 998.0000 11.1322
v 55.1500 62.0000 12.6000
v 54.9175 62.0000 14.0678
v 54.2428 62.0000 15.3920
v 53.1920 62.0000 16.4428
v 51.8678 62.0000 17.1175
v 50.4000 62.0000 17.3500
v 48.9322 62.0000 17.1175
v 47.6080 62.0000 16.4428
v 46.5572 62.0000 15.3920
v 45.8825 62.0000 14.0678
v 45.6500 62.0000 12.6000
v 45.8825 62.0000 11.1322
v 46.5572 62.0000 9.8080
v 47.6080 62.0000 8.7572
v 48.9322 62.0000 8.0825
v 50.4000 62.0000 7.8500
v 51.8678 62.0000 8.0825
v 53.1920 62.0000 8.7572
v 54.2428 62.0000 9.8080
v 54.9175 62.0000 11.1322
v 55.1500 998.0000 12.6000
v 54.9175 998.0000 14.0678
v 54.2428 998.0000 15.3920
v 53.1920 998.0000 16.4428
v 51.8678 998.0000 17.1175
v 50.4000 998.0000 17.3500
v 48.9322 998.0000 17.1175
v 47.6080 998.0000 16.4428
v 46.5572 998.0000 15.3920
v 45.8825 998.0000 14.0678
v 45.6500 998.0000 12.6000
v 45.8825 998.0000 11.1322
v 46.5572 998.0000 9.8080
v 47.6080 998.0000 8.7572
v 48.9322 998.0000 8.0825
v 50.4000 998.0000 7.8500
v 51.8678 998.0000 8.0825
v 53.1920 998.0000 8.7572
v 54.2428 998.0000 9.8080
v 54.9175 998.0000 11.1322
v 67.7500 62.0000 12.6000
v 67.5175 62.0000 14.0678
v 66.8428 62.0000 15.3920
v 65.7920 62.0000 16.4428
v 64.4678 62.0000 17.1175
v 63.0000 62.0000 17.3500
v 61.5322 62.0000 17.1175
v 60.2080 62.0000 16.4428
v 59.1572 62.0000 15.3920
v 58.4825 62.0000 14.0678
v 58.2500 62.0000 12.6000
v 58.4825 62.0000 11.1322
v 59.1572 62.0000 9.8080
v 60.2080 62.0000 8.7572
v 61.5322 62.0000 8.0825
v 63.0000 62.0000 7.8500
v 64.4678 62.0000 8.0825
v 65.7920 62.0000 8.7572
v 66.8428 62.0000 9.8080
v 67.5175 62.0000 11.1322
v 67.7500 998.0000 12.6000
v 67.5175 998.0000 14.0678
v 66.8428 998.0000 15.3920
v 65.7920 998.0000 16.4428
v 64.4678 998.0000 17.1175
v 63.0000 998.0000 17.3500
v 61.5322 998.0000 17.1175
v 60.2080 998.0000 16.4428
v 59.1572 998.0000 15.3920
v 58.4825 998.0000 14.0678
v 58.2500 998.0000 12.6000
v 58.4825 998.0000 11.1322
v 59.1572 998.0000 9.8080
v 60.2080 998.0000 8.7572
v 61.5322 998.0000 8.0825
v 63.0000 998.0000 7.8500
v 64.4678 998.0000 8.0825
v 65.7920 998.0000 8.7572
v 66.8428 998.0000 9.8080
v 67.5175 998.0000 11.1322
v 67.7500 62.0000 12.6000
v 67.5175 62.0000 14.0678
v 66.8428 62.0000 15.3920
v 65.7920 62.0000 16.4428
v 64.4678 62.0000 17.1175
v 63.0000 62.0000 17.3500
v 61.5322 62.0000 17.1175
v 60.2080 62.0000 16.4428
v 59.1572 62.0000 15.3920
v 58.4825 62.0000 14.0678
v 58.2500 62.0000 12.6000
v 58.4825 62.0000 11.1322
v 59.1572 62.0000 9.8080
v 60.2080 62.0000 8.7572
v 61.5322 62.0000 8.0825
v 63.0000 62.0000 7.8500
v 64.4678 62.0000 8.0825
v 65.7920 62.0000 8.7572
v 66.8428 62.0000 9.8080
v 67.5175 62.0000 11.1322
v 67.7500 998.0000 12.6000
v 67.5175 998.0000 14.0678
v 66.8428 998.0000 15.3920
v 65.7920 998.0000 16.4428
v 64.4678 998.0000 17.1175
v 63.0000 998.0000 17.3500
v 61.5322 998.0000 17.1175
v 60.2080 998.0000 16.4428
v 59.1572 998.0000 15.3920
v 58.4825 998.0000 14.0678
v 58.2500 998.0000 12.6000
v 58.4825 998.0000 11.1322
v 59.1572 998.0000 9.8080
v 60.2080 998.0000 8.7572
v 61.5322 998.0000 8.0825
v 63.0000 998.0000 7.8500
v 64.4678 998.0000 8.0825
v 65.7920 998.0000 8.7572
v 66.8428 998.0000 9.8080
v 67.5175 998.0000 11.1322
v 80.3500 62.0000 12.6000
v 80.1175 62.0000 14.0678
v 79.4428 62.0000 15.3920
v 78.3920 62.0000 16.4428
v 77.0678 62.0000 17.1175
v 75.6000 62.0000 17.3500
v 74.1322 62.0000 17.1175
v 72.8080 62.0000 16.4428
v 71.7572 62.0000 15.3920
v 71.0825 62.0000 14.0678
v 70.8500 62.0000 12.6000
v 71.0825 62.0000 11.1322
v 71.7572 62.0000 9.8080
v 72.8080 62.0000 8.7572
v 74.1322 62.0000 8.0825
v 75.6000 62.0000 7.8500
v 77.0678 62.0000 8.0825
v 78.3920 62.0000 8.7572
v 79.4428 62.0000 9.8080
v 80.1175 62.0000 11.1322
v 80.3500 998.0000 12.6000
v 80.1175 998.0000 14.0678
v 79.4428 998.0000 15.3920
v 78.3920 998.0000 16.4428
v 77.0678 998.0000 17.1175
v 75.6000 998.0000 17.3500
v 74.1322 998.0000 17.1175
v 72.8080 998.0000 16.4428
v 71.7572 998.0000 15.3920
v 71.0825 998.0000 14.0678
v 70.8500 998.0000 12.6000
v 71.0825 998.0000 11.1322
v 71.7572 998.0000 9.8080
v 72.8080 998.0000 8.7572
v 74.1322 998.0000 8.0825
v 75.6000 998.0000 7.8500
v 77.0678 998.0000 8.0825
v 78.3920 998.0000 8.7572
v 79.4428 998.0000 9.8080
v 80.1175 998.0000 11.1322
v 80.3500 62.0000 12.6000
v 80.1175 62.0000 14.0678
v 79.4428 62.0000 15.3920
v 78.3920 62.0000 16.4428
v 77.0678 62.0000 17.1175
v 75.6000 62.0000 17.3500
v 74.1322 62.0000 17.1175
v 72.8080 62.0000 16.4428
v 71.7572 62.0000 15.3920
v 71.0825 62.0000 14.0678
v 70.8500 62.0000 12.6000
v 71.0825 62.0000 11.1322
v 71.7572 62.0000 9.8080
v 72.8080 62.0000 8.7572
v 74.1322 62.0000 8.0825
v 75.6000 62.0000 7.8500
v 77.0678 62.0000 8.0825
v 78.3920 62.0000 8.7572
v 79.4428 62.0000 9.8080
v 80.1175 62.0000 11.1322
v 80.3500 998.0000 12.6000
v 80.1175 998.0000 14.0678
v 79.4428 998.0000 15.3920
v 78.3920 998.0000 16.4428
v 77.0678 998.0000 17.1175
v 75.6000 998.0000 17.3500
v 74.1322 998.0000 17.1175
v 72.8080 998.0000 16.4428
v 71.7572 998.0000 15.3920
v 71.0825 998.0000 14.0678
v 70.8500 998.0000 12.6000
v 71.0825 998.0000 11.1322
v 71.7572 998.0000 9.8080
v 72.8080 998.0000 8.7572
v 74.1322 998.0000 8.0825
v 75.6000 998.0000 7.8500
v 77.0678 998.0000 8.0825
v 78.3920 998.0000 8.7572
v 79.4428 998.0000 9.8080
v 80.1175 998.0000 11.1322
v 92.9500 62.0000 12.6000
v 92.7175 62.0000 14.0678
v 92.0428 62.0000 15.3920
v 90.9920 62.0000 16.4428
v 89.6678 62.0000 17.1175
v 88.2000 62.0000 17.3500
v 86.7322 62.0000 17.1175
v 85.4080 62.0000 16.4428
v 84.3572 62.0000 15.3920
v 83.6825 62.0000 14.0678
v 83.4500 62.0000 12.6000
v 83.6825 62.0000 11.1322
v 84.3572 62.0000 9.8080
v 85.4080 62.0000 8.7572
v 86.7322 62.0000 8.0825
v 88.2000 62.0000 7.8500
v 89.6678 62.0000 8.0825
v 90.9920 62.0000 8.7572
v 92.0428 62.0000 9.8080
v 92.7175 62.0000 11.1322
v 92.9500 998.0000 12.6000
v 92.7175 998.0000 14.0678
v 92.0428 998.0000 15.3920
v 90.9920 998.0000 16.4428
v 89.6678 998.0000 17.1175
v 88.2000 998.0000 17.3500
v 86.7322 998.0000 17.1175
v 85.4080 998.0000 16.4428
v 84.3572 998.0000 15.3920
v 83.6825 998.0000 14.0678
v 83.4500 998.0000 12.6000
v 83.6825 998.0000 11.1322
v 84.3572 998.0000 9.8080
v 85.4080 998.0000 8.7572
v 86.7322 998.0000 8.0825
v 88.2000 998.0000 7.8500
v 89.6678 998.0000 8.0825
v 90.9920 998.0000 8.7572
v 92.0428 998.0000 9.8080
v 92.7175 998.0000 11.1322
v 92.9500 62.0000 12.6000
v 92.7175 62.0000 14.0678
v 92.0428 62.0000 15.3920
v 90.9920 62.0000 16.4428
v 89.6678 62.0000 17.1175
v 88.2000 62.0000 17.3500
v 86.7322 62.0000 17.1175
v 85.4080 62.0000 16.4428
v 84.3572 62.0000 15.3920
v 83.6825 62.0000 14.0678
v 83.4500 62.0000 12.6000
v 83.6825 62.0000 11.1322
v 84.3572 62.0000 9.8080
v 85.4080 62.0000 8.7572
v 86.7322 62.0000 8.0825
v 88.2000 62.0000 7.8500
v 89.6678 62.0000 8.0825
v 90.9920 62.0000 8.7572
v 92.0428 62.0000 9.8080
v 92.7175 62.0000 11.1322
v 92.9500 998.0000 12.6000
v 92.7175 998.0000 14.0678
v 92.0428 998.0000 15.3920
v 90.9920 998.0000 16.4428
v 89.6678 998.0000 17.1175
v 88.2000 998.0000 17.3500
v 86.7322 998.0000 17.1175
v 85.4080 998.0000 16.4428
v 84.3572 998.0000 15.3920
v 83.6825 998.0000 14.0678
v 83.4500 998.0000 12.6000
v 83.6825 998.0000 11.1322
v 84.3572 998.0000 9.8080
v 85.4080 998.0000 8.7572
v 86.7322 998.0000 8.0825
v 88.2000 998.0000 7.8500
v 89.6678 998.0000 8.0825
v 90.9920 998.0000 8.7572
v 92.0428 998.0000 9.8080
v 92.7175 998.0000 11.1322
v 105.5500 62.0000 12.6000
v 105.3175 62.0000 14.0678
v 104.6428 62.0000 15.3920
v 103.5920 62.0000 16.4428
v 102.2678 62.0000 17.1175
v 100.8000 62.0000 17.3500
v 99.3322 62.0000 17.1175
v 98.0080 62.0000 16.4428
v 96.9572 62.0000 15.3920
v 96.2825 62.0000 14.0678
v 96.0500 62.0000 12.6000
v 96.2825 62.0000 11.1322
v 96.9572 62.0000 9.8080
v 98.0080 62.0000 8.7572
v 99.3322 62.0000 8.0825
v 100.8000 62.0000 7.8500
v 102.2678 62.0000 8.0825
v 103.5920 62.0000 8.7572
v 104.6428 62.0000 9.8080
v 105.3175 62.0000 11.1322
v 105.5500 998.0000 12.6000
v 105.3175 998.0000 14.0678
v 104.6428 998.0000 15.3920
v 103.5920 998.0000 16.4428
v 102.2678 998.0000 17.1175
v 100.8000 998.0000 17.3500
v 99.3322 998.0000 17.1175
v 98.0080 998.0000 16.4428
v 96.9572 998.0000 15.3920
v 96.2825 998.0000 14.0678
v 96.0500 998.0000 12.6000
v 96.2825 998.0000 11.1322
v 96.9572 998.0000 9.8080
v 98.0080 998.0000 8.7572
v 99.3322 998.0000 8.0825
v 100.8000 998.0000 7.8500
v 102.2678 998.0000 8.0825
v 103.5920 998.0000 8.7572
v 104.6428 998.0000 9.8080
v 105.3175 998.0000 11.1322
v 105.5500 62.0000 12.6000
v 105.3175 62.0000 14.0678
v 104.6428 62.0000 15.3920
v 103.5920 62.0000 16.4428
v 102.2678 62.0000 17.1175
v 100.8000 62.0000 17.3500
v 99.3322 62.0000 17.1175
v 98.0080 62.0000 16.4428
v 96.9572 62.0000 15.3920
v 96.2825 62.0000 14.0678
v 96.0500 62.0000 12.6000
v 96.2825 62.0000 11.1322
v 96.9572 62.0000 9.8080
v 98.0080 62.0000 8.7572
v 99.3322 62.0000 8.0825
v 100.8000 62.0000 7.8500
v 102.2678 62.0000 8.0825
v 103.5920 62.0000 8.7572
v 104.6428 62.0000 9.8080
v 105.3175 62.0000 11.1322
v 105.5500 998.0000 12.6000
v 105.3175 998.0000 14.0678
v 104.6428 998.0000 15.3920
v 103.5920 998.0000 16.4428
v 102.2678 998.0000 17.1175
v 100.8000 998.0000 17.3500
v 99.3322 998.0000 17.1175
v 98.0080 998.0000 16.4428
v 96.9572 998.0000 15.3920
v 96.2825 998.0000 14.0678
v 96.0500 998.0000 12.6000
v 96.2825 998.0000 11.1322
v 96.9572 998.0000 9.8080
v 98.0080 998.0000 8.7572
v 99.3322 998.0000 8.0825
v 100.8000 998.0000 7.8500
v 102.2678 998.0000 8.0825
v 103.5920 998.0000 8.7572
v 104.6428 998.0000 9.8080
v 105.3175 998.0000 11.1322
v -96.0500 62.0000 25.2000
v -96.2825 62.0000 26.6678
v -96.9572 62.0000 27.9920
v -98.0080 62.0000 29.0428
v -99.3322 62.0000 29.7175
v -100.8000 62.0000 29.9500
v -102.2678 62.0000 29.7175
v -103.5920 62.0000 29.0428
v -104.6428 62.0000 27.9920
v -105.3175 62.0000 26.6678
v -105.5500 62.0000 25.2000
v -105.3175 62.0000 23.7322
v -104.6428 62.0000 22.4080
v -103.5920 62.0000 21.3572
v -102.2678 62.0000 20.6825
v -100.8000 62.0000 20.4500
v -99.3322 62.0000 20.6825
v -98.0080 62.0000 21.3572
v -96.9572 62.0000 22.4080
v -96.2825 62.0000 23.7322
v -96.0500 998.0000 25.2000
v -96.2825 998.0000 26.6678
v -96.9572 998.0000 27.9920
v -98.0080 998.0000 29.0428
v -99.3322 998.0000 29.7175
v -100.8000 998.0000 29.9500
v -102.2678 998.0000 29.7175
v -103.5920 998.0000 29.0428
v -104.6428 998.0000 27.9920
v -105.3175 998.0000 26.6678
v -105.5500 998.0000 25.2000
v -105.3175 998.0000 23.7322
v -104.6428 998.0000 22.4080
v -103.5920 998.0000 21.3572
v -102.2678 998.0000 20.6825
v -100.8000 998.0000 20.4500
v -99.3322 998.0000 20.6825
v -98.0080 998.0000 21.3572
v -96.9572 998.0000 22.4080
v -96.2825 998.0000 23.7322
v -96.0500 62.0000 25.2000
v -96.2825 62.0000 26.6678
v -96.9572 62.0000 27.9920
v -98.0080 62.0000 29.0428
v -99.3322 62.0000 29.7175
v -100.8000 62.0000 29.9500
v -102.2678 62.0000 29.7175
v -103.5920 62.0000 29.0428
v -104.6428 62.0000 27.9920
v -105.3175 62.0000 26.6678
v -105.5500 62.0000 25.2000
v -105.3175 62.0000 23.7322
v -104.6428 62.0000 22.4080
v -103.5920 62.0000 21.3572
v -102.2678 62.0000 20.6825
v -100.8000 62.0000 20.4500
v -99.3322 62.0000 20.6825
v -98.0080 62.0000 21.3572
v -96.9572 62.0000 22.4080
v -96.2825 62.0000 23.7322
v -96.0500 998.0000 25.2000
v -96.2825 998.0000 26.6678
v -96.9572 998.0000 27.9920
v -98.0080 998.0000 29.0428
v -99.3322 998.0000 29.7175
v -100.8000 998.0000 29.9500
v -102.2678 998.0000 29.7175
v -103.5920 998.0000 29.0428
v -104.6428 998.0000 27.9920
v -105.3175 998.0000 26.6678
v -105.5500 998.0000 25.2000
v -105.3175 998.0000 23.7322
v -104.6428 998.0000 22.4080
v -103.5920 998.0000 21.3572
v -102.2678 998.0000 20.6825
v -100.8000 998.0000 20.4500
v -99.3322 998.0000 20.6825
v -98.0080 998.0000 21.3572
v -96.9572 998.0000 22.4080
v -96.2825 998.0000 23.7322
v -83.4500 62.0000 25.2000
v -83.6825 62.0000 26.6678
v -84.3572 62.0000 27.9920
v -85.4080 62.0000 29.0428
v -86.7322 62.0000 29.7175
v -88.2000 62.0000 29.9500
v -89.6678 62.0000 29.7175
v -90.9920 62.0000 29.0428
v -92.0428 62.0000 27.9920
v -92.7175 62.0000 26.6678
v -92.9500 62.0000 25.2000
v -92.7175 62.0000 23.7322
v -92.0428 62.0000 22.4080
v -90.9920 62.0000 21.3572
v -89.6678 62.0000 20.6825
v -88.2000 62.0000 20.4500
v -86.7322 62.0000 20.6825
v -85.4080 62.0000 21.3572
v -84.3572 62.0000 22.4080
v -83.6825 62.0000 23.7322
v -83.4500 998.0000 25.2000
v -83.6825 998.0000 26.6678
v -84.3572 998.0000 27.9920
v -85.4080 998.0000 29.0428
v -86.7322 998.0000 29.7175
v -88.2000 998.0000 29.9500
v -89.6678 998.0000 29.7175
v -90.9920 998.0000 29.0428
v -92.0428 998.0000 27.9920
v -92.7175 998.0000 26.6678
v -92.9500 998.0000 25.2000
v -92.7175 998.0000 23.7322
v -92.0428 998.0000 22.4080
v -90.9920 998.0000 21.3572
v -89.6678 998.0000 20.6825
v -88.2000 998.0000 20.4500
v -86.7322 998.0000 20.6825
v -85.4080 998.0000 21.3572
v -84.3572 998.0000 22.4080
v -83.6825 998.0000 23.7322
v -83.4500 62.0000 25.2000
v -83.6825 62.0000 26.6678
v -84.3572 62.0000 27.9920
v -85.4080 62.0000 29.0428
v -86.7322 62.0000 29.7175
v -88.2000 62.0000 29.9500
v -89.6678 62.0000 29.7175
v -90.9920 62.0000 29.0428
v -92.0428 62.0000 27.9920
v -92.7175 62.0000 26.6678
v -92.9500 62.0000 25.2000
v -92.7175 62.0000 23.7322
v -92.0428 62.0000 22.4080
v -90.9920 62.0000 21.3572
v -89.6678 62.0000 20.6825
v -88.2000 62.0000 20.4500
v -86.7322 62.0000 20.6825
v -85.4080 62.0000 21.3572
v -84.3572 62.0000 22.4080
v -83.6825 62.0000 23.7322
v -83.4500 998.0000 25.2000
v -83.6825 998.0000 26.6678
v -84.3572 998.0000 27.9920
v -85.4080 998.0000 29.0428
v -86.7322 998.0000 29.7175
v -88.2000 998.0000 29.9500
v -89.6678 998.0000 29.7175
v -90.9920 998.0000 29.0428
v -92.0428 998.0000 27.9920
v -92.7175 998.0000 26.6678
v -92.9500 998.0000 25.2000
v -92.7175 998.0000 23.7322
v -92.0428 998.0000 22.4080
v -90.9920 998.0000 21.3572
v -89.6678 998.0000 20.6825
v -88.2000 998.0000 20.4500
v -86.7322 998.0000 20.6825
v -85.4080 998.0000 21.3572
v -84.3572 998.0000 22.4080
v -83.6825 998.0000 23.7322
v -70.8500 62.0000 25.2000
v -71.0825 62.0000 26.6678
v -71.7572 62.0000 27.9920
v -72.8080 62.0000 29.0428
v -74.1322 62.0000 29.7175
v -75.6000 62.0000 29.9500
v -77.0678 62.0000 29.7175
v -78.3920 62.0000 29.0428
v -79.4428 62.0000 27.9920
v -80.1175 62.0000 26.6678
v -80.3500 62.0000 25.2000
v -80.1175 62.0000 23.7322
v -79.4428 62.0000 22.4080
v -78.3920 62.0000 21.3572
v -77.0678 62.0000 20.6825
v -75.6000 62.0000 20.4500
v -74.1322 62.0000 20.6825
v -72.8080 62.0000 21.3572
v -71.7572 62.0000 22.4080
v -71.0825 62.0000 23.7322
v -70.8500 998.0000 25.2000
v -71.0825 998.0000 26.6678
v -71.7572 998.0000 27.9920
v -72.8080 998.0000 29.0428
v -74.1322 998.0000 29.7175
v -75.6000 998.0000 29.9500
v -77.0678 998.0000 29.7175
v -78.3920 998.0000 29.0428
v -79.4428 998.0000 27.9920
v -80.1175 998.0000 26.6678
v -80.3500 998.0000 25.2000
v -80.1175 998.0000 23.7322
v -79.4428 998.0000 22.4080
v -78.3920 998.0000 21.3572
v -77.0678 998.0000 20.6825
v -75.6000 998.0000 20.4500
v -74.1322 998.0000 20.6825
v -72.8080 998.0000 21.3572
v -71.7572 998.0000 22.4080
v -71.0825 998.0000 23.7322
v -70.8500 62.0000 25.2000
v -71.0825 62.0000 26.6678
v -71.7572 62.0000 27.9920
v -72.8080 62.0000 29.0428
v -74.1322 62.0000 29.7175
v -75.6000 62.0000 29.9500
v -77.0678 62.0000 29.7175
v -78.3920 62.0000 29.0428
v -79.4428 62.0000 27.9920
v -80.1175 62.0000 26.6678
v -80.3500 62.0000 25.2000
v -80.1175 62.0000 23.7322
v -79.4428 62.0000 22.4080
v -78.3920 62.0000 21.3572
v -77.0678 62.0000 20.6825
v -75.6000 62.0000 20.4500
v -74.1322 62.0000 20.6825
v -72.8080 62.0000 21.3572
v -71.7572 62.0000 22.4080
v -71.0825 62.0000 23.7322
v -70.8500 998.0000 25.2000
v -71.0825 998.0000 26.6678
v -71.7572 998.0000 27.9920
v -72.8080 998.0000 29.0428
v -74.1322 998.0000 29.7175
v -75.6000 998.0000 29.9500
v -77.0678 998.0000 29.7175
v -78.3920 998.0000 29.0428
v -79.4428 998.0000 27.9920
v -80.1175 998.0000 26.6678
v -80.3500 998.0000 25.2000
v -80.1175 998.0000 23.7322
v -79.4428 998.0000 22.4080
v -78.3920 998.0000 21.3572
v -77.0678 998.0000 20.6825
v -75.6000 998.0000 20.4500
v -74.1322 998.0000 20.6825
v -72.8080 998.0000 21.3572
v -71.7572 998.0000 22.4080
v -71.0825 998.0000 23.7322
v -58.2500 62.0000 25.2000
v -58.4825 62.0000 26.6678
v -59.1572 62.0000 27.9920
v -60.2080 62.0000 29.0428
v -61.5322 62.0000 29.7175
v -63.0000 62.0000 29.9500
v -64.4678 62.0000 29.7175
v -65.7920 62.0000 29.0428
v -66.8428 62.0000 27.9920
v -67.5175 62.0000 26.6678
v -67.7500 62.0000 25.2000
v -67.5175 62.0000 23.7322
v -66.8428 62.0000 22.4080
v -65.7920 62.0000 21.3572
v -64.4678 62.0000 20.6825
v -63.0000 62.0000 20.4500
v -61.5322 62.0000 20.6825
v -60.2080 62.0000 21.3572
v -59.1572 62.0000 22.4080
v -58.4825 62.0000 23.7322
v -58.2500 998.0000 25.2000
v -58.4825 998.0000 26.6678
v -59.1572 998.0000 27.9920
v -60.2080 998.0000 29.0428
v -61.5322 998.0000 29.7175
v -63.0000 998.0000 29.9500
v -64.4678 998.0000 29.7175
v -65.7920 998.0000 29.0428
v -66.8428 998.0000 27.9920
v -67.5175 998.0000 26.6678
v -67.7500 998.0000 25.2000
v -67.5175 998.0000 23.7322
v -66.8428 998.0000 22.4080
v -65.7920 998.0000 21.3572
v -64.4678 998.0000 20.6825
v -63.0000 998.0000 20.4500
v -61.5322 998.0000 20.6825
v -60.2080 998.0000 21.3572
v -59.1572 998.0000 22.4080
v -58.4825 998.0000 23.7322
v -58.2500 62.0000 25.2000
v -58.4825 62.0000 26.6678
v -59.1572 62.0000 27.9920
v -60.2080 62.0000 29.0428
v -61.5322 62.0000 29.7175
v -63.0000 62.0000 29.9500
v -64.4678 62.0000 29.7175
v -65.7920 62.0000 29.0428
v -66.8428 62.0000 27.9920
v -67.5175 62.0000 26.6678
v -67.7500 62.0000 25.2000
v -67.5175 62.0000 23.7322
v -66.8428 62.0000 22.4080
v -65.7920 62.0000 21.3572
v -64.4678 62.0000 20.6825
v -63.0000 62.0000 20.4500
v -61.5322 62.0000 20.6825
v -60.2080 62.0000 21.3572
v -59.1572 62.0000 22.4080
v -58.4825 62.0000 23.7322
v -58.2500 998.0000 25.2000
v -58.4825 998.0000 26.6678
v -59.1572 998.0000 27.9920
v -60.2080 998.0000 29.0428
v -61.5322 998.0000 29.7175
v -63.0000 998.0000 29.9500
v -64.4678 998.0000 29.7175
v -65.7920 998.0000 29.0428
v -66.8428 998.0000 27.9920
v -67.5175 998.0000 26.6678
v -67.7500 998.0000 25.2000
v -67.5175 998.0000 23.7322
v -66.8428 998.0000 22.4080
v -65.7920 998.0000 21.3572
v -64.4678 998.0000 20.6825
v -63.0000 998.0000 20.4500
v -61.5322 998.0000 20.6825
v -60.2080 998.0000 21.3572
v -59.1572 998.0000 22.4080
v -58.4825 998.0000 23.7322
v -45.6500 62.0000 25.2000
v -45.8825 62.0000 26.6678
v -46.5572 62.0000 27.9920
v -47.6080 62.0000 29.0428
v -48.9322 62.0000 29.7175
v -50.4000 62.0000 29.9500
v -51.8678 62.0000 29.7175
v -53.1920 62.0000 29.0428
v -54.2428 62.0000 27.9920
v -54.9175 62.0000 26.6678
v -55.1500 62.0000 25.2000
v -54.9175 62.0000 23.7322
v -54.2428 62.0000 22.4080
v -53.1920 62.0000 21.3572
v -51.8678 62.0000 20.6825
v -50.4000 62.0000 20.4500
v -48.9322 62.0000 20.6825
v -47.6080 62.0000 21.3572
v -46.5572 62.0000 22.4080
v -45.8825 62.0000 23.7322
v -45.6500 998.0000 25.2000
v -45.8825 998.0000 26.6678
v -46.5572 998.0000 27.9920
v -47.6080 998.0000 29.0428
v -48.9322 998.0000 29.7175
v -50.4000 998.0000 29.9500
v -51.8678 998.0000 29.7175
v -53.1920 998.0000 29.0428
v -54.2428 998.0000 27.9920
v -54.9175 998.0000 26.6678
v -55.1500 998.0000 25.2000
v -54.9175 998.0000 23.7322
v -54.2428 998.0000 22.4080
v -53.1920 998.0000 21.3572
v -51.8678 998.0000 20.6825
v -50.4000 998.0000 20.4500
v -48.9322 998.0000 20.6825
v -47.6080 998.0000 21.3572
v -46.5572 998.0000 22.4080
v -45.8825 998.0000 23.7322
v -45.6500 62.0000 25.2000
v -45.8825 62.0000 26.6678
v -46.5572 62.0000 27.9920
v -47.6080 62.0000 29.0428
v -48.9322 62.0000 29.7175
v -50.4000 62.0000 29.9500
v -51.8678 62.0000 29.7175
v -53.1920 62.0000 29.0428
v -54.2428 62.0000 27.9920
v -54.9175 62.0000 26.6678
v -55.1500 62.0000 25.2000
v -54.9175 62.0000 23.7322
v -54.2428 62.0000 22.4080
v -53.1920 62.0000 21.3572
v -51.8678 62.0000 20.6825
v -50.4000 62.0000 20.4500
v -48.9322 62.0000 20.6825
v -47.6080 62.0000 21.3572
v -46.5572 62.0000 22.4080
v -45.8825 62.0000 23.7322
v -45.6500 998.0000 25.2000
v -45.8825 998.0000 26.6678
v -46.5572 998.0000 27.9920
v -47.6080 998.0000 29.0428
v -48.9322 998.0000 29.7175
v -50.4000 998.0000 29.9500
v -51.8678 998.0000 29.7175
v -53.1920 998.0000 29.0428
v -54.2428 998.0000 27.9920
v -54.9175 998.0000 26.6678
v -55.1500 998.0000 25.2000
v -54.9175 998.0000 23.7322
v -54.2428 998.0000 22.4080
v -53.1920 998.0000 21.3572
v -51.8678 998.0000 20.6825
v -50.4000 998.0000 20.4500
v -48.9322 998.0000 20.6825
v -47.6080 998.0000 21.3572
v -46.5572 998.0000 22.4080
v -45.8825 998.0000 23.7322
v -33.0500 62.0000 25.2000
v -33.2825 62.0000 26.6678
v -33.9572 62.0000 27.9920
v -35.0080 62.0000 29.0428
v -36.3322 62.0000 29.7175
v -37.8000 62.0000 29.9500
v -39.2678 62.0000 29.7175
v -40.5920 62.0000 29.0428
v -41.6428 62.0000 27.9920
v -42.3175 62.0000 26.6678
v -42.5500 62.0000 25.2000
v -42.3175 62.0000 23.7322
v -41.6428 62.0000 22.4080
v -40.5920 62.0000 21.3572
v -39.2678 62.0000 20.6825
v -37.8000 62.0000 20.4500
v -36.3322 62.0000 20.6825
v -35.0080 62.0000 21.3572
v -33.9572 62.0000 22.4080
v -33.2825 62.0000 23.7322
v -33.0500 998.0000 25.2000
v -33.2825 998.0000 26.6678
v -33.9572 998.0000 27.9920
v -35.0080 998.0000 29.0428
v -36.3322 998.0000 29.7175
v -37.8000 998.0000 29.9500
v -39.2678 998.0000 29.7175
v -40.5920 998.0000 29.0428
v -41.6428 998.0000 27.9920
v -42.3175 998.0000 26.6678
v -42.5500 998.0000 25.2000
v -42.3175 998.0000 23.7322
v -41.6428 998.0000 22.4080
v -40.5920 998.0000 21.3572
v -39.2678 998.0000 20.6825
v -37.8000 998.0000 20.4500
v -36.3322 998.0000 20.6825
v -35.0080 998.0000 21.3572
v -33.9572 998.0000 22.4080
v -33.2825 998.0000 23.7322
v -33.0500 62.0000 25.2000
v -33.2825 62.0000 26.6678
v -33.9572 62.0000 27.9920
v -35.0080 62.0000 29.0428
v -36.3322 62.0000 29.7175
v -37.8000 62.0000 29.9500
v -39.2678 62.0000 29.7175
v -40.5920 62.0000 29.0428
v -41.6428 62.0000 27.9920
v -42.3175 62.0000 26.6678
v -42.5500 62.0000 25.2000
v -42.3175 62.0000 23.7322
v -41.6428 62.0000 22.4080
v -40.5920 62.0000 21.3572
v -39.2678 62.0000 20.6825
v -37.8000 62.0000 20.4500
v -36.3322 62.0000 20.6825
v -35.0080 62.0000 21.3572
v -33.9572 62.0000 22.4080
v -33.2825 62.0000 23.7322
v -33.0500 998.0000 25.2000
v -33.2825 998.0000 26.6678
v -33.9572 998.0000 27.9920
v -35.0080 998.0000 29.0428
v -36.3322 998.0000 29.7175
v -37.8000 998.0000 29.9500
v -39.2678 998.0000 29.7175
v -40.5920 998.0000 29.0428
v -41.6428 998.0000 27.9920
v -42.3175 998.0000 26.6678
v -42.5500 998.0000 25.2000
v -42.3175 998.0000 23.7322
v -41.6428 998.0000 22.4080
v -40.5920 998.0000 21.3572
v -39.2678 998.0000 20.6825
v -37.8000 998.0000 20.4500
v -36.3322 998.0000 20.6825
v -35.0080 998.0000 21.3572
v -33.9572 998.0000 22.4080
v -33.2825 998.0000 23.7322
v -20.4500 62.0000 25.2000
v -20.6825 62.0000 26.6678
v -21.3572 62.0000 27.9920
v -22.4080 62.0000 29.0428
v -23.7322 62.0000 29.7175
v -25.2000 62.0000 29.9500
v -26.6678 62.0000 29.7175
v -27.9920 62.0000 29.0428
v -29.0428 62.0000 27.9920
v -29.7175 62.0000 26.6678
v -29.9500 62.0000 25.2000
v -29.7175 62.0000 23.7322
v -29.0428 62.0000 22.4080
v -27.9920 62.0000 21.3572
v -26.6678 62.0000 20.6825
v -25.2000 62.0000 20.4500
v -23.7322 62.0000 20.6825
v -22.4080 62.0000 21.3572
v -21.3572 62.0000 22.4080
v -20.6825 62.0000 23.7322
v -20.4500 998.0000 25.2000
v -20.6825 998.0000 26.6678
v -21.3572 998.0000 27.9920
v -22.4080 998.0000 29.0428
v -23.7322 998.0000 29.7175
v -25.2000 998.0000 29.9500
v -26.6678 998.0000 29.7175
v -27.9920 998.0000 29.0428
v -29.0428 998.0000 27.9920
v -29.7175 998.0000 26.6678
v -29.9500 998.0000 25.2000
v -29.7175 998.0000 23.7322
v -29.0428 998.0000 22.4080
v -27.9920 998.0000 21.3572
v -26.6678 998.0000 20.6825
v -25.2000 998.0000 20.4500
v -23.7322 998.0000 20.6825
v -22.4080 998.0000 21.3572
v -21.3572 998.0000 22.4080
v -20.6825 998.0000 23.7322
v -20.4500 62.0000 25.2000
v -20.6825 62.0000 26.6678
v -21.3572 62.0000 27.9920
v -22.4080 62.0000 29.0428
v -23.7322 62.0000 29.7175
v -25.2000 62.0000 29.9500
v -26.6678 62.0000 29.7175
v -27.9920 62.0000 29.0428
v -29.0428 62.0000 27.9920
v -29.7175 62.0000 26.6678
v -29.9500 62.0000 25.2000
v -29.7175 62.0000 23.7322
v -29.0428 62.0000 22.4080
v -27.9920 62.0000 21.3572
v -26.6678 62.0000 20.6825
v -25.2000 62.0000 20.4500
v -23.7322 62.0000 20.6825
v -22.4080 62.0000 21.3572
v -21.3572 62.0000 22.4080
v -20.6825 62.0000 23.7322
v -20.4500 998.0000 25.2000
v -20.6825 998.0000 26.6678
v -21.3572 998.0000 27.9920
v -22.4080 998.0000 29.0428
v -23.7322 998.0000 29.7175
v -25.2000 998.0000 29.9500
v -26.6678 998.0000 29.7175
v -27.9920 998.0000 29.0428
v -29.0428 998.0000 27.9920
v -29.7175 998.0000 26.6678
v -29.9500 998.0000 25.2000
v -29.7175 998.0000 23.7322
v -29.0428 998.0000 22.4080
v -27.9920 998.0000 21.3572
v -26.6678 998.0000 20.6825
v -25.2000 998.0000 20.4500
v -23.7322 998.0000 20.6825
v -22.4080 998.0000 21.3572
v -21.3572 998.0000 22.4080
v -20.6825 998.0000 23.7322
v -7.8500 62.0000 25.2000
v -8.0825 62.0000 26.6678
v -8.7572 62.0000 27.9920
v -9.8080 62.0000 29.0428
v -11.1322 62.0000 29.7175
v -12.6000 62.0000 29.9500
v -14.0678 62.0000 29.7175
v -15.3920 62.0000 29.0428
v -16.4428 62.0000 27.9920
v -17.1175 62.0000 26.6678
v -17.3500 62.0000 25.2000
v -17.1175 62.0000 23.7322
v -16.4428 62.0000 22.4080
v -15.3920 62.0000 21.3572
v -14.0678 62.0000 20.6825
v -12.6000 62.0000 20.4500
v -11.1322 62.0000 20.6825
v -9.8080 62.0000 21.3572
v -8.7572 62.0000 22.4080
v -8.0825 62.0000 23.7322
v -7.8500 998.0000 25.2000
v -8.0825 998.0000 26.6678
v -8.7572 998.0000 27.9920
v -9.8080 998.0000 29.0428
v -11.1322 998.0000 29.7175
v -12.6000 998.0000 29.9500
v -14.0678 998.0000 29.7175
v -15.3920 998.0000 29.0428
v -16.4428 998.0000 27.9920
v -17.1175 998.0000 26.6678
v -17.3500 998.0000 25.2000
v -17.1175 998.0000 23.7322
v -16.4428 998.0000 22.4080
v -15.3920 998.0000 21.3572
v -14.0678 998.0000 20.6825
v -12.6000 998.0000 20.4500
v -11.1322 998.0000 20.6825
v -9.8080 998.0000 21.3572
v -8.7572 998.0000 22.4080
v -8.0825 998.0000 23.7322
v -7.8500 62.0000 25.2000
v -8.0825 62.0000 26.6678
v -8.7572 62.0000 27.9920
v -9.8080 62.0000 29.0428
v -11.1322 62.0000 29.7175
v -12.6000 62.0000 29.9500
v -14.0678 62.0000 29.7175
v -15.3920 62.0000 29.0428
v -16.4428 62.0000 27.9920
v -17.1175 62.0000 26.6678
v -17.3500 62.0000 25.2000
v -17.1175 62.0000 23.7322
v -16.4428 62.0000 22.4080
v -15.3920 62.0000 21.3572
v -14.0678 62.0000 20.6825
v -12.6000 62.0000 20.4500
v -11.1322 62.0000 20.6825
v -9.8080 62.0000 21.3572
v -8.7572 62.0000 22.4080
v -8.0825 62.0000 23.7322
v -7.8500 998.0000 25.2000
v -8.0825 998.0000 26.6678
v -8.7572 998.0000 27.9920
v -9.8080 998.0000 29.0428
v -11.1322 998.0000 29.7175
v -12.6000 998.0000 29.9500
v -14.0678 998.0000 29.7175
v -15.3920 998.0000 29.0428
v -16.4428 998.0000 27.9920
v -17.1175 998.0000 26.6678
v -17.3500 998.0000 25.2000
v -17.1175 998.0000 23.7322
v -16.4428 998.0000 22.4080
v -15.3920 998.0000 21.3572
v -14.0678 998.0000 20.6825
v -12.6000 998.0000 20.4500
v -11.1322 998.0000 20.6825
v -9.8080 998.0000 21.3572
v -8.7572 998.0000 22.4080
v -8.0825 998.0000 23.7322
v 4.7500 62.0000 25.2000
v 4.5175 62.0000 26.6678
v 3.8428 62.0000 27.9920
v 2.7920 62.0000 29.0428
v 1.4678 62.0000 29.7175
v 0.0000 62.0000 29.9500
v -1.4678 62.0000 29.7175
v -2.7920 62.0000 29.0428
v -3.8428 62.0000 27.9920
v -4.5175 62.0000 26.6678
v -4.7500 62.0000 25.2000
v -4.5175 62.0000 23.7322
v -3.8428 62.0000 22.4080
v -2.7920 62.0000 21.3572
v -1.4678 62.0000 20.6825
v -0.0000 62.0000 20.4500
v 1.4678 62.0000 20.6825
v 2.7920 62.0000 21.3572
v 3.8428 62.0000 22.4080
v 4.5175 62.0000 23.7322
v 4.7500 998.0000 25.2000
v 4.5175 998.0000 26.6678
v 3.8428 998.0000 27.9920
v 2.7920 998.0000 29.0428
v 1.4678 998.0000 29.7175
v 0.0000 998.0000 29.9500
v -1.4678 998.0000 29.7175
v -2.7920 998.0000 29.0428
v -3.8428 998.0000 27.9920
v -4.5175 998.0000 26.6678
v -4.7500 998.0000 25.2000
v -4.5175 998.0000 23.7322
v -3.8428 998.0000 22.4080
v -2.7920 998.0000 21.3572
v -1.4678 998.0000 20.6825
v -0.0000 998.0000 20.4500
v 1.4678 998.0000 20.6825
v 2.7920 998.0000 21.3572
v 3.8428 998.0000 22.4080
v 4.5175 998.0000 23.7322
v 4.7500 62.0000 25.2000
v 4.5175 62.0000 26.6678
v 3.8428 62.0000 27.9920
v 2.7920 62.0000 29.0428
v 1.4678 62.0000 29.7175
v 0.0000 62.0000 29.9500
v -1.4678 62.0000 29.7175
v -2.7920 62.0000 29.0428
v -3.8428 62.0000 27.9920
v -4.5175 62.0000 26.6678
v -4.7500 62.0000 25.2000
v -4.5175 62.0000 23.7322
v -3.8428 62.0000 22.4080
v -2.7920 62.0000 21.3572
v -1.4678 62.0000 20.6825
v -0.0000 62.0000 20.4500
v 1.4678 62.0000 20.6825
v 2.7920 62.0000 21.3572
v 3.8428 62.0000 22.4080
v 4.5175 62.0000 23.7322
v 4.7500 998.0000 25.2000
v 4.5175 998.0000 26.6678
v 3.8428 998.0000 27.9920
v 2.7920 998.0000 29.0428
v 1.4678 998.0000 29.7175
v 0.0000 998.0000 29.9500
v -1.4678 998.0000 29.7175
v -2.7920 998.0000 29.0428
v -3.8428 998.0000 27.9920
v -4.5175 998.0000 26.6678
v -4.7500 998.0000 25.2000
v -4.5175 998.0000 23.7322
v -3.8428 998.0000 22.4080
v -2.7920 998.0000 21.3572
v -1.4678 998.0000 20.6825
v -0.0000 998.0000 20.4500
v 1.4678 998.0000 20.6825
v 2.7920 998.0000 21.3572
v 3.8428 998.0000 22.4080
v 4.5175 998.0000 23.7322
v 17.3500 62.0000 25.2000
v 17.1175 62.0000 26.6678
v 16.4428 62.0000 27.9920
v 15.3920 62.0000 29.0428
v 14.0678 62.0000 29.7175
v 12.6000 62.0000 29.9500
v 11.1322 62.0000 29.7175
v 9.8080 62.0000 29.0428
v 8.7572 62.0000 27.9920
v 8.0825 62.0000 26.6678
v 7.8500 62.0000 25.2000
v 8.0825 62.0000 23.7322
v 8.7572 62.0000 22.4080
v 9.8080 62.0000 21.3572
v 11.1322 62.0000 20.6825
v 12.6000 62.0000 20.4500
v 14.0678 62.0000 20.6825
v 15.3920 62.0000 21.3572
v 16.4428 62.0000 22.4080
v 17.1175 62.0000 23.7322
v 17.3500 998.0000 25.2000
v 17.1175 998.0000 26.6678
v 16.4428 998.0000 27.9920
v 15.3920 998.0000 29.0428
v 14.0678 998.0000 29.7175
v 12.6000 998.0000 29.9500
v 11.1322 998.0000 29.7175
v 9.8080 998.0000 29.0428
v 8.7572 998.0000 27.9920
v 8.0825 998.0000 26.6678
v 7.8500 998.0000 25.2000
v 8.0825 998.0000 23.7322
v 8.7572 998.0000 22.4080
v 9.8080 998.0000 21.3572
v 11.1322 998.0000 20.6825
v 12.6000 998.0000 20.4500
v 14.0678 998.0000 20.6825
v 15.3920 998.0000 21.3572
v 16.4428 998.0000 22.4080
v 17.1175 998.0000 23.7322
v 17.3500 62.0000 25.2000
v 17.1175 62.0000 26.6678
v 16.4428 62.0000 27.9920
v 15.3920 62.0000 29.0428
v 14.0678 62.0000 29.7175
v 12.6000 62.0000 29.9500
v 11.1322 62.0000 29.7175
v 9.8080 62.0000 29.0428
v 8.7572 62.0000 27.9920
v 8.0825 62.0000 26.6678
v 7.8500 62.0000 25.2000
v 8.0825 62.0000 23.7322
v 8.7572 62.0000 22.4080
v 9.8080 62.0000 21.3572
v 11.1322 62.0000 20.6825
v 12.6000 62.0000 20.4500
v 14.0678 62.0000 20.6825
v 15.3920 62.0000 21.3572
v 16.4428 62.0000 22.4080
v 17.1175 62.0000 23.7322
v 17.3500 998.0000 25.2000
v 17.1175 998.0000 26.6678
v 16.4428 998.0000 27.9920
v 15.3920 998.0000 29.0428
v 14.0678 998.0000 29.7175
v 12.6000 998.0000 29.9500
v 11.1322 998.0000 29.7175
v 9.8080 998.0000 29.0428
v 8.7572 998.0000 27.9920
v 8.0825 998.0000 26.6678
v 7.8500 998.0000 25.2000
v 8.0825 998.0000 23.7322
v 8.7572 998.0000 22.4080
v 9.8080 998.0000 21.3572
v 11.1322 998.0000 20.6825
v 12.6000 998.0000 20.4500
v 14.0678 998.0000 20.6825
v 15.3920 998.0000 21.3572
v 16.4428 998.0000 22.4080
v 17.1175 998.0000 23.7322
v 29.9500 62.0000 25.2000
v 29.7175 62.0000 26.6678
v 29.0428 62.0000 27.9920
v 27.9920 62.0000 29.0428
v 26.6678 62.0000 29.7175
v 25.2000 62.0000 29.9500
v 23.7322 62.0000 29.7175
v 22.4080 62.0000 29.0428
v 21.3572 62.0000 27.9920
v 20.6825 62.0000 26.6678
v 20.4500 62.0000 25.2000
v 20.6825 62.0000 23.7322
v 21.3572 62.0000 22.4080
v 22.4080 62.0000 21.3572
v 23.7322 62.0000 20.6825
v 25.2000 62.0000 20.4500
v 26.6678 62.0000 20.6825
v 27.9920 62.0000 21.3572
v 29.0428 62.0000 22.4080
v 29.7175 62.0000 23.7322
v 29.9500 998.0000 25.2000
v 29.7175 998.0000 26.6678
v 29.0428 998.0000 27.9920
v 27.9920 998.0000 29.0428
v 26.6678 998.0000 29.7175
v 25.2000 998.0000 29.9500
v 23.7322 998.0000 29.7175
v 22.4080 998.0000 29.0428
v 21.3572 998.0000 27.9920
v 20.6825 998.0000 26.6678
v 20.4500 998.0000 25.2000
v 20.6825 998.0000 23.7322
v 21.3572 998.0000 22.4080
v 22.4080 998.0000 21.3572
v 23.7322 998.0000 20.6825
v 25.2000 998.0000 20.4500
v 26.6678 998.0000 20.6825
v 27.9920 998.0000 21.3572
v 29.0428 998.0000 22.4080
v 29.7175 998.0000 23.7322
v 29.9500 62.0000 25.2000
v 29.7175 62.0000 26.6678
v 29.0428 62.0000 27.9920
v 27.9920 62.0000 29.0428
v 26.6678 62.0000 29.7175
v 25.2000 62.0000 29.9500
v 23.7322 62.0000 29.7175
v 22.4080 62.0000 29.0428
v 21.3572 62.0000 27.9920
v 20.6825 62.0000 26.6678
v 20.4500 62.0000 25.2000
v 20.6825 62.0000 23.7322
v 21.3572 62.0000 22.4080
v 22.4080 62.0000 21.3572
v 23.7322 62.0000 20.6825
v 25.2000 62.0000 20.4500
v 26.6678 62.0000 20.6825
v 27.9920 62.0000 21.3572
v 29.0428 62.0000 22.4080
v 29.7175 62.0000 23.7322
v 29.9500 998.0000 25.2000
v 29.7175 998.0000 26.6678
v 29.0428 998.0000 27.9920
v 27.9920 998.0000 29.0428
v 26.6678 998.0000 29.7175
v 25.2000 998.0000 29.9500
v 23.7322 998.0000 29.7175
v 22.4080 998.0000 29.0428
v 21.3572 998.0000 27.9920
v 20.6825 998.0000 26.6678
v 20.4500 998.0000 25.2000
v 20.6825 998.0000 23.7322
v 21.3572 998.0000 22.4080
v 22.4080 998.0000 21.3572
v 23.7322 998.0000 20.6825
v 25.2000 998.0000 20.4500
v 26.6678 998.0000 20.6825
v 27.9920 998.0000 21.3572
v 29.0428 998.0000 22.4080
v 29.7175 998.0000 23.7322
v 42.5500 62.0000 25.2000
v 42.3175 62.0000 26.6678
v 41.6428 62.0000 27.9920
v 40.5920 62.0000 29.0428
v 39.2678 62.0000 29.7175
v 37.8000 62.0000 29.9500
v 36.3322 62.0000 29.7175
v 35.0080 62.0000 29.0428
v 33.9572 62.0000 27.9920
v 33.2825 62.0000 26.6678
v 33.0500 62.0000 25.2000
v 33.2825 62.0000 23.7322
v 33.9572 62.0000 22.4080
v 35.0080 62.0000 21.3572
v 36.3322 62.0000 20.6825
v 37.8000 62.0000 20.4500
v 39.2678 62.0000 20.6825
v 40.5920 62.0000 21.3572
v 41.6428 62.0000 22.4080
v 42.3175 62.0000 23.7322
v 42.5500 998.0000 25.2000
v 42.3175 998.0000 26.6678
v 41.6428 998.0000 27.9920
v 40.5920 998.0000 29.0428
v 39.2678 998.0000 29.7175
v 37.8000 998.0000 29.9500
v 36.3322 998.0000 29.7175
v 35.0080 998.0000 29.0428
v 33.9572 998.0000 27.9920
v 33.2825 998.0000 26.6678
v 33.0500 998.0000 25.2000
v 33.2825 998.0000 23.7322
v 33.9572 998.0000 22.4080
v 35.0080 998.0000 21.3572
v 36.3322 998.0000 20.6825
v 37.8000 998.0000 20.4500
v 39.2678 998.0000 20.6825
v 40.5920 998.0000 21.3572
v 41.6428 998.0000 22.4080
v 42.3175 998.0000 23.7322
v 42.5500 62.0000 25.2000
v 42.3175 62.0000 26.6678
v 41.6428 62.0000 27.9920
v 40.5920 62.0000 29.0428
v 39.2678 62.0000 29.7175
v 37.8000 62.0000 29.9500
v 36.3322 62.0000 29.7175
v 35.0080 62.0000 29.0428
v 33.9572 62.0000 27.9920
v 33.2825 62.0000 26.6678
v 33.0500 62.0000 25.2000
v 33.2825 62.0000 23.7322
v 33.9572 62.0000 22.4080
v 35.0080 62.0000 21.3572
v 36.3322 62.0000 20.6825
v 37.8000 62.0000 20.4500
v 39.2678 62.0000 20.6825
v 40.5920 62.0000 21.3572
v 41.6428 62.0000 22.4080
v 42.3175 62.0000 23.7322
v 42.5500 998.0000 25.2000
v 42.3175 998.0000 26.6678
v 41.6428 998.0000 27.9920
v 40.5920 998.0000 29.0428
v 39.2678 998.0000 29.7175
v 37.8000 998.0000 29.9500
v 36.3322 998.0000 29.7175
v 35.0080 998.0000 29.0428
v 33.9572 998.0000 27.9920
v 33.2825 998.0000 26.6678
v 33.0500 998.0000 25.2000
v 33.2825 998.0000 23.7322
v 33.9572 998.0000 22.4080
v 35.0080 998.0000 21.3572
v 36.3322 998.0000 20.6825
v 37.8000 998.0000 20.4500
v 39.2678 998.0000 20.6825
v 40.5920 998.0000 21.3572
v 41.6428 998.0000 22.4080
v 42.3175 998.0000 23.7322
v 55.1500 62.0000 25.2000
v 54.9175 62.0000 26.6678
v 54.2428 62.0000 27.9920
v 53.1920 62.0000 29.0428
v 51.8678 62.0000 29.7175
v 50.4000 62.0000 29.9500
v 48.9322 62.0000 29.7175
v 47.6080 62.0000 29.0428
v 46.5572 62.0000 27.9920
v 45.8825 62.0000 26.6678
v 45.6500 62.0000 25.2000
v 45.8825 62.0000 23.7322
v 46.5572 62.0000 22.4080
v 47.6080 62.0000 21.3572
v 48.9322 62.0000 20.6825
v 50.4000 62.0000 20.4500
v 51.8678 62.0000 20.6825
v 53.1920 62.0000 21.3572
v 54.2428 62.0000 22.4080
v 54.9175 62.0000 23.7322
v 55.1500 998.0000 25.2000
v 54.9175 998.0000 26.6678
v 54.2428 998.0000 27.9920
v 53.1920 998.0000 29.0428
v 51.8678 998.0000 29.7175
v 50.4000 998.0000 29.9500
v 48.9322 998.0000 29.7175
v 47.6080 998.0000 29.0428
v 46.5572 998.0000 27.9920
v 45.8825 998.0000 26.6678
v 45.6500 998.0000 25.2000
v 45.8825 998.0000 23.7322
v 46.5572 998.0000 22.4080
v 47.6080 998.0000 21.3572
v 48.9322 998.0000 20.6825
v 50.4000 998.0000 20.4500
v 51.8678 998.0000 20.6825
v 53.1920 998.0000 21.3572
v 54.2428 998.0000 22.4080
v 54.9175 998.0000 23.7322
v 55.1500 62.0000 25.2000
v 54.9175 62.0000 26.6678
v 54.2428 62.0000 27.9920
v 53.1920 62.0000 29.0428
v 51.8678 62.0000 29.7175
v 50.4000 62.0000 29.9500
v 48.9322 62.0000 29.7175
v 47.6080 62.0000 29.0428
v 46.5572 62.0000 27.9920
v 45.8825 62.0000 26.6678
v 45.6500 62.0000 25.2000
v 45.8825 62.0000 23.7322
v 46.5572 62.0000 22.4080
v 47.6080 62.0000 21.3572
v 48.9322 62.0000 20.6825
v 50.4000 62.0000 20.4500
v 51.8678 62.0000 20.6825
v 53.1920 62.0000 21.3572
v 54.2428 62.0000 22.4080
v 54.9175 62.0000 23.7322
v 55.1500 998.0000 25.2000
v 54.9175 998.0000 26.6678
v 54.2428 998.0000 27.9920
v 53.1920 998.0000 29.0428
v 51.8678 998.0000 29.7175
v 50.4000 998.0000 29.9500
v 48.9322 998.0000 29.7175
v 47.6080 998.0000 29.0428
v 46.5572 998.0000 27.9920
v 45.8825 998.0000 26.6678
v 45.6500 998.0000 25.2000
v 45.8825 998.0000 23.7322
v 46.5572 998.0000 22.4080
v 47.6080 998.0000 21.3572
v 48.9322 998.0000 20.6825
v 50.4000 998.0000 20.4500
v 51.8678 998.0000 20.6825
v 53.1920 998.0000 21.3572
v 54.2428 998.0000 22.4080
v 54.9175 998.0000 23.7322
v 67.7500 62.0000 25.2000
v 67.5175 62.0000 26.6678
v 66.8428 62.0000 27.9920
v 65.7920 62.0000 29.0428
v 64.4678 62.0000 29.7175
v 63.0000 62.0000 29.9500
v 61.5322 62.0000 29.7175
v 60.2080 62.0000 29.0428
v 59.1572 62.0000 27.9920
v 58.4825 62.0000 26.6678
v 58.2500 62.0000 25.2000
v 58.4825 62.0000 23.7322
v 59.1572 62.0000 22.4080
v 60.2080 62.0000 21.3572
v 61.5322 62.0000 20.6825
v 63.0000 62.0000 20.4500
v 64.4678 62.0000 20.6825
v 65.7920 62.0000 21.3572
v 66.8428 62.0000 22.4080
v 67.5175 62.0000 23.7322
v 67.7500 998.0000 25.2000
v 67.5175 998.0000 26.6678
v 66.8428 998.0000 27.9920
v 65.7920 998.0000 29.0428
v 64.4678 998.0000 29.7175
v 63.0000 998.0000 29.9500
v 61.5322 998.0000 29.7175
v 60.2080 998.0000 29.0428
v 59.1572 998.0000 27.9920
v 58.4825 998.0000 26.6678
v 58.2500 998.0000 25.2000
v 58.4825 998.0000 23.7322
v 59.1572 998.0000 22.4080
v 60.2080 998.0000 21.3572
v 61.5322 998.0000 20.6825
v 63.0000 998.0000 20.4500
v 64.4678 998.0000 20.6825
v 65.7920 998.0000 21.3572
v 66.8428 998.0000 22.4080
v 67.5175 998.0000 23.7322
v 67.7500 62.0000 25.2000
v 67.5175 62.0000 26.6678
v 66.8428 62.0000 27.9920
v 65.7920 62.0000 29.0428
v 64.4678 62.0000 29.7175
v 63.0000 62.0000 29.9500
v 61.5322 62.0000 29.7175
v 60.2080 62.0000 29.0428
v 59.1572 62.0000 27.9920
v 58.4825 62.0000 26.6678
v 58.2500 62.0000 25.2000
v 58.4825 62.0000 23.7322
v 59.1572 62.0000 22.4080
v 60.2080 62.0000 21.3572
v 61.5322 62.0000 20.6825
v 63.0000 62.0000 20.4500
v 64.4678 62.0000 20.6825
v 65.7920 62.0000 21.3572
v 66.8428 62.0000 22.4080
v 67.5175 62.0000 23.7322
v 67.7500 998.0000 25.2000
v 67.5175 998.0000 26.6678
v 66.8428 998.0000 27.9920
v 65.7920 998.0000 29.0428
v 64.4678 998.0000 29.7175
v 63.0000 998.0000 29.9500
v 61.5322 998.0000 29.7175
v 60.2080 998.0000 29.0428
v 59.1572 998.0000 27.9920
v 58.4825 998.0000 26.6678
v 58.2500 998.0000 25.2000
v 58.4825 998.0000 23.7322
v 59.1572 998.0000 22.4080
v 60.2080 998.0000 21.3572
v 61.5322 998.0000 20.6825
v 63.0000 998.0000 20.4500
v 64.4678 998.0000 20.6825
v 65.7920 998.0000 21.3572
v 66.8428 998.0000 22.4080
v 67.5175 998.0000 23.7322
v 80.3500 62.0000 25.2000
v 80.1175 62.0000 26.6678
v 79.4428 62.0000 27.9920
v 78.3920 62.0000 29.0428
v 77.0678 62.0000 29.7175
v 75.6000 62.0000 29.9500
v 74.1322 62.0000 29.7175
v 72.8080 62.0000 29.0428
v 71.7572 62.0000 27.9920
v 71.0825 62.0000 26.6678
v 70.8500 62.0000 25.2000
v 71.0825 62.0000 23.7322
v 71.7572 62.0000 22.4080
v 72.8080 62.0000 21.3572
v 74.1322 62.0000 20.6825
v 75.6000 62.0000 20.4500
v 77.0678 62.0000 20.6825
v 78.3920 62.0000 21.3572
v 79.4428 62.0000 22.4080
v 80.1175 62.0000 23.7322
v 80.3500 998.0000 25.2000
v 80.1175 998.0000 26.6678
v 79.4428 998.0000 27.9920
v 78.3920 998.0000 29.0428
v 77.0678 998.0000 29.7175
v 75.6000 998.0000 29.9500
v 74.1322 998.0000 29.7175
v 72.8080 998.0000 29.0428
v 71.7572 998.0000 27.9920
v 71.0825 998.0000 26.6678
v 70.8500 998.0000 25.2000
v 71.0825 998.0000 23.7322
v 71.7572 998.0000 22.4080
v 72.8080 998.0000 21.3572
v 74.1322 998.0000 20.6825
v 75.6000 998.0000 20.4500
v 77.0678 998.0000 20.6825
v 78.3920 998.0000 21.3572
v 79.4428 998.0000 22.4080
v 80.1175 998.0000 23.7322
v 80.3500 62.0000 25.2000
v 80.1175 62.0000 26.6678
v 79.4428 62.0000 27.9920
v 78.3920 62.0000 29.0428
v 77.0678 62.0000 29.7175
v 75.6000 62.0000 29.9500
v 74.1322 62.0000 29.7175
v 72.8080 62.0000 29.0428
v 71.7572 62.0000 27.9920
v 71.0825 62.0000 26.6678
v 70.8500 62.0000 25.2000
v 71.0825 62.0000 23.7322
v 71.7572 62.0000 22.4080
v 72.8080 62.0000 21.3572
v 74.1322 62.0000 20.6825
v 75.6000 62.0000 20.4500
v 77.0678 62.0000 20.6825
v 78.3920 62.0000 21.3572
v 79.4428 62.0000 22.4080
v 80.1175 62.0000 23.7322
v 80.3500 998.0000 25.2000
v 80.1175 998.0000 26.6678
v 79.4428 998.0000 27.9920
v 78.3920 998.0000 29.0428
v 77.0678 998.0000 29.7175
v 75.6000 998.0000 29.9500
v 74.1322 998.0000 29.7175
v 72.8080 998.0000 29.0428
v 71.7572 998.0000 27.9920
v 71.0825 998.0000 26.6678
v 70.8500 998.0000 25.2000
v 71.0825 998.0000 23.7322
v 71.7572 998.0000 22.4080
v 72.8080 998.0000 21.3572
v 74.1322 998.0000 20.6825
v 75.6000 998.0000 20.4500
v 77.0678 998.0000 20.6825
v 78.3920 998.0000 21.3572
v 79.4428 998.0000 22.4080
v 80.1175 998.0000 23.7322
v 92.9500 62.0000 25.2000
v 92.7175 62.0000 26.6678
v 92.0428 62.0000 27.9920
v 90.9920 62.0000 29.0428
v 89.6678 62.0000 29.7175
v 88.2000 62.0000 29.9500
v 86.7322 62.0000 29.7175
v 85.4080 62.0000 29.0428
v 84.3572 62.0000 27.9920
v 83.6825 62.0000 26.6678
v 83.4500 62.0000 25.2000
v 83.6825 62.0000 23.7322
v 84.3572 62.0000 22.4080
v 85.4080 62.0000 21.3572
v 86.7322 62.0000 20.6825
v 88.2000 62.0000 20.4500
v 89.6678 62.0000 20.6825
v 90.9920 62.0000 21.3572
v 92.0428 62.0000 22.4080
v 92.7175 62.0000 23.7322
v 92.9500 998.0000 25.2000
v 92.7175 998.0000 26.6678
v 92.0428 998.0000 27.9920
v 90.9920 998.0000 29.0428
v 89.6678 998.0000 29.7175
v 88.2000 998.0000 29.9500
v 86.7322 998.0000 29.7175
v 85.4080 998.0000 29.0428
v 84.3572 998.0000 27.9920
v 83.6825 998.0000 26.6678
v 83.4500 998.0000 25.2000
v 83.6825 998.0000 23.7322
v 84.3572 998.0000 22.4080
v 85.4080 998.0000 21.3572
v 86.7322 998.0000 20.6825
v 88.2000 998.0000 20.4500
v 89.6678 998.0000 20.6825
v 90.9920 998.0000 21.3572
v 92.0428 998.0000 22.4080
v 92.7175 998.0000 23.7322
v 92.9500 62.0000 25.2000
v 92.7175 62.0000 26.6678
v 92.0428 62.0000 27.9920
v 90.9920 62.0000 29.0428
v 89.6678 62.0000 29.7175
v 88.2000 62.0000 29.9500
v 86.7322 62.0000 29.7175
v 85.4080 62.0000 29.0428
v 84.3572 62.0000 27.9920
v 83.6825 62.0000 26.6678
v 83.4500 62.0000 25.2000
v 83.6825 62.0000 23.7322
v 84.3572 62.0000 22.4080
v 85.4080 62.0000 21.3572
v 86.7322 62.0000 20.6825
v 88.2000 62.0000 20.4500
v 89.6678 62.0000 20.6825
v 90.9920 62.0000 21.3572
v 92.0428 62.0000 22.4080
v 92.7175 62.0000 23.7322
v 92.9500 998.0000 25.2000
v 92.7175 998.0000 26.6678
v 92.0428 998.0000 27.9920
v 90.9920 998.0000 29.0428
v 89.6678 998.0000 29.7175
v 88.2000 998.0000 29.9500
v 86.7322 998.0000 29.7175
v 85.4080 998.0000 29.0428
v 84.3572 998.0000 27.9920
v 83.6825 998.0000 26.6678
v 83.4500 998.0000 25.2000
v 83.6825 998.0000 23.7322
v 84.3572 998.0000 22.4080
v 85.4080 998.0000 21.3572
v 86.7322 998.0000 20.6825
v 88.2000 998.0000 20.4500
v 89.6678 998.0000 20.6825
v 90.9920 998.0000 21.3572
v 92.0428 998.0000 22.4080
v 92.7175 998.0000 23.7322
v 105.5500 62.0000 25.2000
v 105.3175 62.0000 26.6678
v 104.6428 62.0000 27.9920
v 103.5920 62.0000 29.0428
v 102.2678 62.0000 29.7175
v 100.8000 62.0000 29.9500
v 99.3322 62.0000 29.7175
v 98.0080 62.0000 29.0428
v 96.9572 62.0000 27.9920
v 96.2825 62.0000 26.6678
v 96.0500 62.0000 25.2000
v 96.2825 62.0000 23.7322
v 96.9572 62.0000 22.4080
v 98.0080 62.0000 21.3572
v 99.3322 62.0000 20.6825
v 100.8000 62.0000 20.4500
v 102.2678 62.0000 20.6825
v 103.5920 62.0000 21.3572
v 104.6428 62.0000 22.4080
v 105.3175 62.0000 23.7322
v 105.5500 998.0000 25.2000
v 105.3175 998.0000 26.6678
v 104.6428 998.0000 27.9920
v 103.5920 998.0000 29.0428
v 102.2678 998.0000 29.7175
v 100.8000 998.0000 29.9500
v 99.3322 998.0000 29.7175
v 98.0080 998.0000 29.0428
v 96.9572 998.0000 27.9920
v 96.2825 998.0000 26.6678
v 96.0500 998.0000 25.2000
v 96.2825 998.0000 23.7322
v 96.9572 998.0000 22.4080
v 98.0080 998.0000 21.3572
v 99.3322 998.0000 20.6825
v 100.8000 998.0000 20.4500
v 102.2678 998.0000 20.6825
v 103.5920 998.0000 21.3572
v 104.6428 998.0000 22.4080
v 105.3175 998.0000 23.7322
v 105.5500 62.0000 25.2000
v 105.3175 62.0000 26.6678
v 104.6428 62.0000 27.9920
v 103.5920 62.0000 29.0428
v 102.2678 62.0000 29.7175
v 100.8000 62.0000 29.9500
v 99.3322 62.0000 29.7175
v 98.0080 62.0000 29.0428
v 96.9572 62.0000 27.9920
v 96.2825 62.0000 26.6678
v 96.0500 62.0000 25.2000
v 96.2825 62.0000 23.7322
v 96.9572 62.0000 22.4080
v 98.0080 62.0000 21.3572
v 99.3322 62.0000 20.6825
v 100.8000 62.0000 20.4500
v 102.2678 62.0000 20.6825
v 103.5920 62.0000 21.3572
v 104.6428 62.0000 22.4080
v 105.3175 62.0000 23.7322
v 105.5500 998.0000 25.2000
v 105.3175 998.0000 26.6678
v 104.6428 998.0000 27.9920
v 103.5920 998.0000 29.0428
v 102.2678 998.0000 29.7175
v 100.8000 998.0000 29.9500
v 99.3322 998.0000 29.7175
v 98.0080 998.0000 29.0428
v 96.9572 998.0000 27.9920
v 96.2825 998.0000 26.6678
v 96.0500 998.0000 25.2000
v 96.2825 998.0000 23.7322
v 96.9572 998.0000 22.4080
v 98.0080 998.0000 21.3572
v 99.3322 998.0000 20.6825
v 100.8000 998.0000 20.4500
v 102.2678 998.0000 20.6825
v 103.5920 998.0000 21.3572
v 104.6428 998.0000 22.4080
v 105.3175 998.0000 23.7322
v -96.0500 62.0000 37.8000
v -96.2825 62.0000 39.2678
v -96.9572 62.0000 40.5920
v -98.0080 62.0000 41.6428
v -99.3322 62.0000 42.3175
v -100.8000 62.0000 42.5500
v -102.2678 62.0000 42.3175
v -103.5920 62.0000 41.6428
v -104.6428 62.0000 40.5920
v -105.3175 62.0000 39.2678
v -105.5500 62.0000 37.8000
v -105.3175 62.0000 36.3322
v -104.6428 62.0000 35.0080
v -103.5920 62.0000 33.9572
v -102.2678 62.0000 33.2825
v -100.8000 62.0000 33.0500
v -99.3322 62.0000 33.2825
v -98.0080 62.0000 33.9572
v -96.9572 62.0000 35.0080
v -96.2825 62.0000 36.3322
v -96.0500 998.0000 37.8000
v -96.2825 998.0000 39.2678
v -96.9572 998.0000 40.5920
v -98.0080 998.0000 41.6428
v -99.3322 998.0000 42.3175
v -100.8000 998.0000 42.5500
v -102.2678 998.0000 42.3175
v -103.5920 998.0000 41.6428
v -104.6428 998.0000 40.5920
v -105.3175 998.0000 39.2678
v -105.5500 998.0000 37.8000
v -105.3175 998.0000 36.3322
v -104.6428 998.0000 35.0080
v -103.5920 998.0000 33.9572
v -102.2678 998.0000 33.2825
v -100.8000 998.0000 33.0500
v -99.3322 998.0000 33.2825
v -98.0080 998.0000 33.9572
v -96.9572 998.0000 35.0080
v -96.2825 998.0000 36.3322
v -96.0500 62.0000 37.8000
v -96.2825 62.0000 39.2678
v -96.9572 62.0000 40.5920
v -98.0080 62.0000 41.6428
v -99.3322 62.0000 42.3175
v -100.8000 62.0000 42.5500
v -102.2678 62.0000 42.3175
v -103.5920 62.0000 41.6428
v -104.6428 62.0000 40.5920
v -105.3175 62.0000 39.2678
v -105.5500 62.0000 37.8000
v -105.3175 62.0000 36.3322
v -104.6428 62.0000 35.0080
v -103.5920 62.0000 33.9572
v -102.2678 62.0000 33.2825
v -100.8000 62.0000 33.0500
v -99.3322 62.0000 33.2825
v -98.0080 62.0000 33.9572
v -96.9572 62.0000 35.0080
v -96.2825 62.0000 36.3322
v -96.0500 998.0000 37.8000
v -96.2825 998.0000 39.2678
v -96.9572 998.0000 40.5920
v -98.0080 998.0000 41.6428
v -99.3322 998.0000 42.3175
v -100.8000 998.0000 42.5500
v -102.2678 998.0000 42.3175
v -103.5920 998.0000 41.6428
v -104.6428 998.0000 40.5920
v -105.3175 998.0000 39.2678
v -105.5500 998.0000 37.8000
v -105.3175 998.0000 36.3322
v -104.6428 998.0000 35.0080
v -103.5920 998.0000 33.9572
v -102.2678 998.0000 33.2825
v -100.8000 998.0000 33.0500
v -99.3322 998.0000 33.2825
v -98.0080 998.0000 33.9572
v -96.9572 998.0000 35.0080
v -96.2825 998.0000 36.3322
v -83.4500 62.0000 37.8000
v -83.6825 62.0000 39.2678
v -84.3572 62.0000 40.5920
v -85.4080 62.0000 41.6428
v -86.7322 62.0000 42.3175
v -88.2000 62.0000 42.5500
v -89.6678 62.0000 42.3175
v -90.9920 62.0000 41.6428
v -92.0428 62.0000 40.5920
v -92.7175 62.0000 39.2678
v -92.9500 62.0000 37.8000
v -92.7175 62.0000 36.3322
v -92.0428 62.0000 35.0080
v -90.9920 62.0000 33.9572
v -89.6678 62.0000 33.2825
v -88.2000 62.0000 33.0500
v -86.7322 62.0000 33.2825
v -85.4080 62.0000 33.9572
v -84.3572 62.0000 35.0080
v -83.6825 62.0000 36.3322
v -83.4500 998.0000 37.8000
v -83.6825 998.0000 39.2678
v -84.3572 998.0000 40.5920
v -85.4080 998.0000 41.6428
v -86.7322 998.0000 42.3175
v -88.2000 998.0000 42.5500
v -89.6678 998.0000 42.3175
v -90.9920 998.0000 41.6428
v -92.0428 998.0000 40.5920
v -92.7175 998.0000 39.2678
v -92.9500 998.0000 37.8000
v -92.7175 998.0000 36.3322
v -92.0428 998.0000 35.0080
v -90.9920 998.0000 33.9572
v -89.6678 998.0000 33.2825
v -88.2000 998.0000 33.0500
v -86.7322 998.0000 33.2825
v -85.4080 998.0000 33.9572
v -84.3572 998.0000 35.0080
v -83.6825 998.0000 36.3322
v -83.4500 62.0000 37.8000
v -83.6825 62.0000 39.2678
v -84.3572 62.0000 40.5920
v -85.4080 62.0000 41.6428
v -86.7322 62.0000 42.3175
v -88.2000 62.0000 42.5500
v -89.6678 62.0000 42.3175
v -90.9920 62.0000 41.6428
v -92.0428 62.0000 40.5920
v -92.7175 62.0000 39.2678
v -92.9500 62.0000 37.8000
v -92.7175 62.0000 36.3322
v -92.0428 62.0000 35.0080
v -90.9920 62.0000 33.9572
v -89.6678 62.0000 33.2825
v -88.2000 62.0000 33.0500
v -86.7322 62.0000 33.2825
v -85.4080 62.0000 33.9572
v -84.3572 62.0000 35.0080
v -83.6825 62.0000 36.3322
v -83.4500 998.0000 37.8000
v -83.6825 998.0000 39.2678
v -84.3572 998.0000 40.5920
v -85.4080 998.0000 41.6428
v -86.7322 998.0000 42.3175
v -88.2000 998.0000 42.5500
v -89.6678 998.0000 42.3175
v -90.9920 998.0000 41.6428
v -92.0428 998.0000 40.5920
v -92.7175 998.0000 39.2678
v -92.9500 998.0000 37.8000
v -92.7175 998.0000 36.3322
v -92.0428 998.0000 35.0080
v -90.9920 998.0000 33.9572
v -89.6678 998.0000 33.2825
v -88.2000 998.0000 33.0500
v -86.7322 998.0000 33.2825
v -85.4080 998.0000 33.9572
v -84.3572 998.0000 35.0080
v -83.6825 998.0000 36.3322
v -58.2500 62.0000 37.8000
v -58.4825 62.0000 39.2678
v -59.1572 62.0000 40.5920
v -60.2080 62.0000 41.6428
v -61.5322 62.0000 42.3175
v -63.0000 62.0000 42.5500
v -64.4678 62.0000 42.3175
v -65.7920 62.0000 41.6428
v -66.8428 62.0000 40.5920
v -67.5175 62.0000 39.2678
v -67.7500 62.0000 37.8000
v -67.5175 62.0000 36.3322
v -66.8428 62.0000 35.0080
v -65.7920 62.0000 33.9572
v -64.4678 62.0000 33.2825
v -63.0000 62.0000 33.0500
v -61.5322 62.0000 33.2825
v -60.2080 62.0000 33.9572
v -59.1572 62.0000 35.0080
v -58.4825 62.0000 36.3322
v -58.2500 998.0000 37.8000
v -58.4825 998.0000 39.2678
v -59.1572 998.0000 40.5920
v -60.2080 998.0000 41.6428
v -61.5322 998.0000 42.3175
v -63.0000 998.0000 42.5500
v -64.4678 998.0000 42.3175
v -65.7920 998.0000 41.6428
v -66.8428 998.0000 40.5920
v -67.5175 998.0000 39.2678
v -67.7500 998.0000 37.8000
v -67.5175 998.0000 36.3322
v -66.8428 998.0000 35.0080
v -65.7920 998.0000 33.9572
v -64.4678 998.0000 33.2825
v -63.0000 998.0000 33.0500
v -61.5322 998.0000 33.2825
v -60.2080 998.0000 33.9572
v -59.1572 998.0000 35.0080
v -58.4825 998.0000 36.3322
v -58.2500 62.0000 37.8000
v -58.4825 62.0000 39.2678
v -59.1572 62.0000 40.5920
v -60.2080 62.0000 41.6428
v -61.5322 62.0000 42.3175
v -63.0000 62.0000 42.5500
v -64.4678 62.0000 42.3175
v -65.7920 62.0000 41.6428
v -66.8428 62.0000 40.5920
v -67.5175 62.0000 39.2678
v -67.7500 62.0000 37.8000
v -67.5175 62.0000 36.3322
v -66.8428 62.0000 35.0080
v -65.7920 62.0000 33.9572
v -64.4678 62.0000 33.2825
v -63.0000 62.0000 33.0500
v -61.5322 62.0000 33.2825
v -60.2080 62.0000 33.9572
v -59.1572 62.0000 35.0080
v -58.4825 62.0000 36.3322
v -58.2500 998.0000 37.8000
v -58.4825 998.0000 39.2678
v -59.1572 998.0000 40.5920
v -60.2080 998.0000 41.6428
v -61.5322 998.0000 42.3175
v -63.0000 998.0000 42.5500
v -64.4678 998.0000 42.3175
v -65.7920 998.0000 41.6428
v -66.8428 998.0000 40.5920
v -67.5175 998.0000 39.2678
v -67.7500 998.0000 37.8000
v -67.5175 998.0000 36.3322
v -66.8428 998.0000 35.0080
v -65.7920 998.0000 33.9572
v -64.4678 998.0000 33.2825
v -63.0000 998.0000 33.0500
v -61.5322 998.0000 33.2825
v -60.2080 998.0000 33.9572
v -59.1572 998.0000 35.0080
v -58.4825 998.0000 36.3322
v -45.6500 62.0000 37.8000
v -45.8825 62.0000 39.2678
v -46.5572 62.0000 40.5920
v -47.6080 62.0000 41.6428
v -48.9322 62.0000 42.3175
v -50.4000 62.0000 42.5500
v -51.8678 62.0000 42.3175
v -53.1920 62.0000 41.6428
v -54.2428 62.0000 40.5920
v -54.9175 62.0000 39.2678
v -55.1500 62.0000 37.8000
v -54.9175 62.0000 36.3322
v -54.2428 62.0000 35.0080
v -53.1920 62.0000 33.9572
v -51.8678 62.0000 33.2825
v -50.4000 62.0000 33.0500
v -48.9322 62.0000 33.2825
v -47.6080 62.0000 33.9572
v -46.5572 62.0000 35.0080
v -45.8825 62.0000 36.3322
v -45.6500 998.0000 37.8000
v -45.8825 998.0000 39.2678
v -46.5572 998.0000 40.5920
v -47.6080 998.0000 41.6428
v -48.9322 998.0000 42.3175
v -50.4000 998.0000 42.5500
v -51.8678 998.0000 42.3175
v -53.1920 998.0000 41.6428
v -54.2428 998.0000 40.5920
v -54.9175 998.0000 39.2678
v -55.1500 998.0000 37.8000
v -54.9175 998.0000 36.3322
v -54.2428 998.0000 35.0080
v -53.1920 998.0000 33.9572
v -51.8678 998.0000 33.2825
v -50.4000 998.0000 33.0500
v -48.9322 998.0000 33.2825
v -47.6080 998.0000 33.9572
v -46.5572 998.0000 35.0080
v -45.8825 998.0000 36.3322
v -45.6500 62.0000 37.8000
v -45.8825 62.0000 39.2678
v -46.5572 62.0000 40.5920
v -47.6080 62.0000 41.6428
v -48.9322 62.0000 42.3175
v -50.4000 62.0000 42.5500
v -51.8678 62.0000 42.3175
v -53.1920 62.0000 41.6428
v -54.2428 62.0000 40.5920
v -54.9175 62.0000 39.2678
v -55.1500 62.0000 37.8000
v -54.9175 62.0000 36.3322
v -54.2428 62.0000 35.0080
v -53.1920 62.0000 33.9572
v -51.8678 62.0000 33.2825
v -50.4000 62.0000 33.0500
v -48.9322 62.0000 33.2825
v -47.6080 62.0000 33.9572
v -46.5572 62.0000 35.0080
v -45.8825 62.0000 36.3322
v -45.6500 998.0000 37.8000
v -45.8825 998.0000 39.2678
v -46.5572 998.0000 40.5920
v -47.6080 998.0000 41.6428
v -48.9322 998.0000 42.3175
v -50.4000 998.0000 42.5500
v -51.8678 998.0000 42.3175
v -53.1920 998.0000 41.6428
v -54.2428 998.0000 40.5920
v -54.9175 998.0000 39.2678
v -55.1500 998.0000 37.8000
v -54.9175 998.0000 36.3322
v -54.2428 998.0000 35.0080
v -53.1920 998.0000 33.9572
v -51.8678 998.0000 33.2825
v -50.4000 998.0000 33.0500
v -48.9322 998.0000 33.2825
v -47.6080 998.0000 33.9572
v -46.5572 998.0000 35.0080
v -45.8825 998.0000 36.3322
v -20.4500 62.0000 37.8000
v -20.6825 62.0000 39.2678
v -21.3572 62.0000 40.5920
v -22.4080 62.0000 41.6428
v -23.7322 62.0000 42.3175
v -25.2000 62.0000 42.5500
v -26.6678 62.0000 42.3175
v -27.9920 62.0000 41.6428
v -29.0428 62.0000 40.5920
v -29.7175 62.0000 39.2678
v -29.9500 62.0000 37.8000
v -29.7175 62.0000 36.3322
v -29.0428 62.0000 35.0080
v -27.9920 62.0000 33.9572
v -26.6678 62.0000 33.2825
v -25.2000 62.0000 33.0500
v -23.7322 62.0000 33.2825
v -22.4080 62.0000 33.9572
v -21.3572 62.0000 35.0080
v -20.6825 62.0000 36.3322
v -20.4500 998.0000 37.8000
v -20.6825 998.0000 39.2678
v -21.3572 998.0000 40.5920
v -22.4080 998.0000 41.6428
v -23.7322 998.0000 42.3175
v -25.2000 998.0000 42.5500
v -26.6678 998.0000 42.3175
v -27.9920 998.0000 41.6428
v -29.0428 998.0000 40.5920
v -29.7175 998.0000 39.2678
v -29.9500 998.0000 37.8000
v -29.7175 998.0000 36.3322
v -29.0428 998.0000 35.0080
v -27.9920 998.0000 33.9572
v -26.6678 998.0000 33.2825
v -25.2000 998.0000 33.0500
v -23.7322 998.0000 33.2825
v -22.4080 998.0000 33.9572
v -21.3572 998.0000 35.0080
v -20.6825 998.0000 36.3322
v -20.4500 62.0000 37.8000
v -20.6825 62.0000 39.2678
v -21.3572 62.0000 40.5920
v -22.4080 62.0000 41.6428
v -23.7322 62.0000 42.3175
v -25.2000 62.0000 42.5500
v -26.6678 62.0000 42.3175
v -27.9920 62.0000 41.6428
v -29.0428 62.0000 40.5920
v -29.7175 62.0000 39.2678
v -29.9500 62.0000 37.8000
v -29.7175 62.0000 36.3322
v -29.0428 62.0000 35.0080
v -27.9920 62.0000 33.9572
v -26.6678 62.0000 33.2825
v -25.2000 62.0000 33.0500
v -23.7322 62.0000 33.2825
v -22.4080 62.0000 33.9572
v -21.3572 62.0000 35.0080
v -20.6825 62.0000 36.3322
v -20.4500 998.0000 37.8000
v -20.6825 998.0000 39.2678
v -21.3572 998.0000 40.5920
v -22.4080 998.0000 41.6428
v -23.7322 998.0000 42.3175
v -25.2000 998.0000 42.5500
v -26.6678 998.0000 42.3175
v -27.9920 998.0000 41.6428
v -29.0428 998.0000 40.5920
v -29.7175 998.0000 39.2678
v -29.9500 998.0000 37.8000
v -29.7175 998.0000 36.3322
v -29.0428 998.0000 35.0080
v -27.9920 998.0000 33.9572
v -26.6678 998.0000 33.2825
v -25.2000 998.0000 33.0500
v -23.7322 998.0000 33.2825
v -22.4080 998.0000 33.9572
v -21.3572 998.0000 35.0080
v -20.6825 998.0000 36.3322
v -7.8500 62.0000 37.8000
v -8.0825 62.0000 39.2678
v -8.7572 62.0000 40.5920
v -9.8080 62.0000 41.6428
v -11.1322 62.0000 42.3175
v -12.6000 62.0000 42.5500
v -14.0678 62.0000 42.3175
v -15.3920 62.0000 41.6428
v -16.4428 62.0000 40.5920
v -17.1175 62.0000 39.2678
v -17.3500 62.0000 37.8000
v -17.1175 62.0000 36.3322
v -16.4428 62.0000 35.0080
v -15.3920 62.0000 33.9572
v -14.0678 62.0000 33.2825
v -12.6000 62.0000 33.0500
v -11.1322 62.0000 33.2825
v -9.8080 62.0000 33.9572
v -8.7572 62.0000 35.0080
v -8.0825 62.0000 36.3322
v -7.8500 998.0000 37.8000
v -8.0825 998.0000 39.2678
v -8.7572 998.0000 40.5920
v -9.8080 998.0000 41.6428
v -11.1322 998.0000 42.3175
v -12.6000 998.0000 42.5500
v -14.0678 998.0000 42.3175
v -15.3920 998.0000 41.6428
v -16.4428 998.0000 40.5920
v -17.1175 998.0000 39.2678
v -17.3500 998.0000 37.8000
v -17.1175 998.0000 36.3322
v -16.4428 998.0000 35.0080
v -15.3920 998.0000 33.9572
v -14.0678 998.0000 33.2825
v -12.6000 998.0000 33.0500
v -11.1322 998.0000 33.2825
v -9.8080 998.0000 33.9572
v -8.7572 998.0000 35.0080
v -8.0825 998.0000 36.3322
v -7.8500 62.0000 37.8000
v -8.0825 62.0000 39.2678
v -8.7572 62.0000 40.5920
v -9.8080 62.0000 41.6428
v -11.1322 62.0000 42.3175
v -12.6000 62.0000 42.5500
v -14.0678 62.0000 42.3175
v -15.3920 62.0000 41.6428
v -16.4428 62.0000 40.5920
v -17.1175 62.0000 39.2678
v -17.3500 62.0000 37.8000
v -17.1175 62.0000 36.3322
v -16.4428 62.0000 35.0080
v -15.3920 62.0000 33.9572
v -14.0678 62.0000 33.2825
v -12.6000 62.0000 33.0500
v -11.1322 62.0000 33.2825
v -9.8080 62.0000 33.9572
v -8.7572 62.0000 35.0080
v -8.0825 62.0000 36.3322
v -7.8500 998.0000 37.8000
v -8.0825 998.0000 39.2678
v -8.7572 998.0000 40.5920
v -9.8080 998.0000 41.6428
v -11.1322 998.0000 42.3175
v -12.6000 998.0000 42.5500
v -14.0678 998.0000 42.3175
v -15.3920 998.0000 41.6428
v -16.4428 998.0000 40.5920
v -17.1175 998.0000 39.2678
v -17.3500 998.0000 37.8000
v -17.1175 998.0000 36.3322
v -16.4428 998.0000 35.0080
v -15.3920 998.0000 33.9572
v -14.0678 998.0000 33.2825
v -12.6000 998.0000 33.0500
v -11.1322 998.0000 33.2825
v -9.8080 998.0000 33.9572
v -8.7572 998.0000 35.0080
v -8.0825 998.0000 36.3322
v 17.3500 62.0000 37.8000
v 17.1175 62.0000 39.2678
v 16.4428 62.0000 40.5920
v 15.3920 62.0000 41.6428
v 14.0678 62.0000 42.3175
v 12.6000 62.0000 42.5500
v 11.1322 62.0000 42.3175
v 9.8080 62.0000 41.6428
v 8.7572 62.0000 40.5920
v 8.0825 62.0000 39.2678
v 7.8500 62.0000 37.8000
v 8.0825 62.0000 36.3322
v 8.7572 62.0000 35.0080
v 9.8080 62.0000 33.9572
v 11.1322 62.0000 33.2825
v 12.6000 62.0000 33.0500
v 14.0678 62.0000 33.2825
v 15.3920 62.0000 33.9572
v 16.4428 62.0000 35.0080
v 17.1175 62.0000 36.3322
v 17.3500 998.0000 37.8000
v 17.1175 998.0000 39.2678
v 16.4428 998.0000 40.5920
v 15.3920 998.0000 41.6428
v 14.0678 998.0000 42.3175
v 12.6000 998.0000 42.5500
v 11.1322 998.0000 42.3175
v 9.8080 998.0000 41.6428
v 8.7572 998.0000 40.5920
v 8.0825 998.0000 39.2678
v 7.8500 998.0000 37.8000
v 8.0825 998.0000 36.3322
v 8.7572 998.0000 35.0080
v 9.8080 998.0000 33.9572
v 11.1322 998.0000 33.2825
v 12.6000 998.0000 33.0500
v 14.0678 998.0000 33.2825
v 15.3920 998.0000 33.9572
v 16.4428 998.0000 35.0080
v 17.1175 998.0000 36.3322
v 17.3500 62.0000 37.8000
v 17.1175 62.0000 39.2678
v 16.4428 62.0000 40.5920
v 15.3920 62.0000 41.6428
v 14.0678 62.0000 42.3175
v 12.6000 62.0000 42.5500
v 11.1322 62.0000 42.3175
v 9.8080 62.0000 41.6428
v 8.7572 62.0000 40.5920
v 8.0825 62.0000 39.2678
v 7.8500 62.0000 37.8000
v 8.0825 62.0000 36.3322
v 8.7572 62.0000 35.0080
v 9.8080 62.0000 33.9572
v 11.1322 62.0000 33.2825
v 12.6000 62.0000 33.0500
v 14.0678 62.0000 33.2825
v 15.3920 62.0000 33.9572
v 16.4428 62.0000 35.0080
v 17.1175 62.0000 36.3322
v 17.3500 998.0000 37.8000
v 17.1175 998.0000 39.2678
v 16.4428 998.0000 40.5920
v 15.3920 998.0000 41.6428
v 14.0678 998.0000 42.3175
v 12.6000 998.0000 42.5500
v 11.1322 998.0000 42.3175
v 9.8080 998.0000 41.6428
v 8.7572 998.0000 40.5920
v 8.0825 998.0000 39.2678
v 7.8500 998.0000 37.8000
v 8.0825 998.0000 36.3322
v 8.7572 998.0000 35.0080
v 9.8080 998.0000 33.9572
v 11.1322 998.0000 33.2825
v 12.6000 998.0000 33.0500
v 14.0678 998.0000 33.2825
v 15.3920 998.0000 33.9572
v 16.4428 998.0000 35.0080
v 17.1175 998.0000 36.3322
v 29.9500 62.0000 37.8000
v 29.7175 62.0000 39.2678
v 29.0428 62.0000 40.5920
v 27.9920 62.0000 41.6428
v 26.6678 62.0000 42.3175
v 25.2000 62.0000 42.5500
v 23.7322 62.0000 42.3175
v 22.4080 62.0000 41.6428
v 21.3572 62.0000 40.5920
v 20.6825 62.0000 39.2678
v 20.4500 62.0000 37.8000
v 20.6825 62.0000 36.3322
v 21.3572 62.0000 35.0080
v 22.4080 62.0000 33.9572
v 23.7322 62.0000 33.2825
v 25.2000 62.0000 33.0500
v 26.6678 62.0000 33.2825
v 27.9920 62.0000 33.9572
v 29.0428 62.0000 35.0080
v 29.7175 62.0000 36.3322
v 29.9500 998.0000 37.8000
v 29.7175 998.0000 39.2678
v 29.0428 998.0000 40.5920
v 27.9920 998.0000 41.6428
v 26.6678 998.0000 42.3175
v 25.2000 998.0000 42.5500
v 23.7322 998.0000 42.3175
v 22.4080 998.0000 41.6428
v 21.3572 998.0000 40.5920
v 20.6825 998.0000 39.2678
v 20.4500 998.0000 37.8000
v 20.6825 998.0000 36.3322
v 21.3572 998.0000 35.0080
v 22.4080 998.0000 33.9572
v 23.7322 998.0000 33.2825
v 25.2000 998.0000 33.0500
v 26.6678 998.0000 33.2825
v 27.9920 998.0000 33.9572
v 29.0428 998.0000 35.0080
v 29.7175 998.0000 36.3322
v 29.9500 62.0000 37.8000
v 29.7175 62.0000 39.2678
v 29.0428 62.0000 40.5920
v 27.9920 62.0000 41.6428
v 26.6678 62.0000 42.3175
v 25.2000 62.0000 42.5500
v 23.7322 62.0000 42.3175
v 22.4080 62.0000 41.6428
v 21.3572 62.0000 40.5920
v 20.6825 62.0000 39.2678
v 20.4500 62.0000 37.8000
v 20.6825 62.0000 36.3322
v 21.3572 62.0000 35.0080
v 22.4080 62.0000 33.9572
v 23.7322 62.0000 33.2825
v 25.2000 62.0000 33.0500
v 26.6678 62.0000 33.2825
v 27.9920 62.0000 33.9572
v 29.0428 62.0000 35.0080
v 29.7175 62.0000 36.3322
v 29.9500 998.0000 37.8000
v 29.7175 998.0000 39.2678
v 29.0428 998.0000 40.5920
v 27.9920 998.0000 41.6428
v 26.6678 998.0000 42.3175
v 25.2000 998.0000 42.5500
v 23.7322 998.0000 42.3175
v 22.4080 998.0000 41.6428
v 21.3572 998.0000 40.5920
v 20.6825 998.0000 39.2678
v 20.4500 998.0000 37.8000
v 20.6825 998.0000 36.3322
v 21.3572 998.0000 35.0080
v 22.4080 998.0000 33.9572
v 23.7322 998.0000 33.2825
v 25.2000 998.0000 33.0500
v 26.6678 998.0000 33.2825
v 27.9920 998.0000 33.9572
v 29.0428 998.0000 35.0080
v 29.7175 998.0000 36.3322
v 55.1500 62.0000 37.8000
v 54.9175 62.0000 39.2678
v 54.2428 62.0000 40.5920
v 53.1920 62.0000 41.6428
v 51.8678 62.0000 42.3175
v 50.4000 62.0000 42.5500
v 48.9322 62.0000 42.3175
v 47.6080 62.0000 41.6428
v 46.5572 62.0000 40.5920
v 45.8825 62.0000 39.2678
v 45.6500 62.0000 37.8000
v 45.8825 62.0000 36.3322
v 46.5572 62.0000 35.0080
v 47.6080 62.0000 33.9572
v 48.9322 62.0000 33.2825
v 50.4000 62.0000 33.0500
v 51.8678 62.0000 33.2825
v 53.1920 62.0000 33.9572
v 54.2428 62.0000 35.0080
v 54.9175 62.0000 36.3322
v 55.1500 998.0000 37.8000
v 54.9175 998.0000 39.2678
v 54.2428 998.0000 40.5920
v 53.1920 998.0000 41.6428
v 51.8678 998.0000 42.3175
v 50.4000 998.0000 42.5500
v 48.9322 998.0000 42.3175
v 47.6080 998.0000 41.6428
v 46.5572 998.0000 40.5920
v 45.8825 998.0000 39.2678
v 45.6500 998.0000 37.8000
v 45.8825 998.0000 36.3322
v 46.5572 998.0000 35.0080
v 47.6080 998.0000 33.9572
v 48.9322 998.0000 33.2825
v 50.4000 998.0000 33.0500
v 51.8678 998.0000 33.2825
v 53.1920 998.0000 33.9572
v 54.2428 998.0000 35.0080
v 54.9175 998.0000 36.3322
v 55.1500 62.0000 37.8000
v 54.9175 62.0000 39.2678
v 54.2428 62.0000 40.5920
v 53.1920 62.0000 41.6428
v 51.8678 62.0000 42.3175
v 50.4000 62.0000 42.5500
v 48.9322 62.0000 42.3175
v 47.6080 62.0000 41.6428
v 46.5572 62.0000 40.5920
v 45.8825 62.0000 39.2678
v 45.6500 62.0000 37.8000
v 45.8825 62.0000 36.3322
v 46.5572 62.0000 35.0080
v 47.6080 62.0000 33.9572
v 48.9322 62.0000 33.2825
v 50.4000 62.0000 33.0500
v 51.8678 62.0000 33.2825
v 53.1920 62.0000 33.9572
v 54.2428 62.0000 35.0080
v 54.9175 62.0000 36.3322
v 55.1500 998.0000 37.8000
v 54.9175 998.0000 39.2678
v 54.2428 998.0000 40.5920
v 53.1920 998.0000 41.6428
v 51.8678 998.0000 42.3175
v 50.4000 998.0000 42.5500
v 48.9322 998.0000 42.3175
v 47.6080 998.0000 41.6428
v 46.5572 998.0000 40.5920
v 45.8825 998.0000 39.2678
v 45.6500 998.0000 37.8000
v 45.8825 998.0000 36.3322
v 46.5572 998.0000 35.0080
v 47.6080 998.0000 33.9572
v 48.9322 998.0000 33.2825
v 50.4000 998.0000 33.0500
v 51.8678 998.0000 33.2825
v 53.1920 998.0000 33.9572
v 54.2428 998.0000 35.0080
v 54.9175 998.0000 36.3322
v 67.7500 62.0000 37.8000
v 67.5175 62.0000 39.2678
v 66.8428 62.0000 40.5920
v 65.7920 62.0000 41.6428
v 64.4678 62.0000 42.3175
v 63.0000 62.0000 42.5500
v 61.5322 62.0000 42.3175
v 60.2080 62.0000 41.6428
v 59.1572 62.0000 40.5920
v 58.4825 62.0000 39.2678
v 58.2500 62.0000 37.8000
v 58.4825 62.0000 36.3322
v 59.1572 62.0000 35.0080
v 60.2080 62.0000 33.9572
v 61.5322 62.0000 33.2825
v 63.0000 62.0000 33.0500
v 64.4678 62.0000 33.2825
v 65.7920 62.0000 33.9572
v 66.8428 62.0000 35.0080
v 67.5175 62.0000 36.3322
v 67.7500 998.0000 37.8000
v 67.5175 998.0000 39.2678
v 66.8428 998.0000 40.5920
v 65.7920 998.0000 41.6428
v 64.4678 998.0000 42.3175
v 63.0000 998.0000 42.5500
v 61.5322 998.0000 42.3175
v 60.2080 998.0000 41.6428
v 59.1572 998.0000 40.5920
v 58.4825 998.0000 39.2678
v 58.2500 998.0000 37.8000
v 58.4825 998.0000 36.3322
v 59.1572 998.0000 35.0080
v 60.2080 998.0000 33.9572
v 61.5322 998.0000 33.2825
v 63.0000 998.0000 33.0500
v 64.4678 998.0000 33.2825
v 65.7920 998.0000 33.9572
v 66.8428 998.0000 35.0080
v 67.5175 998.0000 36.3322
v 67.7500 62.0000 37.8000
v 67.5175 62.0000 39.2678
v 66.8428 62.0000 40.5920
v 65.7920 62.0000 41.6428
v 64.4678 62.0000 42.3175
v 63.0000 62.0000 42.5500
v 61.5322 62.0000 42.3175
v 60.2080 62.0000 41.6428
v 59.1572 62.0000 40.5920
v 58.4825 62.0000 39.2678
v 58.2500 62.0000 37.8000
v 58.4825 62.0000 36.3322
v 59.1572 62.0000 35.0080
v 60.2080 62.0000 33.9572
v 61.5322 62.0000 33.2825
v 63.0000 62.0000 33.0500
v 64.4678 62.0000 33.2825
v 65.7920 62.0000 33.9572
v 66.8428 62.0000 35.0080
v 67.5175 62.0000 36.3322
v 67.7500 998.0000 37.8000
v 67.5175 998.0000 39.2678
v 66.8428 998.0000 40.5920
v 65.7920 998.0000 41.6428
v 64.4678 998.0000 42.3175
v 63.0000 998.0000 42.5500
v 61.5322 998.0000 42.3175
v 60.2080 998.0000 41.6428
v 59.1572 998.0000 40.5920
v 58.4825 998.0000 39.2678
v 58.2500 998.0000 37.8000
v 58.4825 998.0000 36.3322
v 59.1572 998.0000 35.0080
v 60.2080 998.0000 33.9572
v 61.5322 998.0000 33.2825
v 63.0000 998.0000 33.0500
v 64.4678 998.0000 33.2825
v 65.7920 998.0000 33.9572
v 66.8428 998.0000 35.0080
v 67.5175 998.0000 36.3322
v 92.9500 62.0000 37.8000
v 92.7175 62.0000 39.2678
v 92.0428 62.0000 40.5920
v 90.9920 62.0000 41.6428
v 89.6678 62.0000 42.3175
v 88.2000 62.0000 42.5500
v 86.7322 62.0000 42.3175
v 85.4080 62.0000 41.6428
v 84.3572 62.0000 40.5920
v 83.6825 62.0000 39.2678
v 83.4500 62.0000 37.8000
v 83.6825 62.0000 36.3322
v 84.3572 62.0000 35.0080
v 85.4080 62.0000 33.9572
v 86.7322 62.0000 33.2825
v 88.2000 62.0000 33.0500
v 89.6678 62.0000 33.2825
v 90.9920 62.0000 33.9572
v 92.0428 62.0000 35.0080
v 92.7175 62.0000 36.3322
v 92.9500 998.0000 37.8000
v 92.7175 998.0000 39.2678
v 92.0428 998.0000 40.5920
v 90.9920 998.0000 41.6428
v 89.6678 998.0000 42.3175
v 88.2000 998.0000 42.5500
v 86.7322 998.0000 42.3175
v 85.4080 998.0000 41.6428
v 84.3572 998.0000 40.5920
v 83.6825 998.0000 39.2678
v 83.4500 998.0000 37.8000
v 83.6825 998.0000 36.3322
v 84.3572 998.0000 35.0080
v 85.4080 998.0000 33.9572
v 86.7322 998.0000 33.2825
v 88.2000 998.0000 33.0500
v 89.6678 998.0000 33.2825
v 90.9920 998.0000 33.9572
v 92.0428 998.0000 35.0080
v 92.7175 998.0000 36.3322
v 92.9500 62.0000 37.8000
v 92.7175 62.0000 39.2678
v 92.0428 62.0000 40.5920
v 90.9920 62.0000 41.6428
v 89.6678 62.0000 42.3175
v 88.2000 62.0000 42.5500
v 86.7322 62.0000 42.3175
v 85.4080 62.0000 41.6428
v 84.3572 62.0000 40.5920
v 83.6825 62.0000 39.2678
v 83.4500 62.0000 37.8000
v 83.6825 62.0000 36.3322
v 84.3572 62.0000 35.0080
v 85.4080 62.0000 33.9572
v 86.7322 62.0000 33.2825
v 88.2000 62.0000 33.0500
v 89.6678 62.0000 33.2825
v 90.9920 62.0000 33.9572
v 92.0428 62.0000 35.0080
v 92.7175 62.0000 36.3322
v 92.9500 998.0000 37.8000
v 92.7175 998.0000 39.2678
v 92.0428 998.0000 40.5920
v 90.9920 998.0000 41.6428
v 89.6678 998.0000 42.3175
v 88.2000 998.0000 42.5500
v 86.7322 998.0000 42.3175
v 85.4080 998.0000 41.6428
v 84.3572 998.0000 40.5920
v 83.6825 998.0000 39.2678
v 83.4500 998.0000 37.8000
v 83.6825 998.0000 36.3322
v 84.3572 998.0000 35.0080
v 85.4080 998.0000 33.9572
v 86.7322 998.0000 33.2825
v 88.2000 998.0000 33.0500
v 89.6678 998.0000 33.2825
v 90.9920 998.0000 33.9572
v 92.0428 998.0000 35.0080
v 92.7175 998.0000 36.3322
v 105.5500 62.0000 37.8000
v 105.3175 62.0000 39.2678
v 104.6428 62.0000 40.5920
v 103.5920 62.0000 41.6428
v 102.2678 62.0000 42.3175
v 100.8000 62.0000 42.5500
v 99.3322 62.0000 42.3175
v 98.0080 62.0000 41.6428
v 96.9572 62.0000 40.5920
v 96.2825 62.0000 39.2678
v 96.0500 62.0000 37.8000
v 96.2825 62.0000 36.3322
v 96.9572 62.0000 35.0080
v 98.0080 62.0000 33.9572
v 99.3322 62.0000 33.2825
v 100.8000 62.0000 33.0500
v 102.2678 62.0000 33.2825
v 103.5920 62.0000 33.9572
v 104.6428 62.0000 35.0080
v 105.3175 62.0000 36.3322
v 105.5500 998.0000 37.8000
v 105.3175 998.0000 39.2678
v 104.6428 998.0000 40.5920
v 103.5920 998.0000 41.6428
v 102.2678 998.0000 42.3175
v 100.8000 998.0000 42.5500
v 99.3322 998.0000 42.3175
v 98.0080 998.0000 41.6428
v 96.9572 998.0000 40.5920
v 96.2825 998.0000 39.2678
v 96.0500 998.0000 37.8000
v 96.2825 998.0000 36.3322
v 96.9572 998.0000 35.0080
v 98.0080 998.0000 33.9572
v 99.3322 998.0000 33.2825
v 100.8000 998.0000 33.0500
v 102.2678 998.0000 33.2825
v 103.5920 998.0000 33.9572
v 104.6428 998.0000 35.0080
v 105.3175 998.0000 36.3322
v 105.5500 62.0000 37.8000
v 105.3175 62.0000 39.2678
v 104.6428 62.0000 40.5920
v 103.5920 62.0000 41.6428
v 102.2678 62.0000 42.3175
v 100.8000 62.0000 42.5500
v 99.3322 62.0000 42.3175
v 98.0080 62.0000 41.6428
v 96.9572 62.0000 40.5920
v 96.2825 62.0000 39.2678
v 96.0500 62.0000 37.8000
v 96.2825 62.0000 36.3322
v 96.9572 62.0000 35.0080
v 98.0080 62.0000 33.9572
v 99.3322 62.0000 33.2825
v 100.8000 62.0000 33.0500
v 102.2678 62.0000 33.2825
v 103.5920 62.0000 33.9572
v 104.6428 62.0000 35.0080
v 105.3175 62.0000 36.3322
v 105.5500 998.0000 37.8000
v 105.3175 998.0000 39.2678
v 104.6428 998.0000 40.5920
v 103.5920 998.0000 41.6428
v 102.2678 998.0000 42.3175
v 100.8000 998.0000 42.5500
v 99.3322 998.0000 42.3175
v 98.0080 998.0000 41.6428
v 96.9572 998.0000 40.5920
v 96.2825 998.0000 39.2678
v 96.0500 998.0000 37.8000
v 96.2825 998.0000 36.3322
v 96.9572 998.0000 35.0080
v 98.0080 998.0000 33.9572
v 99.3322 998.0000 33.2825
v 100.8000 998.0000 33.0500
v 102.2678 998.0000 33.2825
v 103.5920 998.0000 33.9572
v 104.6428 998.0000 35.0080
v 105.3175 998.0000 36.3322
v -96.0500 62.0000 50.4000
v -96.2825 62.0000 51.8678
v -96.9572 62.0000 53.1920
v -98.0080 62.0000 54.2428
v -99.3322 62.0000 54.9175
v -100.8000 62.0000 55.1500
v -102.2678 62.0000 54.9175
v -103.5920 62.0000 54.2428
v -104.6428 62.0000 53.1920
v -105.3175 62.0000 51.8678
v -105.5500 62.0000 50.4000
v -105.3175 62.0000 48.9322
v -104.6428 62.0000 47.6080
v -103.5920 62.0000 46.5572
v -102.2678 62.0000 45.8825
v -100.8000 62.0000 45.6500
v -99.3322 62.0000 45.8825
v -98.0080 62.0000 46.5572
v -96.9572 62.0000 47.6080
v -96.2825 62.0000 48.9322
v -96.0500 998.0000 50.4000
v -96.2825 998.0000 51.8678
v -96.9572 998.0000 53.1920
v -98.0080 998.0000 54.2428
v -99.3322 998.0000 54.9175
v -100.8000 998.0000 55.1500
v -102.2678 998.0000 54.9175
v -103.5920 998.0000 54.2428
v -104.6428 998.0000 53.1920
v -105.3175 998.0000 51.8678
v -105.5500 998.0000 50.4000
v -105.3175 998.0000 48.9322
v -104.6428 998.0000 47.6080
v -103.5920 998.0000 46.5572
v -102.2678 998.0000 45.8825
v -100.8000 998.0000 45.6500
v -99.3322 998.0000 45.8825
v -98.0080 998.0000 46.5572
v -96.9572 998.0000 47.6080
v -96.2825 998.0000 48.9322
v -96.0500 62.0000 50.4000
v -96.2825 62.0000 51.8678
v -96.9572 62.0000 53.1920
v -98.0080 62.0000 54.2428
v -99.3322 62.0000 54.9175
v -100.8000 62.0000 55.1500
v -102.2678 62.0000 54.9175
v -103.5920 62.0000 54.2428
v -104.6428 62.0000 53.1920
v -105.3175 62.0000 51.8678
v -105.5500 62.0000 50.4000
v -105.3175 62.0000 48.9322
v -104.6428 62.0000 47.6080
v -103.5920 62.0000 46.5572
v -102.2678 62.0000 45.8825
v -100.8000 62.0000 45.6500
v -99.3322 62.0000 45.8825
v -98.0080 62.0000 46.5572
v -96.9572 62.0000 47.6080
v -96.2825 62.0000 48.9322
v -96.0500 998.0000 50.4000
v -96.2825 998.0000 51.8678
v -96.9572 998.0000 53.1920
v -98.0080 998.0000 54.2428
v -99.3322 998.0000 54.9175
v -100.8000 998.0000 55.1500
v -102.2678 998.0000 54.9175
v -103.5920 998.0000 54.2428
v -104.6428 998.0000 53.1920
v -105.3175 998.0000 51.8678
v -105.5500 998.0000 50.4000
v -105.3175 998.0000 48.9322
v -104.6428 998.0000 47.6080
v -103.5920 998.0000 46.5572
v -102.2678 998.0000 45.8825
v -100.8000 998.0000 45.6500
v -99.3322 998.0000 45.8825
v -98.0080 998.0000 46.5572
v -96.9572 998.0000 47.6080
v -96.2825 998.0000 48.9322
v -83.4500 62.0000 50.4000
v -83.6825 62.0000 51.8678
v -84.3572 62.0000 53.1920
v -85.4080 62.0000 54.2428
v -86.7322 62.0000 54.9175
v -88.2000 62.0000 55.1500
v -89.6678 62.0000 54.9175
v -90.9920 62.0000 54.2428
v -92.0428 62.0000 53.1920
v -92.7175 62.0000 51.8678
v -92.9500 62.0000 50.4000
v -92.7175 62.0000 48.9322
v -92.0428 62.0000 47.6080
v -90.9920 62.0000 46.5572
v -89.6678 62.0000 45.8825
v -88.2000 62.0000 45.6500
v -86.7322 62.0000 45.8825
v -85.4080 62.0000 46.5572
v -84.3572 62.0000 47.6080
v -83.6825 62.0000 48.9322
v -83.4500 998.0000 50.4000
v -83.6825 998.0000 51.8678
v -84.3572 998.0000 53.1920
v -85.4080 998.0000 54.2428
v -86.7322 998.0000 54.9175
v -88.2000 998.0000 55.1500
v -89.6678 998.0000 54.9175
v -90.9920 998.0000 54.2428
v -92.0428 998.0000 53.1920
v -92.7175 998.0000 51.8678
v -92.9500 998.0000 50.4000
v -92.7175 998.0000 48.9322
v -92.0428 998.0000 47.6080
v -90.9920 998.0000 46.5572
v -89.6678 998.0000 45.8825
v -88.2000 998.0000 45.6500
v -86.7322 998.0000 45.8825
v -85.4080 998.0000 46.5572
v -84.3572 998.0000 47.6080
v -83.6825 998.0000 48.9322
v -83.4500 62.0000 50.4000
v -83.6825 62.0000 51.8678
v -84.3572 62.0000 53.1920
v -85.4080 62.0000 54.2428
v -86.7322 62.0000 54.9175
v -88.2000 62.0000 55.1500
v -89.6678 62.0000 54.9175
v -90.9920 62.0000 54.2428
v -92.0428 62.0000 53.1920
v -92.7175 62.0000 51.8678
v -92.9500 62.0000 50.4000
v -92.7175 62.0000 48.9322
v -92.0428 62.0000 47.6080
v -90.9920 62.0000 46.5572
v -89.6678 62.0000 45.8825
v -88.2000 62.0000 45.6500
v -86.7322 62.0000 45.8825
v -85.4080 62.0000 46.5572
v -84.3572 62.0000 47.6080
v -83.6825 62.0000 48.9322
v -83.4500 998.0000 50.4000
v -83.6825 998.0000 51.8678
v -84.3572 998.0000 53.1920
v -85.4080 998.0000 54.2428
v -86.7322 998.0000 54.9175
v -88.2000 998.0000 55.1500
v -89.6678 998.0000 54.9175
v -90.9920 998.0000 54.2428
v -92.0428 998.0000 53.1920
v -92.7175 998.0000 51.8678
v -92.9500 998.0000 50.4000
v -92.7175 998.0000 48.9322
v -92.0428 998.0000 47.6080
v -90.9920 998.0000 46.5572
v -89.6678 998.0000 45.8825
v -88.2000 998.0000 45.6500
v -86.7322 998.0000 45.8825
v -85.4080 998.0000 46.5572
v -84.3572 998.0000 47.6080
v -83.6825 998.0000 48.9322
v -70.8500 62.0000 50.4000
v -71.0825 62.0000 51.8678
v -71.7572 62.0000 53.1920
v -72.8080 62.0000 54.2428
v -74.1322 62.0000 54.9175
v -75.6000 62.0000 55.1500
v -77.0678 62.0000 54.9175
v -78.3920 62.0000 54.2428
v -79.4428 62.0000 53.1920
v -80.1175 62.0000 51.8678
v -80.3500 62.0000 50.4000
v -80.1175 62.0000 48.9322
v -79.4428 62.0000 47.6080
v -78.3920 62.0000 46.5572
v -77.0678 62.0000 45.8825
v -75.6000 62.0000 45.6500
v -74.1322 62.0000 45.8825
v -72.8080 62.0000 46.5572
v -71.7572 62.0000 47.6080
v -71.0825 62.0000 48.9322
v -70.8500 998.0000 50.4000
v -71.0825 998.0000 51.8678
v -71.7572 998.0000 53.1920
v -72.8080 998.0000 54.2428
v -74.1322 998.0000 54.9175
v -75.6000 998.0000 55.1500
v -77.0678 998.0000 54.9175
v -78.3920 998.0000 54.2428
v -79.4428 998.0000 53.1920
v -80.1175 998.0000 51.8678
v -80.3500 998.0000 50.4000
v -80.1175 998.0000 48.9322
v -79.4428 998.0000 47.6080
v -78.3920 998.0000 46.5572
v -77.0678 998.0000 45.8825
v -75.6000 998.0000 45.6500
v -74.1322 998.0000 45.8825
v -72.8080 998.0000 46.5572
v -71.7572 998.0000 47.6080
v -71.0825 998.0000 48.9322
v -70.8500 62.0000 50.4000
v -71.0825 62.0000 51.8678
v -71.7572 62.0000 53.1920
v -72.8080 62.0000 54.2428
v -74.1322 62.0000 54.9175
v -75.6000 62.0000 55.1500
v -77.0678 62.0000 54.9175
v -78.3920 62.0000 54.2428
v -79.4428 62.0000 53.1920
v -80.1175 62.0000 51.8678
v -80.3500 62.0000 50.4000
v -80.1175 62.0000 48.9322
v -79.4428 62.0000 47.6080
v -78.3920 62.0000 46.5572
v -77.0678 62.0000 45.8825
v -75.6000 62.0000 45.6500
v -74.1322 62.0000 45.8825
v -72.8080 62.0000 46.5572
v -71.7572 62.0000 47.6080
v -71.0825 62.0000 48.9322
v -70.8500 998.0000 50.4000
v -71.0825 998.0000 51.8678
v -71.7572 998.0000 53.1920
v -72.8080 998.0000 54.2428
v -74.1322 998.0000 54.9175
v -75.6000 998.0000 55.1500
v -77.0678 998.0000 54.9175
v -78.3920 998.0000 54.2428
v -79.4428 998.0000 53.1920
v -80.1175 998.0000 51.8678
v -80.3500 998.0000 50.4000
v -80.1175 998.0000 48.9322
v -79.4428 998.0000 47.6080
v -78.3920 998.0000 46.5572
v -77.0678 998.0000 45.8825
v -75.6000 998.0000 45.6500
v -74.1322 998.0000 45.8825
v -72.8080 998.0000 46.5572
v -71.7572 998.0000 47.6080
v -71.0825 998.0000 48.9322
v -58.2500 62.0000 50.4000
v -58.4825 62.0000 51.8678
v -59.1572 62.0000 53.1920
v -60.2080 62.0000 54.2428
v -61.5322 62.0000 54.9175
v -63.0000 62.0000 55.1500
v -64.4678 62.0000 54.9175
v -65.7920 62.0000 54.2428
v -66.8428 62.0000 53.1920
v -67.5175 62.0000 51.8678
v -67.7500 62.0000 50.4000
v -67.5175 62.0000 48.9322
v -66.8428 62.0000 47.6080
v -65.7920 62.0000 46.5572
v -64.4678 62.0000 45.8825
v -63.0000 62.0000 45.6500
v -61.5322 62.0000 45.8825
v -60.2080 62.0000 46.5572
v -59.1572 62.0000 47.6080
v -58.4825 62.0000 48.9322
v -58.2500 998.0000 50.4000
v -58.4825 998.0000 51.8678
v -59.1572 998.0000 53.1920
v -60.2080 998.0000 54.2428
v -61.5322 998.0000 54.9175
v -63.0000 998.0000 55.1500
v -64.4678 998.0000 54.9175
v -65.7920 998.0000 54.2428
v -66.8428 998.0000 53.1920
v -67.5175 998.0000 51.8678
v -67.7500 998.0000 50.4000
v -67.5175 998.0000 48.9322
v -66.8428 998.0000 47.6080
v -65.7920 998.0000 46.5572
v -64.4678 998.0000 45.8825
v -63.0000 998.0000 45.6500
v -61.5322 998.0000 45.8825
v -60.2080 998.0000 46.5572
v -59.1572 998.0000 47.6080
v -58.4825 998.0000 48.9322
v -58.2500 62.0000 50.4000
v -58.4825 62.0000 51.8678
v -59.1572 62.0000 53.1920
v -60.2080 62.0000 54.2428
v -61.5322 62.0000 54.9175
v -63.0000 62.0000 55.1500
v -64.4678 62.0000 54.9175
v -65.7920 62.0000 54.2428
v -66.8428 62.0000 53.1920
v -67.5175 62.0000 51.8678
v -67.7500 62.0000 50.4000
v -67.5175 62.0000 48.9322
v -66.8428 62.0000 47.6080
v -65.7920 62.0000 46.5572
v -64.4678 62.0000 45.8825
v -63.0000 62.0000 45.6500
v -61.5322 62.0000 45.8825
v -60.2080 62.0000 46.5572
v -59.1572 62.0000 47.6080
v -58.4825 62.0000 48.9322
v -58.2500 998.0000 50.4000
v -58.4825 998.0000 51.8678
v -59.1572 998.0000 53.1920
v -60.2080 998.0000 54.2428
v -61.5322 998.0000 54.9175
v -63.0000 998.0000 55.1500
v -64.4678 998.0000 54.9175
v -65.7920 998.0000 54.2428
v -66.8428 998.0000 53.1920
v -67.5175 998.0000 51.8678
v -67.7500 998.0000 50.4000
v -67.5175 998.0000 48.9322
v -66.8428 998.0000 47.6080
v -65.7920 998.0000 46.5572
v -64.4678 998.0000 45.8825
v -63.0000 998.0000 45.6500
v -61.5322 998.0000 45.8825
v -60.2080 998.0000 46.5572
v -59.1572 998.0000 47.6080
v -58.4825 998.0000 48.9322
v -45.6500 62.0000 50.4000
v -45.8825 62.0000 51.8678
v -46.5572 62.0000 53.1920
v -47.6080 62.0000 54.2428
v -48.9322 62.0000 54.9175
v -50.4000 62.0000 55.1500
v -51.8678 62.0000 54.9175
v -53.1920 62.0000 54.2428
v -54.2428 62.0000 53.1920
v -54.9175 62.0000 51.8678
v -55.1500 62.0000 50.4000
v -54.9175 62.0000 48.9322
v -54.2428 62.0000 47.6080
v -53.1920 62.0000 46.5572
v -51.8678 62.0000 45.8825
v -50.4000 62.0000 45.6500
v -48.9322 62.0000 45.8825
v -47.6080 62.0000 46.5572
v -46.5572 62.0000 47.6080
v -45.8825 62.0000 48.9322
v -45.6500 998.0000 50.4000
v -45.8825 998.0000 51.8678
v -46.5572 998.0000 53.1920
v -47.6080 998.0000 54.2428
v -48.9322 998.0000 54.9175
v -50.4000 998.0000 55.1500
v -51.8678 998.0000 54.9175
v -53.1920 998.0000 54.2428
v -54.2428 998.0000 53.1920
v -54.9175 998.0000 51.8678
v -55.1500 998.0000 50.4000
v -54.9175 998.0000 48.9322
v -54.2428 998.0000 47.6080
v -53.1920 998.0000 46.5572
v -51.8678 998.0000 45.8825
v -50.4000 998.0000 45.6500
v -48.9322 998.0000 45.8825
v -47.6080 998.0000 46.5572
v -46.5572 998.0000 47.6080
v -45.8825 998.0000 48.9322
v -45.6500 62.0000 50.4000
v -45.8825 62.0000 51.8678
v -46.5572 62.0000 53.1920
v -47.6080 62.0000 54.2428
v -48.9322 62.0000 54.9175
v -50.4000 62.0000 55.1500
v -51.8678 62.0000 54.9175
v -53.1920 62.0000 54.2428
v -54.2428 62.0000 53.1920
v -54.9175 62.0000 51.8678
v -55.1500 62.0000 50.4000
v -54.9175 62.0000 48.9322
v -54.2428 62.0000 47.6080
v -53.1920 62.0000 46.5572
v -51.8678 62.0000 45.8825
v -50.4000 62.0000 45.6500
v -48.9322 62.0000 45.8825
v -47.6080 62.0000 46.5572
v -46.5572 62.0000 47.6080
v -45.8825 62.0000 48.9322
v -45.6500 998.0000 50.4000
v -45.8825 998.0000 51.8678
v -46.5572 998.0000 53.1920
v -47.6080 998.0000 54.2428
v -48.9322 998.0000 54.9175
v -50.4000 998.0000 55.1500
v -51.8678 998.0000 54.9175
v -53.1920 998.0000 54.2428
v -54.2428 998.0000 53.1920
v -54.9175 998.0000 51.8678
v -55.1500 998.0000 50.4000
v -54.9175 998.0000 48.9322
v -54.2428 998.0000 47.6080
v -53.1920 998.0000 46.5572
v -51.8678 998.0000 45.8825
v -50.4000 998.0000 45.6500
v -48.9322 998.0000 45.8825
v -47.6080 998.0000 46.5572
v -46.5572 998.0000 47.6080
v -45.8825 998.0000 48.9322
v -33.0500 62.0000 50.4000
v -33.2825 62.0000 51.8678
v -33.9572 62.0000 53.1920
v -35.0080 62.0000 54.2428
v -36.3322 62.0000 54.9175
v -37.8000 62.0000 55.1500
v -39.2678 62.0000 54.9175
v -40.5920 62.0000 54.2428
v -41.6428 62.0000 53.1920
v -42.3175 62.0000 51.8678
v -42.5500 62.0000 50.4000
v -42.3175 62.0000 48.9322
v -41.6428 62.0000 47.6080
v -40.5920 62.0000 46.5572
v -39.2678 62.0000 45.8825
v -37.8000 62.0000 45.6500
v -36.3322 62.0000 45.8825
v -35.0080 62.0000 46.5572
v -33.9572 62.0000 47.6080
v -33.2825 62.0000 48.9322
v -33.0500 998.0000 50.4000
v -33.2825 998.0000 51.8678
v -33.9572 998.0000 53.1920
v -35.0080 998.0000 54.2428
v -36.3322 998.0000 54.9175
v -37.8000 998.0000 55.1500
v -39.2678 998.0000 54.9175
v -40.5920 998.0000 54.2428
v -41.6428 998.0000 53.1920
v -42.3175 998.0000 51.8678
v -42.5500 998.0000 50.4000
v -42.3175 998.0000 48.9322
v -41.6428 998.0000 47.6080
v -40.5920 998.0000 46.5572
v -39.2678 998.0000 45.8825
v -37.8000 998.0000 45.6500
v -36.3322 998.0000 45.8825
v -35.0080 998.0000 46.5572
v -33.9572 998.0000 47.6080
v -33.2825 998.0000 48.9322
v -33.0500 62.0000 50.4000
v -33.2825 62.0000 51.8678
v -33.9572 62.0000 53.1920
v -35.0080 62.0000 54.2428
v -36.3322 62.0000 54.9175
v -37.8000 62.0000 55.1500
v -39.2678 62.0000 54.9175
v -40.5920 62.0000 54.2428
v -41.6428 62.0000 53.1920
v -42.3175 62.0000 51.8678
v -42.5500 62.0000 50.4000
v -42.3175 62.0000 48.9322
v -41.6428 62.0000 47.6080
v -40.5920 62.0000 46.5572
v -39.2678 62.0000 45.8825
v -37.8000 62.0000 45.6500
v -36.3322 62.0000 45.8825
v -35.0080 62.0000 46.5572
v -33.9572 62.0000 47.6080
v -33.2825 62.0000 48.9322
v -33.0500 998.0000 50.4000
v -33.2825 998.0000 51.8678
v -33.9572 998.0000 53.1920
v -35.0080 998.0000 54.2428
v -36.3322 998.0000 54.9175
v -37.8000 998.0000 55.1500
v -39.2678 998.0000 54.9175
v -40.5920 998.0000 54.2428
v -41.6428 998.0000 53.1920
v -42.3175 998.0000 51.8678
v -42.5500 998.0000 50.4000
v -42.3175 998.0000 48.9322
v -41.6428 998.0000 47.6080
v -40.5920 998.0000 46.5572
v -39.2678 998.0000 45.8825
v -37.8000 998.0000 45.6500
v -36.3322 998.0000 45.8825
v -35.0080 998.0000 46.5572
v -33.9572 998.0000 47.6080
v -33.2825 998.0000 48.9322
v -20.4500 62.0000 50.4000
v -20.6825 62.0000 51.8678
v -21.3572 62.0000 53.1920
v -22.4080 62.0000 54.2428
v -23.7322 62.0000 54.9175
v -25.2000 62.0000 55.1500
v -26.6678 62.0000 54.9175
v -27.9920 62.0000 54.2428
v -29.0428 62.0000 53.1920
v -29.7175 62.0000 51.8678
v -29.9500 62.0000 50.4000
v -29.7175 62.0000 48.9322
v -29.0428 62.0000 47.6080
v -27.9920 62.0000 46.5572
v -26.6678 62.0000 45.8825
v -25.2000 62.0000 45.6500
v -23.7322 62.0000 45.8825
v -22.4080 62.0000 46.5572
v -21.3572 62.0000 47.6080
v -20.6825 62.0000 48.9322
v -20.4500 998.0000 50.4000
v -20.6825 998.0000 51.8678
v -21.3572 998.0000 53.1920
v -22.4080 998.0000 54.2428
v -23.7322 998.0000 54.9175
v -25.2000 998.0000 55.1500
v -26.6678 998.0000 54.9175
v -27.9920 998.0000 54.2428
v -29.0428 998.0000 53.1920
v -29.7175 998.0000 51.8678
v -29.9500 998.0000 50.4000
v -29.7175 998.0000 48.9322
v -29.0428 998.0000 47.6080
v -27.9920 998.0000 46.5572
v -26.6678 998.0000 45.8825
v -25.2000 998.0000 45.6500
v -23.7322 998.0000 45.8825
v -22.4080 998.0000 46.5572
v -21.3572 998.0000 47.6080
v -20.6825 998.0000 48.9322
v -20.4500 62.0000 50.4000
v -20.6825 62.0000 51.8678
v -21.3572 62.0000 53.1920
v -22.4080 62.0000 54.2428
v -23.7322 62.0000 54.9175
v -25.2000 62.0000 55.1500
v -26.6678 62.0000 54.9175
v -27.9920 62.0000 54.2428
v -29.0428 62.0000 53.1920
v -29.7175 62.0000 51.8678
v -29.9500 62.0000 50.4000
v -29.7175 62.0000 48.9322
v -29.0428 62.0000 47.6080
v -27.9920 62.0000 46.5572
v -26.6678 62.0000 45.8825
v -25.2000 62.0000 45.6500
v -23.7322 62.0000 45.8825
v -22.4080 62.0000 46.5572
v -21.3572 62.0000 47.6080
v -20.6825 62.0000 48.9322
v -20.4500 998.0000 50.4000
v -20.6825 998.0000 51.8678
v -21.3572 998.0000 53.1920
v -22.4080 998.0000 54.2428
v -23.7322 998.0000 54.9175
v -25.2000 998.0000 55.1500
v -26.6678 998.0000 54.9175
v -27.9920 998.0000 54.2428
v -29.0428 998.0000 53.1920
v -29.7175 998.0000 51.8678
v -29.9500 998.0000 50.4000
v -29.7175 998.0000 48.9322
v -29.0428 998.0000 47.6080
v -27.9920 998.0000 46.5572
v -26.6678 998.0000 45.8825
v -25.2000 998.0000 45.6500
v -23.7322 998.0000 45.8825
v -22.4080 998.0000 46.5572
v -21.3572 998.0000 47.6080
v -20.6825 998.0000 48.9322
v -7.8500 62.0000 50.4000
v -8.0825 62.0000 51.8678
v -8.7572 62.0000 53.1920
v -9.8080 62.0000 54.2428
v -11.1322 62.0000 54.9175
v -12.6000 62.0000 55.1500
v -14.0678 62.0000 54.9175
v -15.3920 62.0000 54.2428
v -16.4428 62.0000 53.1920
v -17.1175 62.0000 51.8678
v -17.3500 62.0000 50.4000
v -17.1175 62.0000 48.9322
v -16.4428 62.0000 47.6080
v -15.3920 62.0000 46.5572
v -14.0678 62.0000 45.8825
v -12.6000 62.0000 45.6500
v -11.1322 62.0000 45.8825
v -9.8080 62.0000 46.5572
v -8.7572 62.0000 47.6080
v -8.0825 62.0000 48.9322
v -7.8500 998.0000 50.4000
v -8.0825 998.0000 51.8678
v -8.7572 998.0000 53.1920
v -9.8080 998.0000 54.2428
v -11.1322 998.0000 54.9175
v -12.6000 998.0000 55.1500
v -14.0678 998.0000 54.9175
v -15.3920 998.0000 54.2428
v -16.4428 998.0000 53.1920
v -17.1175 998.0000 51.8678
v -17.3500 998.0000 50.4000
v -17.1175 998.0000 48.9322
v -16.4428 998.0000 47.6080
v -15.3920 998.0000 46.5572
v -14.0678 998.0000 45.8825
v -12.6000 998.0000 45.6500
v -11.1322 998.0000 45.8825
v -9.8080 998.0000 46.5572
v -8.7572 998.0000 47.6080
v -8.0825 998.0000 48.9322
v -7.8500 62.0000 50.4000
v -8.0825 62.0000 51.8678
v -8.7572 62.0000 53.1920
v -9.8080 62.0000 54.2428
v -11.1322 62.0000 54.9175
v -12.6000 62.0000 55.1500
v -14.0678 62.0000 54.9175
v -15.3920 62.0000 54.2428
v -16.4428 62.0000 53.1920
v -17.1175 62.0000 51.8678
v -17.3500 62.0000 50.4000
v -17.1175 62.0000 48.9322
v -16.4428 62.0000 47.6080
v -15.3920 62.0000 46.5572
v -14.0678 62.0000 45.8825
v -12.6000 62.0000 45.6500
v -11.1322 62.0000 45.8825
v -9.8080 62.0000 46.5572
v -8.7572 62.0000 47.6080
v -8.0825 62.0000 48.9322
v -7.8500 998.0000 50.4000
v -8.0825 998.0000 51.8678
v -8.7572 998.0000 53.1920
v -9.8080 998.0000 54.2428
v -11.1322 998.0000 54.9175
v -12.6000 998.0000 55.1500
v -14.0678 998.0000 54.9175
v -15.3920 998.0000 54.2428
v -16.4428 998.0000 53.1920
v -17.1175 998.0000 51.8678
v -17.3500 998.0000 50.4000
v -17.1175 998.0000 48.9322
v -16.4428 998.0000 47.6080
v -15.3920 998.0000 46.5572
v -14.0678 998.0000 45.8825
v -12.6000 998.0000 45.6500
v -11.1322 998.0000 45.8825
v -9.8080 998.0000 46.5572
v -8.7572 998.0000 47.6080
v -8.0825 998.0000 48.9322
v 4.7500 62.0000 50.4000
v 4.5175 62.0000 51.8678
v 3.8428 62.0000 53.1920
v 2.7920 62.0000 54.2428
v 1.4678 62.0000 54.9175
v 0.0000 62.0000 55.1500
v -1.4678 62.0000 54.9175
v -2.7920 62.0000 54.2428
v -3.8428 62.0000 53.1920
v -4.5175 62.0000 51.8678
v -4.7500 62.0000 50.4000
v -4.5175 62.0000 48.9322
v -3.8428 62.0000 47.6080
v -2.7920 62.0000 46.5572
v -1.4678 62.0000 45.8825
v -0.0000 62.0000 45.6500
v 1.4678 62.0000 45.8825
v 2.7920 62.0000 46.5572
v 3.8428 62.0000 47.6080
v 4.5175 62.0000 48.9322
v 4.7500 998.0000 50.4000
v 4.5175 998.0000 51.8678
v 3.8428 998.0000 53.1920
v 2.7920 998.0000 54.2428
v 1.4678 998.0000 54.9175
v 0.0000 998.0000 55.1500
v -1.4678 998.0000 54.9175
v -2.7920 998.0000 54.2428
v -3.8428 998.0000 53.1920
v -4.5175 998.0000 51.8678
v -4.7500 998.0000 50.4000
v -4.5175 998.0000 48.9322
v -3.8428 998.0000 47.6080
v -2.7920 998.0000 46.5572
v -1.4678 998.0000 45.8825
v -0.0000 998.0000 45.6500
v 1.4678 998.0000 45.8825
v 2.7920 998.0000 46.5572
v 3.8428 998.0000 47.6080
v 4.5175 998.0000 48.9322
v 4.7500 62.0000 50.4000
v 4.5175 62.0000 51.8678
v 3.8428 62.0000 53.1920
v 2.7920 62.0000 54.2428
v 1.4678 62.0000 54.9175
v 0.0000 62.0000 55.1500
v -1.4678 62.0000 54.9175
v -2.7920 62.0000 54.2428
v -3.8428 62.0000 53.1920
v -4.5175 62.0000 51.8678
v -4.7500 62.0000 50.4000
v -4.5175 62.0000 48.9322
v -3.8428 62.0000 47.6080
v -2.7920 62.0000 46.5572
v -1.4678 62.0000 45.8825
v -0.0000 62.0000 45.6500
v 1.4678 62.0000 45.8825
v 2.7920 62.0000 46.5572
v 3.8428 62.0000 47.6080
v 4.5175 62.0000 48.9322
v 4.7500 998.0000 50.4000
v 4.5175 998.0000 51.8678
v 3.8428 998.0000 53.1920
v 2.7920 998.0000 54.2428
v 1.4678 998.0000 54.9175
v 0.0000 998.0000 55.1500
v -1.4678 998.0000 54.9175
v -2.7920 998.0000 54.2428
v -3.8428 998.0000 53.1920
v -4.5175 998.0000 51.8678
v -4.7500 998.0000 50.4000
v -4.5175 998.0000 48.9322
v -3.8428 998.0000 47.6080
v -2.7920 998.0000 46.5572
v -1.4678 998.0000 45.8825
v -0.0000 998.0000 45.6500
v 1.4678 998.0000 45.8825
v 2.7920 998.0000 46.5572
v 3.8428 998.0000 47.6080
v 4.5175 998.0000 48.9322
v 17.3500 62.0000 50.4000
v 17.1175 62.0000 51.8678
v 16.4428 62.0000 53.1920
v 15.3920 62.0000 54.2428
v 14.0678 62.0000 54.9175
v 12.6000 62.0000 55.1500
v 11.1322 62.0000 54.9175
v 9.8080 62.0000 54.2428
v 8.7572 62.0000 53.1920
v 8.0825 62.0000 51.8678
v 7.8500 62.0000 50.4000
v 8.0825 62.0000 48.9322
v 8.7572 62.0000 47.6080
v 9.8080 62.0000 46.5572
v 11.1322 62.0000 45.8825
v 12.6000 62.0000 45.6500
v 14.0678 62.0000 45.8825
v 15.3920 62.0000 46.5572
v 16.4428 62.0000 47.6080
v 17.1175 62.0000 48.9322
v 17.3500 998.0000 50.4000
v 17.1175 998.0000 51.8678
v 16.4428 998.0000 53.1920
v 15.3920 998.0000 54.2428
v 14.0678 998.0000 54.9175
v 12.6000 998.0000 55.1500
v 11.1322 998.0000 54.9175
v 9.8080 998.0000 54.2428
v 8.7572 998.0000 53.1920
v 8.0825 998.0000 51.8678
v 7.8500 998.0000 50.4000
v 8.0825 998.0000 48.9322
v 8.7572 998.0000 47.6080
v 9.8080 998.0000 46.5572
v 11.1322 998.0000 45.8825
v 12.6000 998.0000 45.6500
v 14.0678 998.0000 45.8825
v 15.3920 998.0000 46.5572
v 16.4428 998.0000 47.6080
v 17.1175 998.0000 48.9322
v 17.3500 62.0000 50.4000
v 17.1175 62.0000 51.8678
v 16.4428 62.0000 53.1920
v 15.3920 62.0000 54.2428
v 14.0678 62.0000 54.9175
v 12.6000 62.0000 55.1500
v 11.1322 62.0000 54.9175
v 9.8080 62.0000 54.2428
v 8.7572 62.0000 53.1920
v 8.0825 62.0000 51.8678
v 7.8500 62.0000 50.4000
v 8.0825 62.0000 48.9322
v 8.7572 62.0000 47.6080
v 9.8080 62.0000 46.5572
v 11.1322 62.0000 45.8825
v 12.6000 62.0000 45.6500
v 14.0678 62.0000 45.8825
v 15.3920 62.0000 46.5572
v 16.4428 62.0000 47.6080
v 17.1175 62.0000 48.9322
v 17.3500 998.0000 50.4000
v 17.1175 998.0000 51.8678
v 16.4428 998.0000 53.1920
v 15.3920 998.0000 54.2428
v 14.0678 998.0000 54.9175
v 12.6000 998.0000 55.1500
v 11.1322 998.0000 54.9175
v 9.8080 998.0000 54.2428
v 8.7572 998.0000 53.1920
v 8.0825 998.0000 51.8678
v 7.8500 998.0000 50.4000
v 8.0825 998.0000 48.9322
v 8.7572 998.0000 47.6080
v 9.8080 998.0000 46.5572
v 11.1322 998.0000 45.8825
v 12.6000 998.0000 45.6500
v 14.0678 998.0000 45.8825
v 15.3920 998.0000 46.5572
v 16.4428 998.0000 47.6080
v 17.1175 998.0000 48.9322
v 29.9500 62.0000 50.4000
v 29.7175 62.0000 51.8678
v 29.0428 62.0000 53.1920
v 27.9920 62.0000 54.2428
v 26.6678 62.0000 54.9175
v 25.2000 62.0000 55.1500
v 23.7322 62.0000 54.9175
v 22.4080 62.0000 54.2428
v 21.3572 62.0000 53.1920
v 20.6825 62.0000 51.8678
v 20.4500 62.0000 50.4000
v 20.6825 62.0000 48.9322
v 21.3572 62.0000 47.6080
v 22.4080 62.0000 46.5572
v 23.7322 62.0000 45.8825
v 25.2000 62.0000 45.6500
v 26.6678 62.0000 45.8825
v 27.9920 62.0000 46.5572
v 29.0428 62.0000 47.6080
v 29.7175 62.0000 48.9322
v 29.9500 998.0000 50.4000
v 29.7175 998.0000 51.8678
v 29.0428 998.0000 53.1920
v 27.9920 998.0000 54.2428
v 26.6678 998.0000 54.9175
v 25.2000 998.0000 55.1500
v 23.7322 998.0000 54.9175
v 22.4080 998.0000 54.2428
v 21.3572 998.0000 53.1920
v 20.6825 998.0000 51.8678
v 20.4500 998.0000 50.4000
v 20.6825 998.0000 48.9322
v 21.3572 998.0000 47.6080
v 22.4080 998.0000 46.5572
v 23.7322 998.0000 45.8825
v 25.2000 998.0000 45.6500
v 26.6678 998.0000 45.8825
v 27.9920 998.0000 46.5572
v 29.0428 998.0000 47.6080
v 29.7175 998.0000 48.9322
v 29.9500 62.0000 50.4000
v 29.7175 62.0000 51.8678
v 29.0428 62.0000 53.1920
v 27.9920 62.0000 54.2428
v 26.6678 62.0000 54.9175
v 25.2000 62.0000 55.1500
v 23.7322 62.0000 54.9175
v 22.4080 62.0000 54.2428
v 21.3572 62.0000 53.1920
v 20.6825 62.0000 51.8678
v 20.4500 62.0000 50.4000
v 20.6825 62.0000 48.9322
v 21.3572 62.0000 47.6080
v 22.4080 62.0000 46.5572
v 23.7322 62.0000 45.8825
v 25.2000 62.0000 45.6500
v 26.6678 62.0000 45.8825
v 27.9920 62.0000 46.5572
v 29.0428 62.0000 47.6080
v 29.7175 62.0000 48.9322
v 29.9500 998.0000 50.4000
v 29.7175 998.0000 51.8678
v 29.0428 998.0000 53.1920
v 27.9920 998.0000 54.2428
v 26.6678 998.0000 54.9175
v 25.2000 998.0000 55.1500
v 23.7322 998.0000 54.9175
v 22.4080 998.0000 54.2428
v 21.3572 998.0000 53.1920
v 20.6825 998.0000 51.8678
v 20.4500 998.0000 50.4000
v 20.6825 998.0000 48.9322
v 21.3572 998.0000 47.6080
v 22.4080 998.0000 46.5572
v 23.7322 998.0000 45.8825
v 25.2000 998.0000 45.6500
v 26.6678 998.0000 45.8825
v 27.9920 998.0000 46.5572
v 29.0428 998.0000 47.6080
v 29.7175 998.0000 48.9322
v 42.5500 62.0000 50.4000
v 42.3175 62.0000 51.8678
v 41.6428 62.0000 53.1920
v 40.5920 62.0000 54.2428
v 39.2678 62.0000 54.9175
v 37.8000 62.0000 55.1500
v 36.3322 62.0000 54.9175
v 35.0080 62.0000 54.2428
v 33.9572 62.0000 53.1920
v 33.2825 62.0000 51.8678
v 33.0500 62.0000 50.4000
v 33.2825 62.0000 48.9322
v 33.9572 62.0000 47.6080
v 35.0080 62.0000 46.5572
v 36.3322 62.0000 45.8825
v 37.8000 62.0000 45.6500
v 39.2678 62.0000 45.8825
v 40.5920 62.0000 46.5572
v 41.6428 62.0000 47.6080
v 42.3175 62.0000 48.9322
v 42.5500 998.0000 50.4000
v 42.3175 998.0000 51.8678
v 41.6428 998.0000 53.1920
v 40.5920 998.0000 54.2428
v 39.2678 998.0000 54.9175
v 37.8000 998.0000 55.1500
v 36.3322 998.0000 54.9175
v 35.0080 998.0000 54.2428
v 33.9572 998.0000 53.1920
v 33.2825 998.0000 51.8678
v 33.0500 998.0000 50.4000
v 33.2825 998.0000 48.9322
v 33.9572 998.0000 47.6080
v 35.0080 998.0000 46.5572
v 36.3322 998.0000 45.8825
v 37.8000 998.0000 45.6500
v 39.2678 998.0000 45.8825
v 40.5920 998.0000 46.5572
v 41.6428 998.0000 47.6080
v 42.3175 998.0000 48.9322
v 42.5500 62.0000 50.4000
v 42.3175 62.0000 51.8678
v 41.6428 62.0000 53.1920
v 40.5920 62.0000 54.2428
v 39.2678 62.0000 54.9175
v 37.8000 62.0000 55.1500
v 36.3322 62.0000 54.9175
v 35.0080 62.0000 54.2428
v 33.9572 62.0000 53.1920
v 33.2825 62.0000 51.8678
v 33.0500 62.0000 50.4000
v 33.2825 62.0000 48.9322
v 33.9572 62.0000 47.6080
v 35.0080 62.0000 46.5572
v 36.3322 62.0000 45.8825
v 37.8000 62.0000 45.6500
v 39.2678 62.0000 45.8825
v 40.5920 62.0000 46.5572
v 41.6428 62.0000 47.6080
v 42.3175 62.0000 48.9322
v 42.5500 998.0000 50.4000
v 42.3175 998.0000 51.8678
v 41.6428 998.0000 53.1920
v 40.5920 998.0000 54.2428
v 39.2678 998.0000 54.9175
v 37.8000 998.0000 55.1500
v 36.3322 998.0000 54.9175
v 35.0080 998.0000 54.2428
v 33.9572 998.0000 53.1920
v 33.2825 998.0000 51.8678
v 33.0500 998.0000 50.4000
v 33.2825 998.0000 48.9322
v 33.9572 998.0000 47.6080
v 35.0080 998.0000 46.5572
v 36.3322 998.0000 45.8825
v 37.8000 998.0000 45.6500
v 39.2678 998.0000 45.8825
v 40.5920 998.0000 46.5572
v 41.6428 998.0000 47.6080
v 42.3175 998.0000 48.9322
v 55.1500 62.0000 50.4000
v 54.9175 62.0000 51.8678
v 54.2428 62.0000 53.1920
v 53.1920 62.0000 54.2428
v 51.8678 62.0000 54.9175
v 50.4000 62.0000 55.1500
v 48.9322 62.0000 54.9175
v 47.6080 62.0000 54.2428
v 46.5572 62.0000 53.1920
v 45.8825 62.0000 51.8678
v 45.6500 62.0000 50.4000
v 45.8825 62.0000 48.9322
v 46.5572 62.0000 47.6080
v 47.6080 62.0000 46.5572
v 48.9322 62.0000 45.8825
v 50.4000 62.0000 45.6500
v 51.8678 62.0000 45.8825
v 53.1920 62.0000 46.5572
v 54.2428 62.0000 47.6080
v 54.9175 62.0000 48.9322
v 55.1500 998.0000 50.4000
v 54.9175 998.0000 51.8678
v 54.2428 998.0000 53.1920
v 53.1920 998.0000 54.2428
v 51.8678 998.0000 54.9175
v 50.4000 998.0000 55.1500
v 48.9322 998.0000 54.9175
v 47.6080 998.0000 54.2428
v 46.5572 998.0000 53.1920
v 45.8825 998.0000 51.8678
v 45.6500 998.0000 50.4000
v 45.8825 998.0000 48.9322
v 46.5572 998.0000 47.6080
v 47.6080 998.0000 46.5572
v 48.9322 998.0000 45.8825
v 50.4000 998.0000 45.6500
v 51.8678 998.0000 45.8825
v 53.1920 998.0000 46.5572
v 54.2428 998.0000 47.6080
v 54.9175 998.0000 48.9322
v 55.1500 62.0000 50.4000
v 54.9175 62.0000 51.8678
v 54.2428 62.0000 53.1920
v 53.1920 62.0000 54.2428
v 51.8678 62.0000 54.9175
v 50.4000 62.0000 55.1500
v 48.9322 62.0000 54.9175
v 47.6080 62.0000 54.2428
v 46.5572 62.0000 53.1920
v 45.8825 62.0000 51.8678
v 45.6500 62.0000 50.4000
v 45.8825 62.0000 48.9322
v 46.5572 62.0000 47.6080
v 47.6080 62.0000 46.5572
v 48.9322 62.0000 45.8825
v 50.4000 62.0000 45.6500
v 51.8678 62.0000 45.8825
v 53.1920 62.0000 46.5572
v 54.2428 62.0000 47.6080
v 54.9175 62.0000 48.9322
v 55.1500 998.0000 50.4000
v 54.9175 998.0000 51.8678
v 54.2428 998.0000 53.1920
v 53.1920 998.0000 54.2428
v 51.8678 998.0000 54.9175
v 50.4000 998.0000 55.1500
v 48.9322 998.0000 54.9175
v 47.6080 998.0000 54.2428
v 46.5572 998.0000 53.1920
v 45.8825 998.0000 51.8678
v 45.6500 998.0000 50.4000
v 45.8825 998.0000 48.9322
v 46.5572 998.0000 47.6080
v 47.6080 998.0000 46.5572
v 48.9322 998.0000 45.8825
v 50.4000 998.0000 45.6500
v 51.8678 998.0000 45.8825
v 53.1920 998.0000 46.5572
v 54.2428 998.0000 47.6080
v 54.9175 998.0000 48.9322
v 67.7500 62.0000 50.4000
v 67.5175 62.0000 51.8678
v 66.8428 62.0000 53.1920
v 65.7920 62.0000 54.2428
v 64.4678 62.0000 54.9175
v 63.0000 62.0000 55.1500
v 61.5322 62.0000 54.9175
v 60.2080 62.0000 54.2428
v 59.1572 62.0000 53.1920
v 58.4825 62.0000 51.8678
v 58.2500 62.0000 50.4000
v 58.4825 62.0000 48.9322
v 59.1572 62.0000 47.6080
v 60.2080 62.0000 46.5572
v 61.5322 62.0000 45.8825
v 63.0000 62.0000 45.6500
v 64.4678 62.0000 45.8825
v 65.7920 62.0000 46.5572
v 66.8428 62.0000 47.6080
v 67.5175 62.0000 48.9322
v 67.7500 998.0000 50.4000
v 67.5175 998.0000 51.8678
v 66.8428 998.0000 53.1920
v 65.7920 998.0000 54.2428
v 64.4678 998.0000 54.9175
v 63.0000 998.0000 55.1500
v 61.5322 998.0000 54.9175
v 60.2080 998.0000 54.2428
v 59.1572 998.0000 53.1920
v 58.4825 998.0000 51.8678
v 58.2500 998.0000 50.4000
v 58.4825 998.0000 48.9322
v 59.1572 998.0000 47.6080
v 60.2080 998.0000 46.5572
v 61.5322 998.0000 45.8825
v 63.0000 998.0000 45.6500
v 64.4678 998.0000 45.8825
v 65.7920 998.0000 46.5572
v 66.8428 998.0000 47.6080
v 67.5175 998.0000 48.9322
v 67.7500 62.0000 50.4000
v 67.5175 62.0000 51.8678
v 66.8428 62.0000 53.1920
v 65.7920 62.0000 54.2428
v 64.4678 62.0000 54.9175
v 63.0000 62.0000 55.1500
v 61.5322 62.0000 54.9175
v 60.2080 62.0000 54.2428
v 59.1572 62.0000 53.1920
v 58.4825 62.0000 51.8678
v 58.2500 62.0000 50.4000
v 58.4825 62.0000 48.9322
v 59.1572 62.0000 47.6080
v 60.2080 62.0000 46.5572
v 61.5322 62.0000 45.8825
v 63.0000 62.0000 45.6500
v 64.4678 62.0000 45.8825
v 65.7920 62.0000 46.5572
v 66.8428 62.0000 47.6080
v 67.5175 62.0000 48.9322
v 67.7500 998.0000 50.4000
v 67.5175 998.0000 51.8678
v 66.8428 998.0000 53.1920
v 65.7920 998.0000 54.2428
v 64.4678 998.0000 54.9175
v 63.0000 998.0000 55.1500
v 61.5322 998.0000 54.9175
v 60.2080 998.0000 54.2428
v 59.1572 998.0000 53.1920
v 58.4825 998.0000 51.8678
v 58.2500 998.0000 50.4000
v 58.4825 998.0000 48.9322
v 59.1572 998.0000 47.6080
v 60.2080 998.0000 46.5572
v 61.5322 998.0000 45.8825
v 63.0000 998.0000 45.6500
v 64.4678 998.0000 45.8825
v 65.7920 998.0000 46.5572
v 66.8428 998.0000 47.6080
v 67.5175 998.0000 48.9322
v 80.3500 62.0000 50.4000
v 80.1175 62.0000 51.8678
v 79.4428 62.0000 53.1920
v 78.3920 62.0000 54.2428
v 77.0678 62.0000 54.9175
v 75.6000 62.0000 55.1500
v 74.1322 62.0000 54.9175
v 72.8080 62.0000 54.2428
v 71.7572 62.0000 53.1920
v 71.0825 62.0000 51.8678
v 70.8500 62.0000 50.4000
v 71.0825 62.0000 48.9322
v 71.7572 62.0000 47.6080
v 72.8080 62.0000 46.5572
v 74.1322 62.0000 45.8825
v 75.6000 62.0000 45.6500
v 77.0678 62.0000 45.8825
v 78.3920 62.0000 46.5572
v 79.4428 62.0000 47.6080
v 80.1175 62.0000 48.9322
v 80.3500 998.0000 50.4000
v 80.1175 998.0000 51.8678
v 79.4428 998.0000 53.1920
v 78.3920 998.0000 54.2428
v 77.0678 998.0000 54.9175
v 75.6000 998.0000 55.1500
v 74.1322 998.0000 54.9175
v 72.8080 998.0000 54.2428
v 71.7572 998.0000 53.1920
v 71.0825 998.0000 51.8678
v 70.8500 998.0000 50.4000
v 71.0825 998.0000 48.9322
v 71.7572 998.0000 47.6080
v 72.8080 998.0000 46.5572
v 74.1322 998.0000 45.8825
v 75.6000 998.0000 45.6500
v 77.0678 998.0000 45.8825
v 78.3920 998.0000 46.5572
v 79.4428 998.0000 47.6080
v 80.1175 998.0000 48.9322
v 80.3500 62.0000 50.4000
v 80.1175 62.0000 51.8678
v 79.4428 62.0000 53.1920
v 78.3920 62.0000 54.2428
v 77.0678 62.0000 54.9175
v 75.6000 62.0000 55.1500
v 74.1322 62.0000 54.9175
v 72.8080 62.0000 54.2428
v 71.7572 62.0000 53.1920
v 71.0825 62.0000 51.8678
v 70.8500 62.0000 50.4000
v 71.0825 62.0000 48.9322
v 71.7572 62.0000 47.6080
v 72.8080 62.0000 46.5572
v 74.1322 62.0000 45.8825
v 75.6000 62.0000 45.6500
v 77.0678 62.0000 45.8825
v 78.3920 62.0000 46.5572
v 79.4428 62.0000 47.6080
v 80.1175 62.0000 48.9322
v 80.3500 998.0000 50.4000
v 80.1175 998.0000 51.8678
v 79.4428 998.0000 53.1920
v 78.3920 998.0000 54.2428
v 77.0678 998.0000 54.9175
v 75.6000 998.0000 55.1500
v 74.1322 998.0000 54.9175
v 72.8080 998.0000 54.2428
v 71.7572 998.0000 53.1920
v 71.0825 998.0000 51.8678
v 70.8500 998.0000 50.4000
v 71.0825 998.0000 48.9322
v 71.7572 998.0000 47.6080
v 72.8080 998.0000 46.5572
v 74.1322 998.0000 45.8825
v 75.6000 998.0000 45.6500
v 77.0678 998.0000 45.8825
v 78.3920 998.0000 46.5572
v 79.4428 998.0000 47.6080
v 80.1175 998.0000 48.9322
v 92.9500 62.0000 50.4000
v 92.7175 62.0000 51.8678
v 92.0428 62.0000 53.1920
v 90.9920 62.0000 54.2428
v 89.6678 62.0000 54.9175
v 88.2000 62.0000 55.1500
v 86.7322 62.0000 54.9175
v 85.4080 62.0000 54.2428
v 84.3572 62.0000 53.1920
v 83.6825 62.0000 51.8678
v 83.4500 62.0000 50.4000
v 83.6825 62.0000 48.9322
v 84.3572 62.0000 47.6080
v 85.4080 62.0000 46.5572
v 86.7322 62.0000 45.8825
v 88.2000 62.0000 45.6500
v 89.6678 62.0000 45.8825
v 90.9920 62.0000 46.5572
v 92.0428 62.0000 47.6080
v 92.7175 62.0000 48.9322
v 92.9500 998.0000 50.4000
v 92.7175 998.0000 51.8678
v 92.0428 998.0000 53.1920
v 90.9920 998.0000 54.2428
v 89.6678 998.0000 54.9175
v 88.2000 998.0000 55.1500
v 86.7322 998.0000 54.9175
v 85.4080 998.0000 54.2428
v 84.3572 998.0000 53.1920
v 83.6825 998.0000 51.8678
v 83.4500 998.0000 50.4000
v 83.6825 998.0000 48.9322
v 84.3572 998.0000 47.6080
v 85.4080 998.0000 46.5572
v 86.7322 998.0000 45.8825
v 88.2000 998.0000 45.6500
v 89.6678 998.0000 45.8825
v 90.9920 998.0000 46.5572
v 92.0428 998.0000 47.6080
v 92.7175 998.0000 48.9322
v 92.9500 62.0000 50.4000
v 92.7175 62.0000 51.8678
v 92.0428 62.0000 53.1920
v 90.9920 62.0000 54.2428
v 89.6678 62.0000 54.9175
v 88.2000 62.0000 55.1500
v 86.7322 62.0000 54.9175
v 85.4080 62.0000 54.2428
v 84.3572 62.0000 53.1920
v 83.6825 62.0000 51.8678
v 83.4500 62.0000 50.4000
v 83.6825 62.0000 48.9322
v 84.3572 62.0000 47.6080
v 85.4080 62.0000 46.5572
v 86.7322 62.0000 45.8825
v 88.2000 62.0000 45.6500
v 89.6678 62.0000 45.8825
v 90.9920 62.0000 46.5572
v 92.0428 62.0000 47.6080
v 92.7175 62.0000 48.9322
v 92.9500 998.0000 50.4000
v 92.7175 998.0000 51.8678
v 92.0428 998.0000 53.1920
v 90.9920 998.0000 54.2428
v 89.6678 998.0000 54.9175
v 88.2000 998.0000 55.1500
v 86.7322 998.0000 54.9175
v 85.4080 998.0000 54.2428
v 84.3572 998.0000 53.1920
v 83.6825 998.0000 51.8678
v 83.4500 998.0000 50.4000
v 83.6825 998.0000 48.9322
v 84.3572 998.0000 47.6080
v 85.4080 998.0000 46.5572
v 86.7322 998.0000 45.8825
v 88.2000 998.0000 45.6500
v 89.6678 998.0000 45.8825
v 90.9920 998.0000 46.5572
v 92.0428 998.0000 47.6080
v 92.7175 998.0000 48.9322
v 105.5500 62.0000 50.4000
v 105.3175 62.0000 51.8678
v 104.6428 62.0000 53.1920
v 103.5920 62.0000 54.2428
v 102.2678 62.0000 54.9175
v 100.8000 62.0000 55.1500
v 99.3322 62.0000 54.9175
v 98.0080 62.0000 54.2428
v 96.9572 62.0000 53.1920
v 96.2825 62.0000 51.8678
v 96.0500 62.0000 50.4000
v 96.2825 62.0000 48.9322
v 96.9572 62.0000 47.6080
v 98.0080 62.0000 46.5572
v 99.3322 62.0000 45.8825
v 100.8000 62.0000 45.6500
v 102.2678 62.0000 45.8825
v 103.5920 62.0000 46.5572
v 104.6428 62.0000 47.6080
v 105.3175 62.0000 48.9322
v 105.5500 998.0000 50.4000
v 105.3175 998.0000 51.8678
v 104.6428 998.0000 53.1920
v 103.5920 998.0000 54.2428
v 102.2678 998.0000 54.9175
v 100.8000 998.0000 55.1500
v 99.3322 998.0000 54.9175
v 98.0080 998.0000 54.2428
v 96.9572 998.0000 53.1920
v 96.2825 998.0000 51.8678
v 96.0500 998.0000 50.4000
v 96.2825 998.0000 48.9322
v 96.9572 998.0000 47.6080
v 98.0080 998.0000 46.5572
v 99.3322 998.0000 45.8825
v 100.8000 998.0000 45.6500
v 102.2678 998.0000 45.8825
v 103.5920 998.0000 46.5572
v 104.6428 998.0000 47.6080
v 105.3175 998.0000 48.9322
v 105.5500 62.0000 50.4000
v 105.3175 62.0000 51.8678
v 104.6428 62.0000 53.1920
v 103.5920 62.0000 54.2428
v 102.2678 62.0000 54.9175
v 100.8000 62.0000 55.1500
v 99.3322 62.0000 54.9175
v 98.0080 62.0000 54.2428
v 96.9572 62.0000 53.1920
v 96.2825 62.0000 51.8678
v 96.0500 62.0000 50.4000
v 96.2825 62.0000 48.9322
v 96.9572 62.0000 47.6080
v 98.0080 62.0000 46.5572
v 99.3322 62.0000 45.8825
v 100.8000 62.0000 45.6500
v 102.2678 62.0000 45.8825
v 103.5920 62.0000 46.5572
v 104.6428 62.0000 47.6080
v 105.3175 62.0000 48.9322
v 105.5500 998.0000 50.4000
v 105.3175 998.0000 51.8678
v 104.6428 998.0000 53.1920
v 103.5920 998.0000 54.2428
v 102.2678 998.0000 54.9175
v 100.8000 998.0000 55.1500
v 99.3322 998.0000 54.9175
v 98.0080 998.0000 54.2428
v 96.9572 998.0000 53.1920
v 96.2825 998.0000 51.8678
v 96.0500 998.0000 50.4000
v 96.2825 998.0000 48.9322
v 96.9572 998.0000 47.6080
v 98.0080 998.0000 46.5572
v 99.3322 998.0000 45.8825
v 100.8000 998.0000 45.6500
v 102.2678 998.0000 45.8825
v 103.5920 998.0000 46.5572
v 104.6428 998.0000 47.6080
v 105.3175 998.0000 48.9322
v -96.0500 62.0000 63.0000
v -96.2825 62.0000 64.4678
v -96.9572 62.0000 65.7920
v -98.0080 62.0000 66.8428
v -99.3322 62.0000 67.5175
v -100.8000 62.0000 67.7500
v -102.2678 62.0000 67.5175
v -103.5920 62.0000 66.8428
v -104.6428 62.0000 65.7920
v -105.3175 62.0000 64.4678
v -105.5500 62.0000 63.0000
v -105.3175 62.0000 61.5322
v -104.6428 62.0000 60.2080
v -103.5920 62.0000 59.1572
v -102.2678 62.0000 58.4825
v -100.8000 62.0000 58.2500
v -99.3322 62.0000 58.4825
v -98.0080 62.0000 59.1572
v -96.9572 62.0000 60.2080
v -96.2825 62.0000 61.5322
v -96.0500 998.0000 63.0000
v -96.2825 998.0000 64.4678
v -96.9572 998.0000 65.7920
v -98.0080 998.0000 66.8428
v -99.3322 998.0000 67.5175
v -100.8000 998.0000 67.7500
v -102.2678 998.0000 67.5175
v -103.5920 998.0000 66.8428
v -104.6428 998.0000 65.7920
v -105.3175 998.0000 64.4678
v -105.5500 998.0000 63.0000
v -105.3175 998.0000 61.5322
v -104.6428 998.0000 60.2080
v -103.5920 998.0000 59.1572
v -102.2678 998.0000 58.4825
v -100.8000 998.0000 58.2500
v -99.3322 998.0000 58.4825
v -98.0080 998.0000 59.1572
v -96.9572 998.0000 60.2080
v -96.2825 998.0000 61.5322
v -96.0500 62.0000 63.0000
v -96.2825 62.0000 64.4678
v -96.9572 62.0000 65.7920
v -98.0080 62.0000 66.8428
v -99.3322 62.0000 67.5175
v -100.8000 62.0000 67.7500
v -102.2678 62.0000 67.5175
v -103.5920 62.0000 66.8428
v -104.6428 62.0000 65.7920
v -105.3175 62.0000 64.4678
v -105.5500 62.0000 63.0000
v -105.3175 62.0000 61.5322
v -104.6428 62.0000 60.2080
v -103.5920 62.0000 59.1572
v -102.2678 62.0000 58.4825
v -100.8000 62.0000 58.2500
v -99.3322 62.0000 58.4825
v -98.0080 62.0000 59.1572
v -96.9572 62.0000 60.2080
v -96.2825 62.0000 61.5322
v -96.0500 998.0000 63.0000
v -96.2825 998.0000 64.4678
v -96.9572 998.0000 65.7920
v -98.0080 998.0000 66.8428
v -99.3322 998.0000 67.5175
v -100.8000 998.0000 67.7500
v -102.2678 998.0000 67.5175
v -103.5920 998.0000 66.8428
v -104.6428 998.0000 65.7920
v -105.3175 998.0000 64.4678
v -105.5500 998.0000 63.0000
v -105.3175 998.0000 61.5322
v -104.6428 998.0000 60.2080
v -103.5920 998.0000 59.1572
v -102.2678 998.0000 58.4825
v -100.8000 998.0000 58.2500
v -99.3322 998.0000 58.4825
v -98.0080 998.0000 59.1572
v -96.9572 998.0000 60.2080
v -96.2825 998.0000 61.5322
v -83.4500 62.0000 63.0000
v -83.6825 62.0000 64.4678
v -84.3572 62.0000 65.7920
v -85.4080 62.0000 66.8428
v -86.7322 62.0000 67.5175
v -88.2000 62.0000 67.7500
v -89.6678 62.0000 67.5175
v -90.9920 62.0000 66.8428
v -92.0428 62.0000 65.7920
v -92.7175 62.0000 64.4678
v -92.9500 62.0000 63.0000
v -92.7175 62.0000 61.5322
v -92.0428 62.0000 60.2080
v -90.9920 62.0000 59.1572
v -89.6678 62.0000 58.4825
v -88.2000 62.0000 58.2500
v -86.7322 62.0000 58.4825
v -85.4080 62.0000 59.1572
v -84.3572 62.0000 60.2080
v -83.6825 62.0000 61.5322
v -83.4500 998.0000 63.0000
v -83.6825 998.0000 64.4678
v -84.3572 998.0000 65.7920
v -85.4080 998.0000 66.8428
v -86.7322 998.0000 67.5175
v -88.2000 998.0000 67.7500
v -89.6678 998.0000 67.5175
v -90.9920 998.0000 66.8428
v -92.0428 998.0000 65.7920
v -92.7175 998.0000 64.4678
v -92.9500 998.0000 63.0000
v -92.7175 998.0000 61.5322
v -92.0428 998.0000 60.2080
v -90.9920 998.0000 59.1572
v -89.6678 998.0000 58.4825
v -88.2000 998.0000 58.2500
v -86.7322 998.0000 58.4825
v -85.4080 998.0000 59.1572
v -84.3572 998.0000 60.2080
v -83.6825 998.0000 61.5322
v -83.4500 62.0000 63.0000
v -83.6825 62.0000 64.4678
v -84.3572 62.0000 65.7920
v -85.4080 62.0000 66.8428
v -86.7322 62.0000 67.5175
v -88.2000 62.0000 67.7500
v -89.6678 62.0000 67.5175
v -90.9920 62.0000 66.8428
v -92.0428 62.0000 65.7920
v -92.7175 62.0000 64.4678
v -92.9500 62.0000 63.0000
v -92.7175 62.0000 61.5322
v -92.0428 62.0000 60.2080
v -90.9920 62.0000 59.1572
v -89.6678 62.0000 58.4825
v -88.2000 62.0000 58.2500
v -86.7322 62.0000 58.4825
v -85.4080 62.0000 59.1572
v -84.3572 62.0000 60.2080
v -83.6825 62.0000 61.5322
v -83.4500 998.0000 63.0000
v -83.6825 998.0000 64.4678
v -84.3572 998.0000 65.7920
v -85.4080 998.0000 66.8428
v -86.7322 998.0000 67.5175
v -88.2000 998.0000 67.7500
v -89.6678 998.0000 67.5175
v -90.9920 998.0000 66.8428
v -92.0428 998.0000 65.7920
v -92.7175 998.0000 64.4678
v -92.9500 998.0000 63.0000
v -92.7175 998.0000 61.5322
v -92.0428 998.0000 60.2080
v -90.9920 998.0000 59.1572
v -89.6678 998.0000 58.4825
v -88.2000 998.0000 58.2500
v -86.7322 998.0000 58.4825
v -85.4080 998.0000 59.1572
v -84.3572 998.0000 60.2080
v -83.6825 998.0000 61.5322
v -70.8500 62.0000 63.0000
v -71.0825 62.0000 64.4678
v -71.7572 62.0000 65.7920
v -72.8080 62.0000 66.8428
v -74.1322 62.0000 67.5175
v -75.6000 62.0000 67.7500
v -77.0678 62.0000 67.5175
v -78.3920 62.0000 66.8428
v -79.4428 62.0000 65.7920
v -80.1175 62.0000 64.4678
v -80.3500 62.0000 63.0000
v -80.1175 62.0000 61.5322
v -79.4428 62.0000 60.2080
v -78.3920 62.0000 59.1572
v -77.0678 62.0000 58.4825
v -75.6000 62.0000 58.2500
v -74.1322 62.0000 58.4825
v -72.8080 62.0000 59.1572
v -71.7572 62.0000 60.2080
v -71.0825 62.0000 61.5322
v -70.8500 998.0000 63.0000
v -71.0825 998.0000 64.4678
v -71.7572 998.0000 65.7920
v -72.8080 998.0000 66.8428
v -74.1322 998.0000 67.5175
v -75.6000 998.0000 67.7500
v -77.0678 998.0000 67.5175
v -78.3920 998.0000 66.8428
v -79.4428 998.0000 65.7920
v -80.1175 998.0000 64.4678
v -80.3500 998.0000 63.0000
v -80.1175 998.0000 61.5322
v -79.4428 998.0000 60.2080
v -78.3920 998.0000 59.1572
v -77.0678 998.0000 58.4825
v -75.6000 998.0000 58.2500
v -74.1322 998.0000 58.4825
v -72.8080 998.0000 59.1572
v -71.7572 998.0000 60.2080
v -71.0825 998.0000 61.5322
v -70.8500 62.0000 63.0000
v -71.0825 62.0000 64.4678
v -71.7572 62.0000 65.7920
v -72.8080 62.0000 66.8428
v -74.1322 62.0000 67.5175
v -75.6000 62.0000 67.7500
v -77.0678 62.0000 67.5175
v -78.3920 62.0000 66.8428
v -79.4428 62.0000 65.7920
v -80.1175 62.0000 64.4678
v -80.3500 62.0000 63.0000
v -80.1175 62.0000 61.5322
v -79.4428 62.0000 60.2080
v -78.3920 62.0000 59.1572
v -77.0678 62.0000 58.4825
v -75.6000 62.0000 58.2500
v -74.1322 62.0000 58.4825
v -72.8080 62.0000 59.1572
v -71.7572 62.0000 60.2080
v -71.0825 62.0000 61.5322
v -70.8500 998.0000 63.0000
v -71.0825 998.0000 64.4678
v -71.7572 998.0000 65.7920
v -72.8080 998.0000 66.8428
v -74.1322 998.0000 67.5175
v -75.6000 998.0000 67.7500
v -77.0678 998.0000 67.5175
v -78.3920 998.0000 66.8428
v -79.4428 998.0000 65.7920
v -80.1175 998.0000 64.4678
v -80.3500 998.0000 63.0000
v -80.1175 998.0000 61.5322
v -79.4428 998.0000 60.2080
v -78.3920 998.0000 59.1572
v -77.0678 998.0000 58.4825
v -75.6000 998.0000 58.2500
v -74.1322 998.0000 58.4825
v -72.8080 998.0000 59.1572
v -71.7572 998.0000 60.2080
v -71.0825 998.0000 61.5322
v -45.6500 62.0000 63.0000
v -45.8825 62.0000 64.4678
v -46.5572 62.0000 65.7920
v -47.6080 62.0000 66.8428
v -48.9322 62.0000 67.5175
v -50.4000 62.0000 67.7500
v -51.8678 62.0000 67.5175
v -53.1920 62.0000 66.8428
v -54.2428 62.0000 65.7920
v -54.9175 62.0000 64.4678
v -55.1500 62.0000 63.0000
v -54.9175 62.0000 61.5322
v -54.2428 62.0000 60.2080
v -53.1920 62.0000 59.1572
v -51.8678 62.0000 58.4825
v -50.4000 62.0000 58.2500
v -48.9322 62.0000 58.4825
v -47.6080 62.0000 59.1572
v -46.5572 62.0000 60.2080
v -45.8825 62.0000 61.5322
v -45.6500 998.0000 63.0000
v -45.8825 998.0000 64.4678
v -46.5572 998.0000 65.7920
v -47.6080 998.0000 66.8428
v -48.9322 998.0000 67.5175
v -50.4000 998.0000 67.7500
v -51.8678 998.0000 67.5175
v -53.1920 998.0000 66.8428
v -54.2428 998.0000 65.7920
v -54.9175 998.0000 64.4678
v -55.1500 998.0000 63.0000
v -54.9175 998.0000 61.5322
v -54.2428 998.0000 60.2080
v -53.1920 998.0000 59.1572
v -51.8678 998.0000 58.4825
v -50.4000 998.0000 58.2500
v -48.9322 998.0000 58.4825
v -47.6080 998.0000 59.1572
v -46.5572 998.0000 60.2080
v -45.8825 998.0000 61.5322
v -45.6500 62.0000 63.0000
v -45.8825 62.0000 64.4678
v -46.5572 62.0000 65.7920
v -47.6080 62.0000 66.8428
v -48.9322 62.0000 67.5175
v -50.4000 62.0000 67.7500
v -51.8678 62.0000 67.5175
v -53.1920 62.0000 66.8428
v -54.2428 62.0000 65.7920
v -54.9175 62.0000 64.4678
v -55.1500 62.0000 63.0000
v -54.9175 62.0000 61.5322
v -54.2428 62.0000 60.2080
v -53.1920 62.0000 59.1572
v -51.8678 62.0000 58.4825
v -50.4000 62.0000 58.2500
v -48.9322 62.0000 58.4825
v -47.6080 62.0000 59.1572
v -46.5572 62.0000 60.2080
v -45.8825 62.0000 61.5322
v -45.6500 998.0000 63.0000
v -45.8825 998.0000 64.4678
v -46.5572 998.0000 65.7920
v -47.6080 998.0000 66.8428
v -48.9322 998.0000 67.5175
v -50.4000 998.0000 67.7500
v -51.8678 998.0000 67.5175
v -53.1920 998.0000 66.8428
v -54.2428 998.0000 65.7920
v -54.9175 998.0000 64.4678
v -55.1500 998.0000 63.0000
v -54.9175 998.0000 61.5322
v -54.2428 998.0000 60.2080
v -53.1920 998.0000 59.1572
v -51.8678 998.0000 58.4825
v -50.4000 998.0000 58.2500
v -48.9322 998.0000 58.4825
v -47.6080 998.0000 59.1572
v -46.5572 998.0000 60.2080
v -45.8825 998.0000 61.5322
v -33.0500 62.0000 63.0000
v -33.2825 62.0000 64.4678
v -33.9572 62.0000 65.7920
v -35.0080 62.0000 66.8428
v -36.3322 62.0000 67.5175
v -37.8000 62.0000 67.7500
v -39.2678 62.0000 67.5175
v -40.5920 62.0000 66.8428
v -41.6428 62.0000 65.7920
v -42.3175 62.0000 64.4678
v -42.5500 62.0000 63.0000
v -42.3175 62.0000 61.5322
v -41.6428 62.0000 60.2080
v -40.5920 62.0000 59.1572
v -39.2678 62.0000 58.4825
v -37.8000 62.0000 58.2500
v -36.3322 62.0000 58.4825
v -35.0080 62.0000 59.1572
v -33.9572 62.0000 60.2080
v -33.2825 62.0000 61.5322
v -33.0500 998.0000 63.0000
v -33.2825 998.0000 64.4678
v -33.9572 998.0000 65.7920
v -35.0080 998.0000 66.8428
v -36.3322 998.0000 67.5175
v -37.8000 998.0000 67.7500
v -39.2678 998.0000 67.5175
v -40.5920 998.0000 66.8428
v -41.6428 998.0000 65.7920
v -42.3175 998.0000 64.4678
v -42.5500 998.0000 63.0000
v -42.3175 998.0000 61.5322
v -41.6428 998.0000 60.2080
v -40.5920 998.0000 59.1572
v -39.2678 998.0000 58.4825
v -37.8000 998.0000 58.2500
v -36.3322 998.0000 58.4825
v -35.0080 998.0000 59.1572
v -33.9572 998.0000 60.2080
v -33.2825 998.0000 61.5322
v -33.0500 62.0000 63.0000
v -33.2825 62.0000 64.4678
v -33.9572 62.0000 65.7920
v -35.0080 62.0000 66.8428
v -36.3322 62.0000 67.5175
v -37.8000 62.0000 67.7500
v -39.2678 62.0000 67.5175
v -40.5920 62.0000 66.8428
v -41.6428 62.0000 65.7920
v -42.3175 62.0000 64.4678
v -42.5500 62.0000 63.0000
v -42.3175 62.0000 61.5322
v -41.6428 62.0000 60.2080
v -40.5920 62.0000 59.1572
v -39.2678 62.0000 58.4825
v -37.8000 62.0000 58.2500
v -36.3322 62.0000 58.4825
v -35.0080 62.0000 59.1572
v -33.9572 62.0000 60.2080
v -33.2825 62.0000 61.5322
v -33.0500 998.0000 63.0000
v -33.2825 998.0000 64.4678
v -33.9572 998.0000 65.7920
v -35.0080 998.0000 66.8428
v -36.3322 998.0000 67.5175
v -37.8000 998.0000 67.7500
v -39.2678 998.0000 67.5175
v -40.5920 998.0000 66.8428
v -41.6428 998.0000 65.7920
v -42.3175 998.0000 64.4678
v -42.5500 998.0000 63.0000
v -42.3175 998.0000 61.5322
v -41.6428 998.0000 60.2080
v -40.5920 998.0000 59.1572
v -39.2678 998.0000 58.4825
v -37.8000 998.0000 58.2500
v -36.3322 998.0000 58.4825
v -35.0080 998.0000 59.1572
v -33.9572 998.0000 60.2080
v -33.2825 998.0000 61.5322
v -20.4500 62.0000 63.0000
v -20.6825 62.0000 64.4678
v -21.3572 62.0000 65.7920
v -22.4080 62.0000 66.8428
v -23.7322 62.0000 67.5175
v -25.2000 62.0000 67.7500
v -26.6678 62.0000 67.5175
v -27.9920 62.0000 66.8428
v -29.0428 62.0000 65.7920
v -29.7175 62.0000 64.4678
v -29.9500 62.0000 63.0000
v -29.7175 62.0000 61.5322
v -29.0428 62.0000 60.2080
v -27.9920 62.0000 59.1572
v -26.6678 62.0000 58.4825
v -25.2000 62.0000 58.2500
v -23.7322 62.0000 58.4825
v -22.4080 62.0000 59.1572
v -21.3572 62.0000 60.2080
v -20.6825 62.0000 61.5322
v -20.4500 998.0000 63.0000
v -20.6825 998.0000 64.4678
v -21.3572 998.0000 65.7920
v -22.4080 998.0000 66.8428
v -23.7322 998.0000 67.5175
v -25.2000 998.0000 67.7500
v -26.6678 998.0000 67.5175
v -27.9920 998.0000 66.8428
v -29.0428 998.0000 65.7920
v -29.7175 998.0000 64.4678
v -29.9500 998.0000 63.0000
v -29.7175 998.0000 61.5322
v -29.0428 998.0000 60.2080
v -27.9920 998.0000 59.1572
v -26.6678 998.0000 58.4825
v -25.2000 998.0000 58.2500
v -23.7322 998.0000 58.4825
v -22.4080 998.0000 59.1572
v -21.3572 998.0000 60.2080
v -20.6825 998.0000 61.5322
v -20.4500 62.0000 63.0000
v -20.6825 62.0000 64.4678
v -21.3572 62.0000 65.7920
v -22.4080 62.0000 66.8428
v -23.7322 62.0000 67.5175
v -25.2000 62.0000 67.7500
v -26.6678 62.0000 67.5175
v -27.9920 62.0000 66.8428
v -29.0428 62.0000 65.7920
v -29.7175 62.0000 64.4678
v -29.9500 62.0000 63.0000
v -29.7175 62.0000 61.5322
v -29.0428 62.0000 60.2080
v -27.9920 62.0000 59.1572
v -26.6678 62.0000 58.4825
v -25.2000 62.0000 58.2500
v -23.7322 62.0000 58.4825
v -22.4080 62.0000 59.1572
v -21.3572 62.0000 60.2080
v -20.6825 62.0000 61.5322
v -20.4500 998.0000 63.0000
v -20.6825 998.0000 64.4678
v -21.3572 998.0000 65.7920
v -22.4080 998.0000 66.8428
v -23.7322 998.0000 67.5175
v -25.2000 998.0000 67.7500
v -26.6678 998.0000 67.5175
v -27.9920 998.0000 66.8428
v -29.0428 998.0000 65.7920
v -29.7175 998.0000 64.4678
v -29.9500 998.0000 63.0000
v -29.7175 998.0000 61.5322
v -29.0428 998.0000 60.2080
v -27.9920 998.0000 59.1572
v -26.6678 998.0000 58.4825
v -25.2000 998.0000 58.2500
v -23.7322 998.0000 58.4825
v -22.4080 998.0000 59.1572
v -21.3572 998.0000 60.2080
v -20.6825 998.0000 61.5322
v -7.8500 62.0000 63.0000
v -8.0825 62.0000 64.4678
v -8.7572 62.0000 65.7920
v -9.8080 62.0000 66.8428
v -11.1322 62.0000 67.5175
v -12.6000 62.0000 67.7500
v -14.0678 62.0000 67.5175
v -15.3920 62.0000 66.8428
v -16.4428 62.0000 65.7920
v -17.1175 62.0000 64.4678
v -17.3500 62.0000 63.0000
v -17.1175 62.0000 61.5322
v -16.4428 62.0000 60.2080
v -15.3920 62.0000 59.1572
v -14.0678 62.0000 58.4825
v -12.6000 62.0000 58.2500
v -11.1322 62.0000 58.4825
v -9.8080 62.0000 59.1572
v -8.7572 62.0000 60.2080
v -8.0825 62.0000 61.5322
v -7.8500 998.0000 63.0000
v -8.0825 998.0000 64.4678
v -8.7572 998.0000 65.7920
v -9.8080 998.0000 66.8428
v -11.1322 998.0000 67.5175
v -12.6000 998.0000 67.7500
v -14.0678 998.0000 67.5175
v -15.3920 998.0000 66.8428
v -16.4428 998.0000 65.7920
v -17.1175 998.0000 64.4678
v -17.3500 998.0000 63.0000
v -17.1175 998.0000 61.5322
v -16.4428 998.0000 60.2080
v -15.3920 998.0000 59.1572
v -14.0678 998.0000 58.4825
v -12.6000 998.0000 58.2500
v -11.1322 998.0000 58.4825
v -9.8080 998.0000 59.1572
v -8.7572 998.0000 60.2080
v -8.0825 998.0000 61.5322
v -7.8500 62.0000 63.0000
v -8.0825 62.0000 64.4678
v -8.7572 62.0000 65.7920
v -9.8080 62.0000 66.8428
v -11.1322 62.0000 67.5175
v -12.6000 62.0000 67.7500
v -14.0678 62.0000 67.5175
v -15.3920 62.0000 66.8428
v -16.4428 62.0000 65.7920
v -17.1175 62.0000 64.4678
v -17.3500 62.0000 63.0000
v -17.1175 62.0000 61.5322
v -16.4428 62.0000 60.2080
v -15.3920 62.0000 59.1572
v -14.0678 62.0000 58.4825
v -12.6000 62.0000 58.2500
v -11.1322 62.0000 58.4825
v -9.8080 62.0000 59.1572
v -8.7572 62.0000 60.2080
v -8.0825 62.0000 61.5322
v -7.8500 998.0000 63.0000
v -8.0825 998.0000 64.4678
v -8.7572 998.0000 65.7920
v -9.8080 998.0000 66.8428
v -11.1322 998.0000 67.5175
v -12.6000 998.0000 67.7500
v -14.0678 998.0000 67.5175
v -15.3920 998.0000 66.8428
v -16.4428 998.0000 65.7920
v -17.1175 998.0000 64.4678
v -17.3500 998.0000 63.0000
v -17.1175 998.0000 61.5322
v -16.4428 998.0000 60.2080
v -15.3920 998.0000 59.1572
v -14.0678 998.0000 58.4825
v -12.6000 998.0000 58.2500
v -11.1322 998.0000 58.4825
v -9.8080 998.0000 59.1572
v -8.7572 998.0000 60.2080
v -8.0825 998.0000 61.5322
v 4.7500 62.0000 63.0000
v 4.5175 62.0000 64.4678
v 3.8428 62.0000 65.7920
v 2.7920 62.0000 66.8428
v 1.4678 62.0000 67.5175
v 0.0000 62.0000 67.7500
v -1.4678 62.0000 67.5175
v -2.7920 62.0000 66.8428
v -3.8428 62.0000 65.7920
v -4.5175 62.0000 64.4678
v -4.7500 62.0000 63.0000
v -4.5175 62.0000 61.5322
v -3.8428 62.0000 60.2080
v -2.7920 62.0000 59.1572
v -1.4678 62.0000 58.4825
v -0.0000 62.0000 58.2500
v 1.4678 62.0000 58.4825
v 2.7920 62.0000 59.1572
v 3.8428 62.0000 60.2080
v 4.5175 62.0000 61.5322
v 4.7500 998.0000 63.0000
v 4.5175 998.0000 64.4678
v 3.8428 998.0000 65.7920
v 2.7920 998.0000 66.8428
v 1.4678 998.0000 67.5175
v 0.0000 998.0000 67.7500
v -1.4678 998.0000 67.5175
v -2.7920 998.0000 66.8428
v -3.8428 998.0000 65.7920
v -4.5175 998.0000 64.4678
v -4.7500 998.0000 63.0000
v -4.5175 998.0000 61.5322
v -3.8428 998.0000 60.2080
v -2.7920 998.0000 59.1572
v -1.4678 998.0000 58.4825
v -0.0000 998.0000 58.2500
v 1.4678 998.0000 58.4825
v 2.7920 998.0000 59.1572
v 3.8428 998.0000 60.2080
v 4.5175 998.0000 61.5322
v 4.7500 62.0000 63.0000
v 4.5175 62.0000 64.4678
v 3.8428 62.0000 65.7920
v 2.7920 62.0000 66.8428
v 1.4678 62.0000 67.5175
v 0.0000 62.0000 67.7500
v -1.4678 62.0000 67.5175
v -2.7920 62.0000 66.8428
v -3.8428 62.0000 65.7920
v -4.5175 62.0000 64.4678
v -4.7500 62.0000 63.0000
v -4.5175 62.0000 61.5322
v -3.8428 62.0000 60.2080
v -2.7920 62.0000 59.1572
v -1.4678 62.0000 58.4825
v -0.0000 62.0000 58.2500
v 1.4678 62.0000 58.4825
v 2.7920 62.0000 59.1572
v 3.8428 62.0000 60.2080
v 4.5175 62.0000 61.5322
v 4.7500 998.0000 63.0000
v 4.5175 998.0000 64.4678
v 3.8428 998.0000 65.7920
v 2.7920 998.0000 66.8428
v 1.4678 998.0000 67.5175
v 0.0000 998.0000 67.7500
v -1.4678 998.0000 67.5175
v -2.7920 998.0000 66.8428
v -3.8428 998.0000 65.7920
v -4.5175 998.0000 64.4678
v -4.7500 998.0000 63.0000
v -4.5175 998.0000 61.5322
v -3.8428 998.0000 60.2080
v -2.7920 998.0000 59.1572
v -1.4678 998.0000 58.4825
v -0.0000 998.0000 58.2500
v 1.4678 998.0000 58.4825
v 2.7920 998.0000 59.1572
v 3.8428 998.0000 60.2080
v 4.5175 998.0000 61.5322
v 17.3500 62.0000 63.0000
v 17.1175 62.0000 64.4678
v 16.4428 62.0000 65.7920
v 15.3920 62.0000 66.8428
v 14.0678 62.0000 67.5175
v 12.6000 62.0000 67.7500
v 11.1322 62.0000 67.5175
v 9.8080 62.0000 66.8428
v 8.7572 62.0000 65.7920
v 8.0825 62.0000 64.4678
v 7.8500 62.0000 63.0000
v 8.0825 62.0000 61.5322
v 8.7572 62.0000 60.2080
v 9.8080 62.0000 59.1572
v 11.1322 62.0000 58.4825
v 12.6000 62.0000 58.2500
v 14.0678 62.0000 58.4825
v 15.3920 62.0000 59.1572
v 16.4428 62.0000 60.2080
v 17.1175 62.0000 61.5322
v 17.3500 998.0000 63.0000
v 17.1175 998.0000 64.4678
v 16.4428 998.0000 65.7920
v 15.3920 998.0000 66.8428
v 14.0678 998.0000 67.5175
v 12.6000 998.0000 67.7500
v 11.1322 998.0000 67.5175
v 9.8080 998.0000 66.8428
v 8.7572 998.0000 65.7920
v 8.0825 998.0000 64.4678
v 7.8500 998.0000 63.0000
v 8.0825 998.0000 61.5322
v 8.7572 998.0000 60.2080
v 9.8080 998.0000 59.1572
v 11.1322 998.0000 58.4825
v 12.6000 998.0000 58.2500
v 14.0678 998.0000 58.4825
v 15.3920 998.0000 59.1572
v 16.4428 998.0000 60.2080
v 17.1175 998.0000 61.5322
v 17.3500 62.0000 63.0000
v 17.1175 62.0000 64.4678
v 16.4428 62.0000 65.7920
v 15.3920 62.0000 66.8428
v 14.0678 62.0000 67.5175
v 12.6000 62.0000 67.7500
v 11.1322 62.0000 67.5175
v 9.8080 62.0000 66.8428
v 8.7572 62.0000 65.7920
v 8.0825 62.0000 64.4678
v 7.8500 62.0000 63.0000
v 8.0825 62.0000 61.5322
v 8.7572 62.0000 60.2080
v 9.8080 62.0000 59.1572
v 11.1322 62.0000 58.4825
v 12.6000 62.0000 58.2500
v 14.0678 62.0000 58.4825
v 15.3920 62.0000 59.1572
v 16.4428 62.0000 60.2080
v 17.1175 62.0000 61.5322
v 17.3500 998.0000 63.0000
v 17.1175 998.0000 64.4678
v 16.4428 998.0000 65.7920
v 15.3920 998.0000 66.8428
v 14.0678 998.0000 67.5175
v 12.6000 998.0000 67.7500
v 11.1322 998.0000 67.5175
v 9.8080 998.0000 66.8428
v 8.7572 998.0000 65.7920
v 8.0825 998.0000 64.4678
v 7.8500 998.0000 63.0000
v 8.0825 998.0000 61.5322
v 8.7572 998.0000 60.2080
v 9.8080 998.0000 59.1572
v 11.1322 998.0000 58.4825
v 12.6000 998.0000 58.2500
v 14.0678 998.0000 58.4825
v 15.3920 998.0000 59.1572
v 16.4428 998.0000 60.2080
v 17.1175 998.0000 61.5322
v 29.9500 62.0000 63.0000
v 29.7175 62.0000 64.4678
v 29.0428 62.0000 65.7920
v 27.9920 62.0000 66.8428
v 26.6678 62.0000 67.5175
v 25.2000 62.0000 67.7500
v 23.7322 62.0000 67.5175
v 22.4080 62.0000 66.8428
v 21.3572 62.0000 65.7920
v 20.6825 62.0000 64.4678
v 20.4500 62.0000 63.0000
v 20.6825 62.0000 61.5322
v 21.3572 62.0000 60.2080
v 22.4080 62.0000 59.1572
v 23.7322 62.0000 58.4825
v 25.2000 62.0000 58.2500
v 26.6678 62.0000 58.4825
v 27.9920 62.0000 59.1572
v 29.0428 62.0000 60.2080
v 29.7175 62.0000 61.5322
v 29.9500 998.0000 63.0000
v 29.7175 998.0000 64.4678
v 29.0428 998.0000 65.7920
v 27.9920 998.0000 66.8428
v 26.6678 998.0000 67.5175
v 25.2000 998.0000 67.7500
v 23.7322 998.0000 67.5175
v 22.4080 998.0000 66.8428
v 21.3572 998.0000 65.7920
v 20.6825 998.0000 64.4678
v 20.4500 998.0000 63.0000
v 20.6825 998.0000 61.5322
v 21.3572 998.0000 60.2080
v 22.4080 998.0000 59.1572
v 23.7322 998.0000 58.4825
v 25.2000 998.0000 58.2500
v 26.6678 998.0000 58.4825
v 27.9920 998.0000 59.1572
v 29.0428 998.0000 60.2080
v 29.7175 998.0000 61.5322
v 29.9500 62.0000 63.0000
v 29.7175 62.0000 64.4678
v 29.0428 62.0000 65.7920
v 27.9920 62.0000 66.8428
v 26.6678 62.0000 67.5175
v 25.2000 62.0000 67.7500
v 23.7322 62.0000 67.5175
v 22.4080 62.0000 66.8428
v 21.3572 62.0000 65.7920
v 20.6825 62.0000 64.4678
v 20.4500 62.0000 63.0000
v 20.6825 62.0000 61.5322
v 21.3572 62.0000 60.2080
v 22.4080 62.0000 59.1572
v 23.7322 62.0000 58.4825
v 25.2000 62.0000 58.2500
v 26.6678 62.0000 58.4825
v 27.9920 62.0000 59.1572
v 29.0428 62.0000 60.2080
v 29.7175 62.0000 61.5322
v 29.9500 998.0000 63.0000
v 29.7175 998.0000 64.4678
v 29.0428 998.0000 65.7920
v 27.9920 998.0000 66.8428
v 26.6678 998.0000 67.5175
v 25.2000 998.0000 67.7500
v 23.7322 998.0000 67.5175
v 22.4080 998.0000 66.8428
v 21.3572 998.0000 65.7920
v 20.6825 998.0000 64.4678
v 20.4500 998.0000 63.0000
v 20.6825 998.0000 61.5322
v 21.3572 998.0000 60.2080
v 22.4080 998.0000 59.1572
v 23.7322 998.0000 58.4825
v 25.2000 998.0000 58.2500
v 26.6678 998.0000 58.4825
v 27.9920 998.0000 59.1572
v 29.0428 998.0000 60.2080
v 29.7175 998.0000 61.5322
v 42.5500 62.0000 63.0000
v 42.3175 62.0000 64.4678
v 41.6428 62.0000 65.7920
v 40.5920 62.0000 66.8428
v 39.2678 62.0000 67.5175
v 37.8000 62.0000 67.7500
v 36.3322 62.0000 67.5175
v 35.0080 62.0000 66.8428
v 33.9572 62.0000 65.7920
v 33.2825 62.0000 64.4678
v 33.0500 62.0000 63.0000
v 33.2825 62.0000 61.5322
v 33.9572 62.0000 60.2080
v 35.0080 62.0000 59.1572
v 36.3322 62.0000 58.4825
v 37.8000 62.0000 58.2500
v 39.2678 62.0000 58.4825
v 40.5920 62.0000 59.1572
v 41.6428 62.0000 60.2080
v 42.3175 62.0000 61.5322
v 42.5500 998.0000 63.0000
v 42.3175 998.0000 64.4678
v 41.6428 998.0000 65.7920
v 40.5920 998.0000 66.8428
v 39.2678 998.0000 67.5175
v 37.8000 998.0000 67.7500
v 36.3322 998.0000 67.5175
v 35.0080 998.0000 66.8428
v 33.9572 998.0000 65.7920
v 33.2825 998.0000 64.4678
v 33.0500 998.0000 63.0000
v 33.2825 998.0000 61.5322
v 33.9572 998.0000 60.2080
v 35.0080 998.0000 59.1572
v 36.3322 998.0000 58.4825
v 37.8000 998.0000 58.2500
v 39.2678 998.0000 58.4825
v 40.5920 998.0000 59.1572
v 41.6428 998.0000 60.2080
v 42.3175 998.0000 61.5322
v 42.5500 62.0000 63.0000
v 42.3175 62.0000 64.4678
v 41.6428 62.0000 65.7920
v 40.5920 62.0000 66.8428
v 39.2678 62.0000 67.5175
v 37.8000 62.0000 67.7500
v 36.3322 62.0000 67.5175
v 35.0080 62.0000 66.8428
v 33.9572 62.0000 65.7920
v 33.2825 62.0000 64.4678
v 33.0500 62.0000 63.0000
v 33.2825 62.0000 61.5322
v 33.9572 62.0000 60.2080
v 35.0080 62.0000 59.1572
v 36.3322 62.0000 58.4825
v 37.8000 62.0000 58.2500
v 39.2678 62.0000 58.4825
v 40.5920 62.0000 59.1572
v 41.6428 62.0000 60.2080
v 42.3175 62.0000 61.5322
v 42.5500 998.0000 63.0000
v 42.3175 998.0000 64.4678
v 41.6428 998.0000 65.7920
v 40.5920 998.0000 66.8428
v 39.2678 998.0000 67.5175
v 37.8000 998.0000 67.7500
v 36.3322 998.0000 67.5175
v 35.0080 998.0000 66.8428
v 33.9572 998.0000 65.7920
v 33.2825 998.0000 64.4678
v 33.0500 998.0000 63.0000
v 33.2825 998.0000 61.5322
v 33.9572 998.0000 60.2080
v 35.0080 998.0000 59.1572
v 36.3322 998.0000 58.4825
v 37.8000 998.0000 58.2500
v 39.2678 998.0000 58.4825
v 40.5920 998.0000 59.1572
v 41.6428 998.0000 60.2080
v 42.3175 998.0000 61.5322
v 55.1500 62.0000 63.0000
v 54.9175 62.0000 64.4678
v 54.2428 62.0000 65.7920
v 53.1920 62.0000 66.8428
v 51.8678 62.0000 67.5175
v 50.4000 62.0000 67.7500
v 48.9322 62.0000 67.5175
v 47.6080 62.0000 66.8428
v 46.5572 62.0000 65.7920
v 45.8825 62.0000 64.4678
v 45.6500 62.0000 63.0000
v 45.8825 62.0000 61.5322
v 46.5572 62.0000 60.2080
v 47.6080 62.0000 59.1572
v 48.9322 62.0000 58.4825
v 50.4000 62.0000 58.2500
v 51.8678 62.0000 58.4825
v 53.1920 62.0000 59.1572
v 54.2428 62.0000 60.2080
v 54.9175 62.0000 61.5322
v 55.1500 998.0000 63.0000
v 54.9175 998.0000 64.4678
v 54.2428 998.0000 65.7920
v 53.1920 998.0000 66.8428
v 51.8678 998.0000 67.5175
v 50.4000 998.0000 67.7500
v 48.9322 998.0000 67.5175
v 47.6080 998.0000 66.8428
v 46.5572 998.0000 65.7920
v 45.8825 998.0000 64.4678
v 45.6500 998.0000 63.0000
v 45.8825 998.0000 61.5322
v 46.5572 998.0000 60.2080
v 47.6080 998.0000 59.1572
v 48.9322 998.0000 58.4825
v 50.4000 998.0000 58.2500
v 51.8678 998.0000 58.4825
v 53.1920 998.0000 59.1572
v 54.2428 998.0000 60.2080
v 54.9175 998.0000 61.5322
v 55.1500 62.0000 63.0000
v 54.9175 62.0000 64.4678
v 54.2428 62.0000 65.7920
v 53.1920 62.0000 66.8428
v 51.8678 62.0000 67.5175
v 50.4000 62.0000 67.7500
v 48.9322 62.0000 67.5175
v 47.6080 62.0000 66.8428
v 46.5572 62.0000 65.7920
v 45.8825 62.0000 64.4678
v 45.6500 62.0000 63.0000
v 45.8825 62.0000 61.5322
v 46.5572 62.0000 60.2080
v 47.6080 62.0000 59.1572
v 48.9322 62.0000 58.4825
v 50.4000 62.0000 58.2500
v 51.8678 62.0000 58.4825
v 53.1920 62.0000 59.1572
v 54.2428 62.0000 60.2080
v 54.9175 62.0000 61.5322
v 55.1500 998.0000 63.0000
v 54.9175 998.0000 64.4678
v 54.2428 998.0000 65.7920
v 53.1920 998.0000 66.8428
v 51.8678 998.0000 67.5175
v 50.4000 998.0000 67.7500
v 48.9322 998.0000 67.5175
v 47.6080 998.0000 66.8428
v 46.5572 998.0000 65.7920
v 45.8825 998.0000 64.4678
v 45.6500 998.0000 63.0000
v 45.8825 998.0000 61.5322
v 46.5572 998.0000 60.2080
v 47.6080 998.0000 59.1572
v 48.9322 998.0000 58.4825
v 50.4000 998.0000 58.2500
v 51.8678 998.0000 58.4825
v 53.1920 998.0000 59.1572
v 54.2428 998.0000 60.2080
v 54.9175 998.0000 61.5322
v 80.3500 62.0000 63.0000
v 80.1175 62.0000 64.4678
v 79.4428 62.0000 65.7920
v 78.3920 62.0000 66.8428
v 77.0678 62.0000 67.5175
v 75.6000 62.0000 67.7500
v 74.1322 62.0000 67.5175
v 72.8080 62.0000 66.8428
v 71.7572 62.0000 65.7920
v 71.0825 62.0000 64.4678
v 70.8500 62.0000 63.0000
v 71.0825 62.0000 61.5322
v 71.7572 62.0000 60.2080
v 72.8080 62.0000 59.1572
v 74.1322 62.0000 58.4825
v 75.6000 62.0000 58.2500
v 77.0678 62.0000 58.4825
v 78.3920 62.0000 59.1572
v 79.4428 62.0000 60.2080
v 80.1175 62.0000 61.5322
v 80.3500 998.0000 63.0000
v 80.1175 998.0000 64.4678
v 79.4428 998.0000 65.7920
v 78.3920 998.0000 66.8428
v 77.0678 998.0000 67.5175
v 75.6000 998.0000 67.7500
v 74.1322 998.0000 67.5175
v 72.8080 998.0000 66.8428
v 71.7572 998.0000 65.7920
v 71.0825 998.0000 64.4678
v 70.8500 998.0000 63.0000
v 71.0825 998.0000 61.5322
v 71.7572 998.0000 60.2080
v 72.8080 998.0000 59.1572
v 74.1322 998.0000 58.4825
v 75.6000 998.0000 58.2500
v 77.0678 998.0000 58.4825
v 78.3920 998.0000 59.1572
v 79.4428 998.0000 60.2080
v 80.1175 998.0000 61.5322
v 80.3500 62.0000 63.0000
v 80.1175 62.0000 64.4678
v 79.4428 62.0000 65.7920
v 78.3920 62.0000 66.8428
v 77.0678 62.0000 67.5175
v 75.6000 62.0000 67.7500
v 74.1322 62.0000 67.5175
v 72.8080 62.0000 66.8428
v 71.7572 62.0000 65.7920
v 71.0825 62.0000 64.4678
v 70.8500 62.0000 63.0000
v 71.0825 62.0000 61.5322
v 71.7572 62.0000 60.2080
v 72.8080 62.0000 59.1572
v 74.1322 62.0000 58.4825
v 75.6000 62.0000 58.2500
v 77.0678 62.0000 58.4825
v 78.3920 62.0000 59.1572
v 79.4428 62.0000 60.2080
v 80.1175 62.0000 61.5322
v 80.3500 998.0000 63.0000
v 80.1175 998.0000 64.4678
v 79.4428 998.0000 65.7920
v 78.3920 998.0000 66.8428
v 77.0678 998.0000 67.5175
v 75.6000 998.0000 67.7500
v 74.1322 998.0000 67.5175
v 72.8080 998.0000 66.8428
v 71.7572 998.0000 65.7920
v 71.0825 998.0000 64.4678
v 70.8500 998.0000 63.0000
v 71.0825 998.0000 61.5322
v 71.7572 998.0000 60.2080
v 72.8080 998.0000 59.1572
v 74.1322 998.0000 58.4825
v 75.6000 998.0000 58.2500
v 77.0678 998.0000 58.4825
v 78.3920 998.0000 59.1572
v 79.4428 998.0000 60.2080
v 80.1175 998.0000 61.5322
v 92.9500 62.0000 63.0000
v 92.7175 62.0000 64.4678
v 92.0428 62.0000 65.7920
v 90.9920 62.0000 66.8428
v 89.6678 62.0000 67.5175
v 88.2000 62.0000 67.7500
v 86.7322 62.0000 67.5175
v 85.4080 62.0000 66.8428
v 84.3572 62.0000 65.7920
v 83.6825 62.0000 64.4678
v 83.4500 62.0000 63.0000
v 83.6825 62.0000 61.5322
v 84.3572 62.0000 60.2080
v 85.4080 62.0000 59.1572
v 86.7322 62.0000 58.4825
v 88.2000 62.0000 58.2500
v 89.6678 62.0000 58.4825
v 90.9920 62.0000 59.1572
v 92.0428 62.0000 60.2080
v 92.7175 62.0000 61.5322
v 92.9500 998.0000 63.0000
v 92.7175 998.0000 64.4678
v 92.0428 998.0000 65.7920
v 90.9920 998.0000 66.8428
v 89.6678 998.0000 67.5175
v 88.2000 998.0000 67.7500
v 86.7322 998.0000 67.5175
v 85.4080 998.0000 66.8428
v 84.3572 998.0000 65.7920
v 83.6825 998.0000 64.4678
v 83.4500 998.0000 63.0000
v 83.6825 998.0000 61.5322
v 84.3572 998.0000 60.2080
v 85.4080 998.0000 59.1572
v 86.7322 998.0000 58.4825
v 88.2000 998.0000 58.2500
v 89.6678 998.0000 58.4825
v 90.9920 998.0000 59.1572
v 92.0428 998.0000 60.2080
v 92.7175 998.0000 61.5322
v 92.9500 62.0000 63.0000
v 92.7175 62.0000 64.4678
v 92.0428 62.0000 65.7920
v 90.9920 62.0000 66.8428
v 89.6678 62.0000 67.5175
v 88.2000 62.0000 67.7500
v 86.7322 62.0000 67.5175
v 85.4080 62.0000 66.8428
v 84.3572 62.0000 65.7920
v 83.6825 62.0000 64.4678
v 83.4500 62.0000 63.0000
v 83.6825 62.0000 61.5322
v 84.3572 62.0000 60.2080
v 85.4080 62.0000 59.1572
v 86.7322 62.0000 58.4825
v 88.2000 62.0000 58.2500
v 89.6678 62.0000 58.4825
v 90.9920 62.0000 59.1572
v 92.0428 62.0000 60.2080
v 92.7175 62.0000 61.5322
v 92.9500 998.0000 63.0000
v 92.7175 998.0000 64.4678
v 92.0428 998.0000 65.7920
v 90.9920 998.0000 66.8428
v 89.6678 998.0000 67.5175
v 88.2000 998.0000 67.7500
v 86.7322 998.0000 67.5175
v 85.4080 998.0000 66.8428
v 84.3572 998.0000 65.7920
v 83.6825 998.0000 64.4678
v 83.4500 998.0000 63.0000
v 83.6825 998.0000 61.5322
v 84.3572 998.0000 60.2080
v 85.4080 998.0000 59.1572
v 86.7322 998.0000 58.4825
v 88.2000 998.0000 58.2500
v 89.6678 998.0000 58.4825
v 90.9920 998.0000 59.1572
v 92.0428 998.0000 60.2080
v 92.7175 998.0000 61.5322
v 105.5500 62.0000 63.0000
v 105.3175 62.0000 64.4678
v 104.6428 62.0000 65.7920
v 103.5920 62.0000 66.8428
v 102.2678 62.0000 67.5175
v 100.8000 62.0000 67.7500
v 99.3322 62.0000 67.5175
v 98.0080 62.0000 66.8428
v 96.9572 62.0000 65.7920
v 96.2825 62.0000 64.4678
v 96.0500 62.0000 63.0000
v 96.2825 62.0000 61.5322
v 96.9572 62.0000 60.2080
v 98.0080 62.0000 59.1572
v 99.3322 62.0000 58.4825
v 100.8000 62.0000 58.2500
v 102.2678 62.0000 58.4825
v 103.5920 62.0000 59.1572
v 104.6428 62.0000 60.2080
v 105.3175 62.0000 61.5322
v 105.5500 998.0000 63.0000
v 105.3175 998.0000 64.4678
v 104.6428 998.0000 65.7920
v 103.5920 998.0000 66.8428
v 102.2678 998.0000 67.5175
v 100.8000 998.0000 67.7500
v 99.3322 998.0000 67.5175
v 98.0080 998.0000 66.8428
v 96.9572 998.0000 65.7920
v 96.2825 998.0000 64.4678
v 96.0500 998.0000 63.0000
v 96.2825 998.0000 61.5322
v 96.9572 998.0000 60.2080
v 98.0080 998.0000 59.1572
v 99.3322 998.0000 58.4825
v 100.8000 998.0000 58.2500
v 102.2678 998.0000 58.4825
v 103.5920 998.0000 59.1572
v 104.6428 998.0000 60.2080
v 105.3175 998.0000 61.5322
v 105.5500 62.0000 63.0000
v 105.3175 62.0000 64.4678
v 104.6428 62.0000 65.7920
v 103.5920 62.0000 66.8428
v 102.2678 62.0000 67.5175
v 100.8000 62.0000 67.7500
v 99.3322 62.0000 67.5175
v 98.0080 62.0000 66.8428
v 96.9572 62.0000 65.7920
v 96.2825 62.0000 64.4678
v 96.0500 62.0000 63.0000
v 96.2825 62.0000 61.5322
v 96.9572 62.0000 60.2080
v 98.0080 62.0000 59.1572
v 99.3322 62.0000 58.4825
v 100.8000 62.0000 58.2500
v 102.2678 62.0000 58.4825
v 103.5920 62.0000 59.1572
v 104.6428 62.0000 60.2080
v 105.3175 62.0000 61.5322
v 105.5500 998.0000 63.0000
v 105.3175 998.0000 64.4678
v 104.6428 998.0000 65.7920
v 103.5920 998.0000 66.8428
v 102.2678 998.0000 67.5175
v 100.8000 998.0000 67.7500
v 99.3322 998.0000 67.5175
v 98.0080 998.0000 66.8428
v 96.9572 998.0000 65.7920
v 96.2825 998.0000 64.4678
v 96.0500 998.0000 63.0000
v 96.2825 998.0000 61.5322
v 96.9572 998.0000 60.2080
v 98.0080 998.0000 59.1572
v 99.3322 998.0000 58.4825
v 100.8000 998.0000 58.2500
v 102.2678 998.0000 58.4825
v 103.5920 998.0000 59.1572
v 104.6428 998.0000 60.2080
v 105.3175 998.0000 61.5322
v -96.0500 62.0000 75.6000
v -96.2825 62.0000 77.0678
v -96.9572 62.0000 78.3920
v -98.0080 62.0000 79.4428
v -99.3322 62.0000 80.1175
v -100.8000 62.0000 80.3500
v -102.2678 62.0000 80.1175
v -103.5920 62.0000 79.4428
v -104.6428 62.0000 78.3920
v -105.3175 62.0000 77.0678
v -105.5500 62.0000 75.6000
v -105.3175 62.0000 74.1322
v -104.6428 62.0000 72.8080
v -103.5920 62.0000 71.7572
v -102.2678 62.0000 71.0825
v -100.8000 62.0000 70.8500
v -99.3322 62.0000 71.0825
v -98.0080 62.0000 71.7572
v -96.9572 62.0000 72.8080
v -96.2825 62.0000 74.1322
v -96.0500 998.0000 75.6000
v -96.2825 998.0000 77.0678
v -96.9572 998.0000 78.3920
v -98.0080 998.0000 79.4428
v -99.3322 998.0000 80.1175
v -100.8000 998.0000 80.3500
v -102.2678 998.0000 80.1175
v -103.5920 998.0000 79.4428
v -104.6428 998.0000 78.3920
v -105.3175 998.0000 77.0678
v -105.5500 998.0000 75.6000
v -105.3175 998.0000 74.1322
v -104.6428 998.0000 72.8080
v -103.5920 998.0000 71.7572
v -102.2678 998.0000 71.0825
v -100.8000 998.0000 70.8500
v -99.3322 998.0000 71.0825
v -98.0080 998.0000 71.7572
v -96.9572 998.0000 72.8080
v -96.2825 998.0000 74.1322
v -96.0500 62.0000 75.6000
v -96.2825 62.0000 77.0678
v -96.9572 62.0000 78.3920
v -98.0080 62.0000 79.4428
v -99.3322 62.0000 80.1175
v -100.8000 62.0000 80.3500
v -102.2678 62.0000 80.1175
v -103.5920 62.0000 79.4428
v -104.6428 62.0000 78.3920
v -105.3175 62.0000 77.0678
v -105.5500 62.0000 75.6000
v -105.3175 62.0000 74.1322
v -104.6428 62.0000 72.8080
v -103.5920 62.0000 71.7572
v -102.2678 62.0000 71.0825
v -100.8000 62.0000 70.8500
v -99.3322 62.0000 71.0825
v -98.0080 62.0000 71.7572
v -96.9572 62.0000 72.8080
v -96.2825 62.0000 74.1322
v -96.0500 998.0000 75.6000
v -96.2825 998.0000 77.0678
v -96.9572 998.0000 78.3920
v -98.0080 998.0000 79.4428
v -99.3322 998.0000 80.1175
v -100.8000 998.0000 80.3500
v -102.2678 998.0000 80.1175
v -103.5920 998.0000 79.4428
v -104.6428 998.0000 78.3920
v -105.3175 998.0000 77.0678
v -105.5500 998.0000 75.6000
v -105.3175 998.0000 74.1322
v -104.6428 998.0000 72.8080
v -103.5920 998.0000 71.7572
v -102.2678 998.0000 71.0825
v -100.8000 998.0000 70.8500
v -99.3322 998.0000 71.0825
v -98.0080 998.0000 71.7572
v -96.9572 998.0000 72.8080
v -96.2825 998.0000 74.1322
v -83.4500 62.0000 75.6000
v -83.6825 62.0000 77.0678
v -84.3572 62.0000 78.3920
v -85.4080 62.0000 79.4428
v -86.7322 62.0000 80.1175
v -88.2000 62.0000 80.3500
v -89.6678 62.0000 80.1175
v -90.9920 62.0000 79.4428
v -92.0428 62.0000 78.3920
v -92.7175 62.0000 77.0678
v -92.9500 62.0000 75.6000
v -92.7175 62.0000 74.1322
v -92.0428 62.0000 72.8080
v -90.9920 62.0000 71.7572
v -89.6678 62.0000 71.0825
v -88.2000 62.0000 70.8500
v -86.7322 62.0000 71.0825
v -85.4080 62.0000 71.7572
v -84.3572 62.0000 72.8080
v -83.6825 62.0000 74.1322
v -83.4500 998.0000 75.6000
v -83.6825 998.0000 77.0678
v -84.3572 998.0000 78.3920
v -85.4080 998.0000 79.4428
v -86.7322 998.0000 80.1175
v -88.2000 998.0000 80.3500
v -89.6678 998.0000 80.1175
v -90.9920 998.0000 79.4428
v -92.0428 998.0000 78.3920
v -92.7175 998.0000 77.0678
v -92.9500 998.0000 75.6000
v -92.7175 998.0000 74.1322
v -92.0428 998.0000 72.8080
v -90.9920 998.0000 71.7572
v -89.6678 998.0000 71.0825
v -88.2000 998.0000 70.8500
v -86.7322 998.0000 71.0825
v -85.4080 998.0000 71.7572
v -84.3572 998.0000 72.8080
v -83.6825 998.0000 74.1322
v -83.4500 62.0000 75.6000
v -83.6825 62.0000 77.0678
v -84.3572 62.0000 78.3920
v -85.4080 62.0000 79.4428
v -86.7322 62.0000 80.1175
v -88.2000 62.0000 80.3500
v -89.6678 62.0000 80.1175
v -90.9920 62.0000 79.4428
v -92.0428 62.0000 78.3920
v -92.7175 62.0000 77.0678
v -92.9500 62.0000 75.6000
v -92.7175 62.0000 74.1322
v -92.0428 62.0000 72.8080
v -90.9920 62.0000 71.7572
v -89.6678 62.0000 71.0825
v -88.2000 62.0000 70.8500
v -86.7322 62.0000 71.0825
v -85.4080 62.0000 71.7572
v -84.3572 62.0000 72.8080
v -83.6825 62.0000 74.1322
v -83.4500 998.0000 75.6000
v -83.6825 998.0000 77.0678
v -84.3572 998.0000 78.3920
v -85.4080 998.0000 79.4428
v -86.7322 998.0000 80.1175
v -88.2000 998.0000 80.3500
v -89.6678 998.0000 80.1175
v -90.9920 998.0000 79.4428
v -92.0428 998.0000 78.3920
v -92.7175 998.0000 77.0678
v -92.9500 998.0000 75.6000
v -92.7175 998.0000 74.1322
v -92.0428 998.0000 72.8080
v -90.9920 998.0000 71.7572
v -89.6678 998.0000 71.0825
v -88.2000 998.0000 70.8500
v -86.7322 998.0000 71.0825
v -85.4080 998.0000 71.7572
v -84.3572 998.0000 72.8080
v -83.6825 998.0000 74.1322
v -70.8500 62.0000 75.6000
v -71.0825 62.0000 77.0678
v -71.7572 62.0000 78.3920
v -72.8080 62.0000 79.4428
v -74.1322 62.0000 80.1175
v -75.6000 62.0000 80.3500
v -77.0678 62.0000 80.1175
v -78.3920 62.0000 79.4428
v -79.4428 62.0000 78.3920
v -80.1175 62.0000 77.0678
v -80.3500 62.0000 75.6000
v -80.1175 62.0000 74.1322
v -79.4428 62.0000 72.8080
v -78.3920 62.0000 71.7572
v -77.0678 62.0000 71.0825
v -75.6000 62.0000 70.8500
v -74.1322 62.0000 71.0825
v -72.8080 62.0000 71.7572
v -71.7572 62.0000 72.8080
v -71.0825 62.0000 74.1322
v -70.8500 998.0000 75.6000
v -71.0825 998.0000 77.0678
v -71.7572 998.0000 78.3920
v -72.8080 998.0000 79.4428
v -74.1322 998.0000 80.1175
v -75.6000 998.0000 80.3500
v -77.0678 998.0000 80.1175
v -78.3920 998.0000 79.4428
v -79.4428 998.0000 78.3920
v -80.1175 998.0000 77.0678
v -80.3500 998.0000 75.6000
v -80.1175 998.0000 74.1322
v -79.4428 998.0000 72.8080
v -78.3920 998.0000 71.7572
v -77.0678 998.0000 71.0825
v -75.6000 998.0000 70.8500
v -74.1322 998.0000 71.0825
v -72.8080 998.0000 71.7572
v -71.7572 998.0000 72.8080
v -71.0825 998.0000 74.1322
v -70.8500 62.0000 75.6000
v -71.0825 62.0000 77.0678
v -71.7572 62.0000 78.3920
v -72.8080 62.0000 79.4428
v -74.1322 62.0000 80.1175
v -75.6000 62.0000 80.3500
v -77.0678 62.0000 80.1175
v -78.3920 62.0000 79.4428
v -79.4428 62.0000 78.3920
v -80.1175 62.0000 77.0678
v -80.3500 62.0000 75.6000
v -80.1175 62.0000 74.1322
v -79.4428 62.0000 72.8080
v -78.3920 62.0000 71.7572
v -77.0678 62.0000 71.0825
v -75.6000 62.0000 70.8500
v -74.1322 62.0000 71.0825
v -72.8080 62.0000 71.7572
v -71.7572 62.0000 72.8080
v -71.0825 62.0000 74.1322
v -70.8500 998.0000 75.6000
v -71.0825 998.0000 77.0678
v -71.7572 998.0000 78.3920
v -72.8080 998.0000 79.4428
v -74.1322 998.0000 80.1175
v -75.6000 998.0000 80.3500
v -77.0678 998.0000 80.1175
v -78.3920 998.0000 79.4428
v -79.4428 998.0000 78.3920
v -80.1175 998.0000 77.0678
v -80.3500 998.0000 75.6000
v -80.1175 998.0000 74.1322
v -79.4428 998.0000 72.8080
v -78.3920 998.0000 71.7572
v -77.0678 998.0000 71.0825
v -75.6000 998.0000 70.8500
v -74.1322 998.0000 71.0825
v -72.8080 998.0000 71.7572
v -71.7572 998.0000 72.8080
v -71.0825 998.0000 74.1322
v -58.2500 62.0000 75.6000
v -58.4825 62.0000 77.0678
v -59.1572 62.0000 78.3920
v -60.2080 62.0000 79.4428
v -61.5322 62.0000 80.1175
v -63.0000 62.0000 80.3500
v -64.4678 62.0000 80.1175
v -65.7920 62.0000 79.4428
v -66.8428 62.0000 78.3920
v -67.5175 62.0000 77.0678
v -67.7500 62.0000 75.6000
v -67.5175 62.0000 74.1322
v -66.8428 62.0000 72.8080
v -65.7920 62.0000 71.7572
v -64.4678 62.0000 71.0825
v -63.0000 62.0000 70.8500
v -61.5322 62.0000 71.0825
v -60.2080 62.0000 71.7572
v -59.1572 62.0000 72.8080
v -58.4825 62.0000 74.1322
v -58.2500 998.0000 75.6000
v -58.4825 998.0000 77.0678
v -59.1572 998.0000 78.3920
v -60.2080 998.0000 79.4428
v -61.5322 998.0000 80.1175
v -63.0000 998.0000 80.3500
v -64.4678 998.0000 80.1175
v -65.7920 998.0000 79.4428
v -66.8428 998.0000 78.3920
v -67.5175 998.0000 77.0678
v -67.7500 998.0000 75.6000
v -67.5175 998.0000 74.1322
v -66.8428 998.0000 72.8080
v -65.7920 998.0000 71.7572
v -64.4678 998.0000 71.0825
v -63.0000 998.0000 70.8500
v -61.5322 998.0000 71.0825
v -60.2080 998.0000 71.7572
v -59.1572 998.0000 72.8080
v -58.4825 998.0000 74.1322
v -58.2500 62.0000 75.6000
v -58.4825 62.0000 77.0678
v -59.1572 62.0000 78.3920
v -60.2080 62.0000 79.4428
v -61.5322 62.0000 80.1175
v -63.0000 62.0000 80.3500
v -64.4678 62.0000 80.1175
v -65.7920 62.0000 79.4428
v -66.8428 62.0000 78.3920
v -67.5175 62.0000 77.0678
v -67.7500 62.0000 75.6000
v -67.5175 62.0000 74.1322
v -66.8428 62.0000 72.8080
v -65.7920 62.0000 71.7572
v -64.4678 62.0000 71.0825
v -63.0000 62.0000 70.8500
v -61.5322 62.0000 71.0825
v -60.2080 62.0000 71.7572
v -59.1572 62.0000 72.8080
v -58.4825 62.0000 74.1322
v -58.2500 998.0000 75.6000
v -58.4825 998.0000 77.0678
v -59.1572 998.0000 78.3920
v -60.2080 998.0000 79.4428
v -61.5322 998.0000 80.1175
v -63.0000 998.0000 80.3500
v -64.4678 998.0000 80.1175
v -65.7920 998.0000 79.4428
v -66.8428 998.0000 78.3920
v -67.5175 998.0000 77.0678
v -67.7500 998.0000 75.6000
v -67.5175 998.0000 74.1322
v -66.8428 998.0000 72.8080
v -65.7920 998.0000 71.7572
v -64.4678 998.0000 71.0825
v -63.0000 998.0000 70.8500
v -61.5322 998.0000 71.0825
v -60.2080 998.0000 71.7572
v -59.1572 998.0000 72.8080
v -58.4825 998.0000 74.1322
v -45.6500 62.0000 75.6000
v -45.8825 62.0000 77.0678
v -46.5572 62.0000 78.3920
v -47.6080 62.0000 79.4428
v -48.9322 62.0000 80.1175
v -50.4000 62.0000 80.3500
v -51.8678 62.0000 80.1175
v -53.1920 62.0000 79.4428
v -54.2428 62.0000 78.3920
v -54.9175 62.0000 77.0678
v -55.1500 62.0000 75.6000
v -54.9175 62.0000 74.1322
v -54.2428 62.0000 72.8080
v -53.1920 62.0000 71.7572
v -51.8678 62.0000 71.0825
v -50.4000 62.0000 70.8500
v -48.9322 62.0000 71.0825
v -47.6080 62.0000 71.7572
v -46.5572 62.0000 72.8080
v -45.8825 62.0000 74.1322
v -45.6500 998.0000 75.6000
v -45.8825 998.0000 77.0678
v -46.5572 998.0000 78.3920
v -47.6080 998.0000 79.4428
v -48.9322 998.0000 80.1175
v -50.4000 998.0000 80.3500
v -51.8678 998.0000 80.1175
v -53.1920 998.0000 79.4428
v -54.2428 998.0000 78.3920
v -54.9175 998.0000 77.0678
v -55.1500 998.0000 75.6000
v -54.9175 998.0000 74.1322
v -54.2428 998.0000 72.8080
v -53.1920 998.0000 71.7572
v -51.8678 998.0000 71.0825
v -50.4000 998.0000 70.8500
v -48.9322 998.0000 71.0825
v -47.6080 998.0000 71.7572
v -46.5572 998.0000 72.8080
v -45.8825 998.0000 74.1322
v -45.6500 62.0000 75.6000
v -45.8825 62.0000 77.0678
v -46.5572 62.0000 78.3920
v -47.6080 62.0000 79.4428
v -48.9322 62.0000 80.1175
v -50.4000 62.0000 80.3500
v -51.8678 62.0000 80.1175
v -53.1920 62.0000 79.4428
v -54.2428 62.0000 78.3920
v -54.9175 62.0000 77.0678
v -55.1500 62.0000 75.6000
v -54.9175 62.0000 74.1322
v -54.2428 62.0000 72.8080
v -53.1920 62.0000 71.7572
v -51.8678 62.0000 71.0825
v -50.4000 62.0000 70.8500
v -48.9322 62.0000 71.0825
v -47.6080 62.0000 71.7572
v -46.5572 62.0000 72.8080
v -45.8825 62.0000 74.1322
v -45.6500 998.0000 75.6000
v -45.8825 998.0000 77.0678
v -46.5572 998.0000 78.3920
v -47.6080 998.0000 79.4428
v -48.9322 998.0000 80.1175
v -50.4000 998.0000 80.3500
v -51.8678 998.0000 80.1175
v -53.1920 998.0000 79.4428
v -54.2428 998.0000 78.3920
v -54.9175 998.0000 77.0678
v -55.1500 998.0000 75.6000
v -54.9175 998.0000 74.1322
v -54.2428 998.0000 72.8080
v -53.1920 998.0000 71.7572
v -51.8678 998.0000 71.0825
v -50.4000 998.0000 70.8500
v -48.9322 998.0000 71.0825
v -47.6080 998.0000 71.7572
v -46.5572 998.0000 72.8080
v -45.8825 998.0000 74.1322
v -20.4500 62.0000 75.6000
v -20.6825 62.0000 77.0678
v -21.3572 62.0000 78.3920
v -22.4080 62.0000 79.4428
v -23.7322 62.0000 80.1175
v -25.2000 62.0000 80.3500
v -26.6678 62.0000 80.1175
v -27.9920 62.0000 79.4428
v -29.0428 62.0000 78.3920
v -29.7175 62.0000 77.0678
v -29.9500 62.0000 75.6000
v -29.7175 62.0000 74.1322
v -29.0428 62.0000 72.8080
v -27.9920 62.0000 71.7572
v -26.6678 62.0000 71.0825
v -25.2000 62.0000 70.8500
v -23.7322 62.0000 71.0825
v -22.4080 62.0000 71.7572
v -21.3572 62.0000 72.8080
v -20.6825 62.0000 74.1322
v -20.4500 998.0000 75.6000
v -20.6825 998.0000 77.0678
v -21.3572 998.0000 78.3920
v -22.4080 998.0000 79.4428
v -23.7322 998.0000 80.1175
v -25.2000 998.0000 80.3500
v -26.6678 998.0000 80.1175
v -27.9920 998.0000 79.4428
v -29.0428 998.0000 78.3920
v -29.7175 998.0000 77.0678
v -29.9500 998.0000 75.6000
v -29.7175 998.0000 74.1322
v -29.0428 998.0000 72.8080
v -27.9920 998.0000 71.7572
v -26.6678 998.0000 71.0825
v -25.2000 998.0000 70.8500
v -23.7322 998.0000 71.0825
v -22.4080 998.0000 71.7572
v -21.3572 998.0000 72.8080
v -20.6825 998.0000 74.1322
v -20.4500 62.0000 75.6000
v -20.6825 62.0000 77.0678
v -21.3572 62.0000 78.3920
v -22.4080 62.0000 79.4428
v -23.7322 62.0000 80.1175
v -25.2000 62.0000 80.3500
v -26.6678 62.0000 80.1175
v -27.9920 62.0000 79.4428
v -29.0428 62.0000 78.3920
v -29.7175 62.0000 77.0678
v -29.9500 62.0000 75.6000
v -29.7175 62.0000 74.1322
v -29.0428 62.0000 72.8080
v -27.9920 62.0000 71.7572
v -26.6678 62.0000 71.0825
v -25.2000 62.0000 70.8500
v -23.7322 62.0000 71.0825
v -22.4080 62.0000 71.7572
v -21.3572 62.0000 72.8080
v -20.6825 62.0000 74.1322
v -20.4500 998.0000 75.6000
v -20.6825 998.0000 77.0678
v -21.3572 998.0000 78.3920
v -22.4080 998.0000 79.4428
v -23.7322 998.0000 80.1175
v -25.2000 998.0000 80.3500
v -26.6678 998.0000 80.1175
v -27.9920 998.0000 79.4428
v -29.0428 998.0000 78.3920
v -29.7175 998.0000 77.0678
v -29.9500 998.0000 75.6000
v -29.7175 998.0000 74.1322
v -29.0428 998.0000 72.8080
v -27.9920 998.0000 71.7572
v -26.6678 998.0000 71.0825
v -25.2000 998.0000 70.8500
v -23.7322 998.0000 71.0825
v -22.4080 998.0000 71.7572
v -21.3572 998.0000 72.8080
v -20.6825 998.0000 74.1322
v -7.8500 62.0000 75.6000
v -8.0825 62.0000 77.0678
v -8.7572 62.0000 78.3920
v -9.8080 62.0000 79.4428
v -11.1322 62.0000 80.1175
v -12.6000 62.0000 80.3500
v -14.0678 62.0000 80.1175
v -15.3920 62.0000 79.4428
v -16.4428 62.0000 78.3920
v -17.1175 62.0000 77.0678
v -17.3500 62.0000 75.6000
v -17.1175 62.0000 74.1322
v -16.4428 62.0000 72.8080
v -15.3920 62.0000 71.7572
v -14.0678 62.0000 71.0825
v -12.6000 62.0000 70.8500
v -11.1322 62.0000 71.0825
v -9.8080 62.0000 71.7572
v -8.7572 62.0000 72.8080
v -8.0825 62.0000 74.1322
v -7.8500 998.0000 75.6000
v -8.0825 998.0000 77.0678
v -8.7572 998.0000 78.3920
v -9.8080 998.0000 79.4428
v -11.1322 998.0000 80.1175
v -12.6000 998.0000 80.3500
v -14.0678 998.0000 80.1175
v -15.3920 998.0000 79.4428
v -16.4428 998.0000 78.3920
v -17.1175 998.0000 77.0678
v -17.3500 998.0000 75.6000
v -17.1175 998.0000 74.1322
v -16.4428 998.0000 72.8080
v -15.3920 998.0000 71.7572
v -14.0678 998.0000 71.0825
v -12.6000 998.0000 70.8500
v -11.1322 998.0000 71.0825
v -9.8080 998.0000 71.7572
v -8.7572 998.0000 72.8080
v -8.0825 998.0000 74.1322
v -7.8500 62.0000 75.6000
v -8.0825 62.0000 77.0678
v -8.7572 62.0000 78.3920
v -9.8080 62.0000 79.4428
v -11.1322 62.0000 80.1175
v -12.6000 62.0000 80.3500
v -14.0678 62.0000 80.1175
v -15.3920 62.0000 79.4428
v -16.4428 62.0000 78.3920
v -17.1175 62.0000 77.0678
v -17.3500 62.0000 75.6000
v -17.1175 62.0000 74.1322
v -16.4428 62.0000 72.8080
v -15.3920 62.0000 71.7572
v -14.0678 62.0000 71.0825
v -12.6000 62.0000 70.8500
v -11.1322 62.0000 71.0825
v -9.8080 62.0000 71.7572
v -8.7572 62.0000 72.8080
v -8.0825 62.0000 74.1322
v -7.8500 998.0000 75.6000
v -8.0825 998.0000 77.0678
v -8.7572 998.0000 78.3920
v -9.8080 998.0000 79.4428
v -11.1322 998.0000 80.1175
v -12.6000 998.0000 80.3500
v -14.0678 998.0000 80.1175
v -15.3920 998.0000 79.4428
v -16.4428 998.0000 78.3920
v -17.1175 998.0000 77.0678
v -17.3500 998.0000 75.6000
v -17.1175 998.0000 74.1322
v -16.4428 998.0000 72.8080
v -15.3920 998.0000 71.7572
v -14.0678 998.0000 71.0825
v -12.6000 998.0000 70.8500
v -11.1322 998.0000 71.0825
v -9.8080 998.0000 71.7572
v -8.7572 998.0000 72.8080
v -8.0825 998.0000 74.1322
v 17.3500 62.0000 75.6000
v 17.1175 62.0000 77.0678
v 16.4428 62.0000 78.3920
v 15.3920 62.0000 79.4428
v 14.0678 62.0000 80.1175
v 12.6000 62.0000 80.3500
v 11.1322 62.0000 80.1175
v 9.8080 62.0000 79.4428
v 8.7572 62.0000 78.3920
v 8.0825 62.0000 77.0678
v 7.8500 62.0000 75.6000
v 8.0825 62.0000 74.1322
v 8.7572 62.0000 72.8080
v 9.8080 62.0000 71.7572
v 11.1322 62.0000 71.0825
v 12.6000 62.0000 70.8500
v 14.0678 62.0000 71.0825
v 15.3920 62.0000 71.7572
v 16.4428 62.0000 72.8080
v 17.1175 62.0000 74.1322
v 17.3500 998.0000 75.6000
v 17.1175 998.0000 77.0678
v 16.4428 998.0000 78.3920
v 15.3920 998.0000 79.4428
v 14.0678 998.0000 80.1175
v 12.6000 998.0000 80.3500
v 11.1322 998.0000 80.1175
v 9.8080 998.0000 79.4428
v 8.7572 998.0000 78.3920
v 8.0825 998.0000 77.0678
v 7.8500 998.0000 75.6000
v 8.0825 998.0000 74.1322
v 8.7572 998.0000 72.8080
v 9.8080 998.0000 71.7572
v 11.1322 998.0000 71.0825
v 12.6000 998.0000 70.8500
v 14.0678 998.0000 71.0825
v 15.3920 998.0000 71.7572
v 16.4428 998.0000 72.8080
v 17.1175 998.0000 74.1322
v 17.3500 62.0000 75.6000
v 17.1175 62.0000 77.0678
v 16.4428 62.0000 78.3920
v 15.3920 62.0000 79.4428
v 14.0678 62.0000 80.1175
v 12.6000 62.0000 80.3500
v 11.1322 62.0000 80.1175
v 9.8080 62.0000 79.4428
v 8.7572 62.0000 78.3920
v 8.0825 62.0000 77.0678
v 7.8500 62.0000 75.6000
v 8.0825 62.0000 74.1322
v 8.7572 62.0000 72.8080
v 9.8080 62.0000 71.7572
v 11.1322 62.0000 71.0825
v 12.6000 62.0000 70.8500
v 14.0678 62.0000 71.0825
v 15.3920 62.0000 71.7572
v 16.4428 62.0000 72.8080
v 17.1175 62.0000 74.1322
v 17.3500 998.0000 75.6000
v 17.1175 998.0000 77.0678
v 16.4428 998.0000 78.3920
v 15.3920 998.0000 79.4428
v 14.0678 998.0000 80.1175
v 12.6000 998.0000 80.3500
v 11.1322 998.0000 80.1175
v 9.8080 998.0000 79.4428
v 8.7572 998.0000 78.3920
v 8.0825 998.0000 77.0678
v 7.8500 998.0000 75.6000
v 8.0825 998.0000 74.1322
v 8.7572 998.0000 72.8080
v 9.8080 998.0000 71.7572
v 11.1322 998.0000 71.0825
v 12.6000 998.0000 70.8500
v 14.0678 998.0000 71.0825
v 15.3920 998.0000 71.7572
v 16.4428 998.0000 72.8080
v 17.1175 998.0000 74.1322
v 29.9500 62.0000 75.6000
v 29.7175 62.0000 77.0678
v 29.0428 62.0000 78.3920
v 27.9920 62.0000 79.4428
v 26.6678 62.0000 80.1175
v 25.2000 62.0000 80.3500
v 23.7322 62.0000 80.1175
v 22.4080 62.0000 79.4428
v 21.3572 62.0000 78.3920
v 20.6825 62.0000 77.0678
v 20.4500 62.0000 75.6000
v 20.6825 62.0000 74.1322
v 21.3572 62.0000 72.8080
v 22.4080 62.0000 71.7572
v 23.7322 62.0000 71.0825
v 25.2000 62.0000 70.8500
v 26.6678 62.0000 71.0825
v 27.9920 62.0000 71.7572
v 29.0428 62.0000 72.8080
v 29.7175 62.0000 74.1322
v 29.9500 998.0000 75.6000
v 29.7175 998.0000 77.0678
v 29.0428 998.0000 78.3920
v 27.9920 998.0000 79.4428
v 26.6678 998.0000 80.1175
v 25.2000 998.0000 80.3500
v 23.7322 998.0000 80.1175
v 22.4080 998.0000 79.4428
v 21.3572 998.0000 78.3920
v 20.6825 998.0000 77.0678
v 20.4500 998.0000 75.6000
v 20.6825 998.0000 74.1322
v 21.3572 998.0000 72.8080
v 22.4080 998.0000 71.7572
v 23.7322 998.0000 71.0825
v 25.2000 998.0000 70.8500
v 26.6678 998.0000 71.0825
v 27.9920 998.0000 71.7572
v 29.0428 998.0000 72.8080
v 29.7175 998.0000 74.1322
v 29.9500 62.0000 75.6000
v 29.7175 62.0000 77.0678
v 29.0428 62.0000 78.3920
v 27.9920 62.0000 79.4428
v 26.6678 62.0000 80.1175
v 25.2000 62.0000 80.3500
v 23.7322 62.0000 80.1175
v 22.4080 62.0000 79.4428
v 21.3572 62.0000 78.3920
v 20.6825 62.0000 77.0678
v 20.4500 62.0000 75.6000
v 20.6825 62.0000 74.1322
v 21.3572 62.0000 72.8080
v 22.4080 62.0000 71.7572
v 23.7322 62.0000 71.0825
v 25.2000 62.0000 70.8500
v 26.6678 62.0000 71.0825
v 27.9920 62.0000 71.7572
v 29.0428 62.0000 72.8080
v 29.7175 62.0000 74.1322
v 29.9500 998.0000 75.6000
v 29.7175 998.0000 77.0678
v 29.0428 998.0000 78.3920
v 27.9920 998.0000 79.4428
v 26.6678 998.0000 80.1175
v 25.2000 998.0000 80.3500
v 23.7322 998.0000 80.1175
v 22.4080 998.0000 79.4428
v 21.3572 998.0000 78.3920
v 20.6825 998.0000 77.0678
v 20.4500 998.0000 75.6000
v 20.6825 998.0000 74.1322
v 21.3572 998.0000 72.8080
v 22.4080 998.0000 71.7572
v 23.7322 998.0000 71.0825
v 25.2000 998.0000 70.8500
v 26.6678 998.0000 71.0825
v 27.9920 998.0000 71.7572
v 29.0428 998.0000 72.8080
v 29.7175 998.0000 74.1322
v 55.1500 62.0000 75.6000
v 54.9175 62.0000 77.0678
v 54.2428 62.0000 78.3920
v 53.1920 62.0000 79.4428
v 51.8678 62.0000 80.1175
v 50.4000 62.0000 80.3500
v 48.9322 62.0000 80.1175
v 47.6080 62.0000 79.4428
v 46.5572 62.0000 78.3920
v 45.8825 62.0000 77.0678
v 45.6500 62.0000 75.6000
v 45.8825 62.0000 74.1322
v 46.5572 62.0000 72.8080
v 47.6080 62.0000 71.7572
v 48.9322 62.0000 71.0825
v 50.4000 62.0000 70.8500
v 51.8678 62.0000 71.0825
v 53.1920 62.0000 71.7572
v 54.2428 62.0000 72.8080
v 54.9175 62.0000 74.1322
v 55.1500 998.0000 75.6000
v 54.9175 998.0000 77.0678
v 54.2428 998.0000 78.3920
v 53.1920 998.0000 79.4428
v 51.8678 998.0000 80.1175
v 50.4000 998.0000 80.3500
v 48.9322 998.0000 80.1175
v 47.6080 998.0000 79.4428
v 46.5572 998.0000 78.3920
v 45.8825 998.0000 77.0678
v 45.6500 998.0000 75.6000
v 45.8825 998.0000 74.1322
v 46.5572 998.0000 72.8080
v 47.6080 998.0000 71.7572
v 48.9322 998.0000 71.0825
v 50.4000 998.0000 70.8500
v 51.8678 998.0000 71.0825
v 53.1920 998.0000 71.7572
v 54.2428 998.0000 72.8080
v 54.9175 998.0000 74.1322
v 55.1500 62.0000 75.6000
v 54.9175 62.0000 77.0678
v 54.2428 62.0000 78.3920
v 53.1920 62.0000 79.4428
v 51.8678 62.0000 80.1175
v 50.4000 62.0000 80.3500
v 48.9322 62.0000 80.1175
v 47.6080 62.0000 79.4428
v 46.5572 62.0000 78.3920
v 45.8825 62.0000 77.0678
v 45.6500 62.0000 75.6000
v 45.8825 62.0000 74.1322
v 46.5572 62.0000 72.8080
v 47.6080 62.0000 71.7572
v 48.9322 62.0000 71.0825
v 50.4000 62.0000 70.8500
v 51.8678 62.0000 71.0825
v 53.1920 62.0000 71.7572
v 54.2428 62.0000 72.8080
v 54.9175 62.0000 74.1322
v 55.1500 998.0000 75.6000
v 54.9175 998.0000 77.0678
v 54.2428 998.0000 78.3920
v 53.1920 998.0000 79.4428
v 51.8678 998.0000 80.1175
v 50.4000 998.0000 80.3500
v 48.9322 998.0000 80.1175
v 47.6080 998.0000 79.4428
v 46.5572 998.0000 78.3920
v 45.8825 998.0000 77.0678
v 45.6500 998.0000 75.6000
v 45.8825 998.0000 74.1322
v 46.5572 998.0000 72.8080
v 47.6080 998.0000 71.7572
v 48.9322 998.0000 71.0825
v 50.4000 998.0000 70.8500
v 51.8678 998.0000 71.0825
v 53.1920 998.0000 71.7572
v 54.2428 998.0000 72.8080
v 54.9175 998.0000 74.1322
v 67.7500 62.0000 75.6000
v 67.5175 62.0000 77.0678
v 66.8428 62.0000 78.3920
v 65.7920 62.0000 79.4428
v 64.4678 62.0000 80.1175
v 63.0000 62.0000 80.3500
v 61.5322 62.0000 80.1175
v 60.2080 62.0000 79.4428
v 59.1572 62.0000 78.3920
v 58.4825 62.0000 77.0678
v 58.2500 62.0000 75.6000
v 58.4825 62.0000 74.1322
v 59.1572 62.0000 72.8080
v 60.2080 62.0000 71.7572
v 61.5322 62.0000 71.0825
v 63.0000 62.0000 70.8500
v 64.4678 62.0000 71.0825
v 65.7920 62.0000 71.7572
v 66.8428 62.0000 72.8080
v 67.5175 62.0000 74.1322
v 67.7500 998.0000 75.6000
v 67.5175 998.0000 77.0678
v 66.8428 998.0000 78.3920
v 65.7920 998.0000 79.4428
v 64.4678 998.0000 80.1175
v 63.0000 998.0000 80.3500
v 61.5322 998.0000 80.1175
v 60.2080 998.0000 79.4428
v 59.1572 998.0000 78.3920
v 58.4825 998.0000 77.0678
v 58.2500 998.0000 75.6000
v 58.4825 998.0000 74.1322
v 59.1572 998.0000 72.8080
v 60.2080 998.0000 71.7572
v 61.5322 998.0000 71.0825
v 63.0000 998.0000 70.8500
v 64.4678 998.0000 71.0825
v 65.7920 998.0000 71.7572
v 66.8428 998.0000 72.8080
v 67.5175 998.0000 74.1322
v 67.7500 62.0000 75.6000
v 67.5175 62.0000 77.0678
v 66.8428 62.0000 78.3920
v 65.7920 62.0000 79.4428
v 64.4678 62.0000 80.1175
v 63.0000 62.0000 80.3500
v 61.5322 62.0000 80.1175
v 60.2080 62.0000 79.4428
v 59.1572 62.0000 78.3920
v 58.4825 62.0000 77.0678
v 58.2500 62.0000 75.6000
v 58.4825 62.0000 74.1322
v 59.1572 62.0000 72.8080
v 60.2080 62.0000 71.7572
v 61.5322 62.0000 71.0825
v 63.0000 62.0000 70.8500
v 64.4678 62.0000 71.0825
v 65.7920 62.0000 71.7572
v 66.8428 62.0000 72.8080
v 67.5175 62.0000 74.1322
v 67.7500 998.0000 75.6000
v 67.5175 998.0000 77.0678
v 66.8428 998.0000 78.3920
v 65.7920 998.0000 79.4428
v 64.4678 998.0000 80.1175
v 63.0000 998.0000 80.3500
v 61.5322 998.0000 80.1175
v 60.2080 998.0000 79.4428
v 59.1572 998.0000 78.3920
v 58.4825 998.0000 77.0678
v 58.2500 998.0000 75.6000
v 58.4825 998.0000 74.1322
v 59.1572 998.0000 72.8080
v 60.2080 998.0000 71.7572
v 61.5322 998.0000 71.0825
v 63.0000 998.0000 70.8500
v 64.4678 998.0000 71.0825
v 65.7920 998.0000 71.7572
v 66.8428 998.0000 72.8080
v 67.5175 998.0000 74.1322
v 80.3500 62.0000 75.6000
v 80.1175 62.0000 77.0678
v 79.4428 62.0000 78.3920
v 78.3920 62.0000 79.4428
v 77.0678 62.0000 80.1175
v 75.6000 62.0000 80.3500
v 74.1322 62.0000 80.1175
v 72.8080 62.0000 79.4428
v 71.7572 62.0000 78.3920
v 71.0825 62.0000 77.0678
v 70.8500 62.0000 75.6000
v 71.0825 62.0000 74.1322
v 71.7572 62.0000 72.8080
v 72.8080 62.0000 71.7572
v 74.1322 62.0000 71.0825
v 75.6000 62.0000 70.8500
v 77.0678 62.0000 71.0825
v 78.3920 62.0000 71.7572
v 79.4428 62.0000 72.8080
v 80.1175 62.0000 74.1322
v 80.3500 998.0000 75.6000
v 80.1175 998.0000 77.0678
v 79.4428 998.0000 78.3920
v 78.3920 998.0000 79.4428
v 77.0678 998.0000 80.1175
v 75.6000 998.0000 80.3500
v 74.1322 998.0000 80.1175
v 72.8080 998.0000 79.4428
v 71.7572 998.0000 78.3920
v 71.0825 998.0000 77.0678
v 70.8500 998.0000 75.6000
v 71.0825 998.0000 74.1322
v 71.7572 998.0000 72.8080
v 72.8080 998.0000 71.7572
v 74.1322 998.0000 71.0825
v 75.6000 998.0000 70.8500
v 77.0678 998.0000 71.0825
v 78.3920 998.0000 71.7572
v 79.4428 998.0000 72.8080
v 80.1175 998.0000 74.1322
v 80.3500 62.0000 75.6000
v 80.1175 62.0000 77.0678
v 79.4428 62.0000 78.3920
v 78.3920 62.0000 79.4428
v 77.0678 62.0000 80.1175
v 75.6000 62.0000 80.3500
v 74.1322 62.0000 80.1175
v 72.8080 62.0000 79.4428
v 71.7572 62.0000 78.3920
v 71.0825 62.0000 77.0678
v 70.8500 62.0000 75.6000
v 71.0825 62.0000 74.1322
v 71.7572 62.0000 72.8080
v 72.8080 62.0000 71.7572
v 74.1322 62.0000 71.0825
v 75.6000 62.0000 70.8500
v 77.0678 62.0000 71.0825
v 78.3920 62.0000 71.7572
v 79.4428 62.0000 72.8080
v 80.1175 62.0000 74.1322
v 80.3500 998.0000 75.6000
v 80.1175 998.0000 77.0678
v 79.4428 998.0000 78.3920
v 78.3920 998.0000 79.4428
v 77.0678 998.0000 80.1175
v 75.6000 998.0000 80.3500
v 74.1322 998.0000 80.1175
v 72.8080 998.0000 79.4428
v 71.7572 998.0000 78.3920
v 71.0825 998.0000 77.0678
v 70.8500 998.0000 75.6000
v 71.0825 998.0000 74.1322
v 71.7572 998.0000 72.8080
v 72.8080 998.0000 71.7572
v 74.1322 998.0000 71.0825
v 75.6000 998.0000 70.8500
v 77.0678 998.0000 71.0825
v 78.3920 998.0000 71.7572
v 79.4428 998.0000 72.8080
v 80.1175 998.0000 74.1322
v 92.9500 62.0000 75.6000
v 92.7175 62.0000 77.0678
v 92.0428 62.0000 78.3920
v 90.9920 62.0000 79.4428
v 89.6678 62.0000 80.1175
v 88.2000 62.0000 80.3500
v 86.7322 62.0000 80.1175
v 85.4080 62.0000 79.4428
v 84.3572 62.0000 78.3920
v 83.6825 62.0000 77.0678
v 83.4500 62.0000 75.6000
v 83.6825 62.0000 74.1322
v 84.3572 62.0000 72.8080
v 85.4080 62.0000 71.7572
v 86.7322 62.0000 71.0825
v 88.2000 62.0000 70.8500
v 89.6678 62.0000 71.0825
v 90.9920 62.0000 71.7572
v 92.0428 62.0000 72.8080
v 92.7175 62.0000 74.1322
v 92.9500 998.0000 75.6000
v 92.7175 998.0000 77.0678
v 92.0428 998.0000 78.3920
v 90.9920 998.0000 79.4428
v 89.6678 998.0000 80.1175
v 88.2000 998.0000 80.3500
v 86.7322 998.0000 80.1175
v 85.4080 998.0000 79.4428
v 84.3572 998.0000 78.3920
v 83.6825 998.0000 77.0678
v 83.4500 998.0000 75.6000
v 83.6825 998.0000 74.1322
v 84.3572 998.0000 72.8080
v 85.4080 998.0000 71.7572
v 86.7322 998.0000 71.0825
v 88.2000 998.0000 70.8500
v 89.6678 998.0000 71.0825
v 90.9920 998.0000 71.7572
v 92.0428 998.0000 72.8080
v 92.7175 998.0000 74.1322
v 92.9500 62.0000 75.6000
v 92.7175 62.0000 77.0678
v 92.0428 62.0000 78.3920
v 90.9920 62.0000 79.4428
v 89.6678 62.0000 80.1175
v 88.2000 62.0000 80.3500
v 86.7322 62.0000 80.1175
v 85.4080 62.0000 79.4428
v 84.3572 62.0000 78.3920
v 83.6825 62.0000 77.0678
v 83.4500 62.0000 75.6000
v 83.6825 62.0000 74.1322
v 84.3572 62.0000 72.8080
v 85.4080 62.0000 71.7572
v 86.7322 62.0000 71.0825
v 88.2000 62.0000 70.8500
v 89.6678 62.0000 71.0825
v 90.9920 62.0000 71.7572
v 92.0428 62.0000 72.8080
v 92.7175 62.0000 74.1322
v 92.9500 998.0000 75.6000
v 92.7175 998.0000 77.0678
v 92.0428 998.0000 78.3920
v 90.9920 998.0000 79.4428
v 89.6678 998.0000 80.1175
v 88.2000 998.0000 80.3500
v 86.7322 998.0000 80.1175
v 85.4080 998.0000 79.4428
v 84.3572 998.0000 78.3920
v 83.6825 998.0000 77.0678
v 83.4500 998.0000 75.6000
v 83.6825 998.0000 74.1322
v 84.3572 998.0000 72.8080
v 85.4080 998.0000 71.7572
v 86.7322 998.0000 71.0825
v 88.2000 998.0000 70.8500
v 89.6678 998.0000 71.0825
v 90.9920 998.0000 71.7572
v 92.0428 998.0000 72.8080
v 92.7175 998.0000 74.1322
v 105.5500 62.0000 75.6000
v 105.3175 62.0000 77.0678
v 104.6428 62.0000 78.3920
v 103.5920 62.0000 79.4428
v 102.2678 62.0000 80.1175
v 100.8000 62.0000 80.3500
v 99.3322 62.0000 80.1175
v 98.0080 62.0000 79.4428
v 96.9572 62.0000 78.3920
v 96.2825 62.0000 77.0678
v 96.0500 62.0000 75.6000
v 96.2825 62.0000 74.1322
v 96.9572 62.0000 72.8080
v 98.0080 62.0000 71.7572
v 99.3322 62.0000 71.0825
v 100.8000 62.0000 70.8500
v 102.2678 62.0000 71.0825
v 103.5920 62.0000 71.7572
v 104.6428 62.0000 72.8080
v 105.3175 62.0000 74.1322
v 105.5500 998.0000 75.6000
v 105.3175 998.0000 77.0678
v 104.6428 998.0000 78.3920
v 103.5920 998.0000 79.4428
v 102.2678 998.0000 80.1175
v 100.8000 998.0000 80.3500
v 99.3322 998.0000 80.1175
v 98.0080 998.0000 79.4428
v 96.9572 998.0000 78.3920
v 96.2825 998.0000 77.0678
v 96.0500 998.0000 75.6000
v 96.2825 998.0000 74.1322
v 96.9572 998.0000 72.8080
v 98.0080 998.0000 71.7572
v 99.3322 998.0000 71.0825
v 100.8000 998.0000 70.8500
v 102.2678 998.0000 71.0825
v 103.5920 998.0000 71.7572
v 104.6428 998.0000 72.8080
v 105.3175 998.0000 74.1322
v 105.5500 62.0000 75.6000
v 105.3175 62.0000 77.0678
v 104.6428 62.0000 78.3920
v 103.5920 62.0000 79.4428
v 102.2678 62.0000 80.1175
v 100.8000 62.0000 80.3500
v 99.3322 62.0000 80.1175
v 98.0080 62.0000 79.4428
v 96.9572 62.0000 78.3920
v 96.2825 62.0000 77.0678
v 96.0500 62.0000 75.6000
v 96.2825 62.0000 74.1322
v 96.9572 62.0000 72.8080
v 98.0080 62.0000 71.7572
v 99.3322 62.0000 71.0825
v 100.8000 62.0000 70.8500
v 102.2678 62.0000 71.0825
v 103.5920 62.0000 71.7572
v 104.6428 62.0000 72.8080
v 105.3175 62.0000 74.1322
v 105.5500 998.0000 75.6000
v 105.3175 998.0000 77.0678
v 104.6428 998.0000 78.3920
v 103.5920 998.0000 79.4428
v 102.2678 998.0000 80.1175
v 100.8000 998.0000 80.3500
v 99.3322 998.0000 80.1175
v 98.0080 998.0000 79.4428
v 96.9572 998.0000 78.3920
v 96.2825 998.0000 77.0678
v 96.0500 998.0000 75.6000
v 96.2825 998.0000 74.1322
v 96.9572 998.0000 72.8080
v 98.0080 998.0000 71.7572
v 99.3322 998.0000 71.0825
v 100.8000 998.0000 70.8500
v 102.2678 998.0000 71.0825
v 103.5920 998.0000 71.7572
v 104.6428 998.0000 72.8080
v 105.3175 998.0000 74.1322
v -96.0500 62.0000 88.2000
v -96.2825 62.0000 89.6678
v -96.9572 62.0000 90.9920
v -98.0080 62.0000 92.0428
v -99.3322 62.0000 92.7175
v -100.8000 62.0000 92.9500
v -102.2678 62.0000 92.7175
v -103.5920 62.0000 92.0428
v -104.6428 62.0000 90.9920
v -105.3175 62.0000 89.6678
v -105.5500 62.0000 88.2000
v -105.3175 62.0000 86.7322
v -104.6428 62.0000 85.4080
v -103.5920 62.0000 84.3572
v -102.2678 62.0000 83.6825
v -100.8000 62.0000 83.4500
v -99.3322 62.0000 83.6825
v -98.0080 62.0000 84.3572
v -96.9572 62.0000 85.4080
v -96.2825 62.0000 86.7322
v -96.0500 998.0000 88.2000
v -96.2825 998.0000 89.6678
v -96.9572 998.0000 90.9920
v -98.0080 998.0000 92.0428
v -99.3322 998.0000 92.7175
v -100.8000 998.0000 92.9500
v -102.2678 998.0000 92.7175
v -103.5920 998.0000 92.0428
v -104.6428 998.0000 90.9920
v -105.3175 998.0000 89.6678
v -105.5500 998.0000 88.2000
v -105.3175 998.0000 86.7322
v -104.6428 998.0000 85.4080
v -103.5920 998.0000 84.3572
v -102.2678 998.0000 83.6825
v -100.8000 998.0000 83.4500
v -99.3322 998.0000 83.6825
v -98.0080 998.0000 84.3572
v -96.9572 998.0000 85.4080
v -96.2825 998.0000 86.7322
v -96.0500 62.0000 88.2000
v -96.2825 62.0000 89.6678
v -96.9572 62.0000 90.9920
v -98.0080 62.0000 92.0428
v -99.3322 62.0000 92.7175
v -100.8000 62.0000 92.9500
v -102.2678 62.0000 92.7175
v -103.5920 62.0000 92.0428
v -104.6428 62.0000 90.9920
v -105.3175 62.0000 89.6678
v -105.5500 62.0000 88.2000
v -105.3175 62.0000 86.7322
v -104.6428 62.0000 85.4080
v -103.5920 62.0000 84.3572
v -102.2678 62.0000 83.6825
v -100.8000 62.0000 83.4500
v -99.3322 62.0000 83.6825
v -98.0080 62.0000 84.3572
v -96.9572 62.0000 85.4080
v -96.2825 62.0000 86.7322
v -96.0500 998.0000 88.2000
v -96.2825 998.0000 89.6678
v -96.9572 998.0000 90.9920
v -98.0080 998.0000 92.0428
v -99.3322 998.0000 92.7175
v -100.8000 998.0000 92.9500
v -102.2678 998.0000 92.7175
v -103.5920 998.0000 92.0428
v -104.6428 998.0000 90.9920
v -105.3175 998.0000 89.6678
v -105.5500 998.0000 88.2000
v -105.3175 998.0000 86.7322
v -104.6428 998.0000 85.4080
v -103.5920 998.0000 84.3572
v -102.2678 998.0000 83.6825
v -100.8000 998.0000 83.4500
v -99.3322 998.0000 83.6825
v -98.0080 998.0000 84.3572
v -96.9572 998.0000 85.4080
v -96.2825 998.0000 86.7322
v -83.4500 62.0000 88.2000
v -83.6825 62.0000 89.6678
v -84.3572 62.0000 90.9920
v -85.4080 62.0000 92.0428
v -86.7322 62.0000 92.7175
v -88.2000 62.0000 92.9500
v -89.6678 62.0000 92.7175
v -90.9920 62.0000 92.0428
v -92.0428 62.0000 90.9920
v -92.7175 62.0000 89.6678
v -92.9500 62.0000 88.2000
v -92.7175 62.0000 86.7322
v -92.0428 62.0000 85.4080
v -90.9920 62.0000 84.3572
v -89.6678 62.0000 83.6825
v -88.2000 62.0000 83.4500
v -86.7322 62.0000 83.6825
v -85.4080 62.0000 84.3572
v -84.3572 62.0000 85.4080
v -83.6825 62.0000 86.7322
v -83.4500 998.0000 88.2000
v -83.6825 998.0000 89.6678
v -84.3572 998.0000 90.9920
v -85.4080 998.0000 92.0428
v -86.7322 998.0000 92.7175
v -88.2000 998.0000 92.9500
v -89.6678 998.0000 92.7175
v -90.9920 998.0000 92.0428
v -92.0428 998.0000 90.9920
v -92.7175 998.0000 89.6678
v -92.9500 998.0000 88.2000
v -92.7175 998.0000 86.7322
v -92.0428 998.0000 85.4080
v -90.9920 998.0000 84.3572
v -89.6678 998.0000 83.6825
v -88.2000 998.0000 83.4500
v -86.7322 998.0000 83.6825
v -85.4080 998.0000 84.3572
v -84.3572 998.0000 85.4080
v -83.6825 998.0000 86.7322
v -83.4500 62.0000 88.2000
v -83.6825 62.0000 89.6678
v -84.3572 62.0000 90.9920
v -85.4080 62.0000 92.0428
v -86.7322 62.0000 92.7175
v -88.2000 62.0000 92.9500
v -89.6678 62.0000 92.7175
v -90.9920 62.0000 92.0428
v -92.0428 62.0000 90.9920
v -92.7175 62.0000 89.6678
v -92.9500 62.0000 88.2000
v -92.7175 62.0000 86.7322
v -92.0428 62.0000 85.4080
v -90.9920 62.0000 84.3572
v -89.6678 62.0000 83.6825
v -88.2000 62.0000 83.4500
v -86.7322 62.0000 83.6825
v -85.4080 62.0000 84.3572
v -84.3572 62.0000 85.4080
v -83.6825 62.0000 86.7322
v -83.4500 998.0000 88.2000
v -83.6825 998.0000 89.6678
v -84.3572 998.0000 90.9920
v -85.4080 998.0000 92.0428
v -86.7322 998.0000 92.7175
v -88.2000 998.0000 92.9500
v -89.6678 998.0000 92.7175
v -90.9920 998.0000 92.0428
v -92.0428 998.0000 90.9920
v -92.7175 998.0000 89.6678
v -92.9500 998.0000 88.2000
v -92.7175 998.0000 86.7322
v -92.0428 998.0000 85.4080
v -90.9920 998.0000 84.3572
v -89.6678 998.0000 83.6825
v -88.2000 998.0000 83.4500
v -86.7322 998.0000 83.6825
v -85.4080 998.0000 84.3572
v -84.3572 998.0000 85.4080
v -83.6825 998.0000 86.7322
v -70.8500 62.0000 88.2000
v -71.0825 62.0000 89.6678
v -71.7572 62.0000 90.9920
v -72.8080 62.0000 92.0428
v -74.1322 62.0000 92.7175
v -75.6000 62.0000 92.9500
v -77.0678 62.0000 92.7175
v -78.3920 62.0000 92.0428
v -79.4428 62.0000 90.9920
v -80.1175 62.0000 89.6678
v -80.3500 62.0000 88.2000
v -80.1175 62.0000 86.7322
v -79.4428 62.0000 85.4080
v -78.3920 62.0000 84.3572
v -77.0678 62.0000 83.6825
v -75.6000 62.0000 83.4500
v -74.1322 62.0000 83.6825
v -72.8080 62.0000 84.3572
v -71.7572 62.0000 85.4080
v -71.0825 62.0000 86.7322
v -70.8500 998.0000 88.2000
v -71.0825 998.0000 89.6678
v -71.7572 998.0000 90.9920
v -72.8080 998.0000 92.0428
v -74.1322 998.0000 92.7175
v -75.6000 998.0000 92.9500
v -77.0678 998.0000 92.7175
v -78.3920 998.0000 92.0428
v -79.4428 998.0000 90.9920
v -80.1175 998.0000 89.6678
v -80.3500 998.0000 88.2000
v -80.1175 998.0000 86.7322
v -79.4428 998.0000 85.4080
v -78.3920 998.0000 84.3572
v -77.0678 998.0000 83.6825
v -75.6000 998.0000 83.4500
v -74.1322 998.0000 83.6825
v -72.8080 998.0000 84.3572
v -71.7572 998.0000 85.4080
v -71.0825 998.0000 86.7322
v -70.8500 62.0000 88.2000
v -71.0825 62.0000 89.6678
v -71.7572 62.0000 90.9920
v -72.8080 62.0000 92.0428
v -74.1322 62.0000 92.7175
v -75.6000 62.0000 92.9500
v -77.0678 62.0000 92.7175
v -78.3920 62.0000 92.0428
v -79.4428 62.0000 90.9920
v -80.1175 62.0000 89.6678
v -80.3500 62.0000 88.2000
v -80.1175 62.0000 86.7322
v -79.4428 62.0000 85.4080
v -78.3920 62.0000 84.3572
v -77.0678 62.0000 83.6825
v -75.6000 62.0000 83.4500
v -74.1322 62.0000 83.6825
v -72.8080 62.0000 84.3572
v -71.7572 62.0000 85.4080
v -71.0825 62.0000 86.7322
v -70.8500 998.0000 88.2000
v -71.0825 998.0000 89.6678
v -71.7572 998.0000 90.9920
v -72.8080 998.0000 92.0428
v -74.1322 998.0000 92.7175
v -75.6000 998.0000 92.9500
v -77.0678 998.0000 92.7175
v -78.3920 998.0000 92.0428
v -79.4428 998.0000 90.9920
v -80.1175 998.0000 89.6678
v -80.3500 998.0000 88.2000
v -80.1175 998.0000 86.7322
v -79.4428 998.0000 85.4080
v -78.3920 998.0000 84.3572
v -77.0678 998.0000 83.6825
v -75.6000 998.0000 83.4500
v -74.1322 998.0000 83.6825
v -72.8080 998.0000 84.3572
v -71.7572 998.0000 85.4080
v -71.0825 998.0000 86.7322
v -58.2500 62.0000 88.2000
v -58.4825 62.0000 89.6678
v -59.1572 62.0000 90.9920
v -60.2080 62.0000 92.0428
v -61.5322 62.0000 92.7175
v -63.0000 62.0000 92.9500
v -64.4678 62.0000 92.7175
v -65.7920 62.0000 92.0428
v -66.8428 62.0000 90.9920
v -67.5175 62.0000 89.6678
v -67.7500 62.0000 88.2000
v -67.5175 62.0000 86.7322
v -66.8428 62.0000 85.4080
v -65.7920 62.0000 84.3572
v -64.4678 62.0000 83.6825
v -63.0000 62.0000 83.4500
v -61.5322 62.0000 83.6825
v -60.2080 62.0000 84.3572
v -59.1572 62.0000 85.4080
v -58.4825 62.0000 86.7322
v -58.2500 998.0000 88.2000
v -58.4825 998.0000 89.6678
v -59.1572 998.0000 90.9920
v -60.2080 998.0000 92.0428
v -61.5322 998.0000 92.7175
v -63.0000 998.0000 92.9500
v -64.4678 998.0000 92.7175
v -65.7920 998.0000 92.0428
v -66.8428 998.0000 90.9920
v -67.5175 998.0000 89.6678
v -67.7500 998.0000 88.2000
v -67.5175 998.0000 86.7322
v -66.8428 998.0000 85.4080
v -65.7920 998.0000 84.3572
v -64.4678 998.0000 83.6825
v -63.0000 998.0000 83.4500
v -61.5322 998.0000 83.6825
v -60.2080 998.0000 84.3572
v -59.1572 998.0000 85.4080
v -58.4825 998.0000 86.7322
v -58.2500 62.0000 88.2000
v -58.4825 62.0000 89.6678
v -59.1572 62.0000 90.9920
v -60.2080 62.0000 92.0428
v -61.5322 62.0000 92.7175
v -63.0000 62.0000 92.9500
v -64.4678 62.0000 92.7175
v -65.7920 62.0000 92.0428
v -66.8428 62.0000 90.9920
v -67.5175 62.0000 89.6678
v -67.7500 62.0000 88.2000
v -67.5175 62.0000 86.7322
v -66.8428 62.0000 85.4080
v -65.7920 62.0000 84.3572
v -64.4678 62.0000 83.6825
v -63.0000 62.0000 83.4500
v -61.5322 62.0000 83.6825
v -60.2080 62.0000 84.3572
v -59.1572 62.0000 85.4080
v -58.4825 62.0000 86.7322
v -58.2500 998.0000 88.2000
v -58.4825 998.0000 89.6678
v -59.1572 998.0000 90.9920
v -60.2080 998.0000 92.0428
v -61.5322 998.0000 92.7175
v -63.0000 998.0000 92.9500
v -64.4678 998.0000 92.7175
v -65.7920 998.0000 92.0428
v -66.8428 998.0000 90.9920
v -67.5175 998.0000 89.6678
v -67.7500 998.0000 88.2000
v -67.5175 998.0000 86.7322
v -66.8428 998.0000 85.4080
v -65.7920 998.0000 84.3572
v -64.4678 998.0000 83.6825
v -63.0000 998.0000 83.4500
v -61.5322 998.0000 83.6825
v -60.2080 998.0000 84.3572
v -59.1572 998.0000 85.4080
v -58.4825 998.0000 86.7322
v -45.6500 62.0000 88.2000
v -45.8825 62.0000 89.6678
v -46.5572 62.0000 90.9920
v -47.6080 62.0000 92.0428
v -48.9322 62.0000 92.7175
v -50.4000 62.0000 92.9500
v -51.8678 62.0000 92.7175
v -53.1920 62.0000 92.0428
v -54.2428 62.0000 90.9920
v -54.9175 62.0000 89.6678
v -55.1500 62.0000 88.2000
v -54.9175 62.0000 86.7322
v -54.2428 62.0000 85.4080
v -53.1920 62.0000 84.3572
v -51.8678 62.0000 83.6825
v -50.4000 62.0000 83.4500
v -48.9322 62.0000 83.6825
v -47.6080 62.0000 84.3572
v -46.5572 62.0000 85.4080
v -45.8825 62.0000 86.7322
v -45.6500 998.0000 88.2000
v -45.8825 998.0000 89.6678
v -46.5572 998.0000 90.9920
v -47.6080 998.0000 92.0428
v -48.9322 998.0000 92.7175
v -50.4000 998.0000 92.9500
v -51.8678 998.0000 92.7175
v -53.1920 998.0000 92.0428
v -54.2428 998.0000 90.9920
v -54.9175 998.0000 89.6678
v -55.1500 998.0000 88.2000
v -54.9175 998.0000 86.7322
v -54.2428 998.0000 85.4080
v -53.1920 998.0000 84.3572
v -51.8678 998.0000 83.6825
v -50.4000 998.0000 83.4500
v -48.9322 998.0000 83.6825
v -47.6080 998.0000 84.3572
v -46.5572 998.0000 85.4080
v -45.8825 998.0000 86.7322
v -45.6500 62.0000 88.2000
v -45.8825 62.0000 89.6678
v -46.5572 62.0000 90.9920
v -47.6080 62.0000 92.0428
v -48.9322 62.0000 92.7175
v -50.4000 62.0000 92.9500
v -51.8678 62.0000 92.7175
v -53.1920 62.0000 92.0428
v -54.2428 62.0000 90.9920
v -54.9175 62.0000 89.6678
v -55.1500 62.0000 88.2000
v -54.9175 62.0000 86.7322
v -54.2428 62.0000 85.4080
v -53.1920 62.0000 84.3572
v -51.8678 62.0000 83.6825
v -50.4000 62.0000 83.4500
v -48.9322 62.0000 83.6825
v -47.6080 62.0000 84.3572
v -46.5572 62.0000 85.4080
v -45.8825 62.0000 86.7322
v -45.6500 998.0000 88.2000
v -45.8825 998.0000 89.6678
v -46.5572 998.0000 90.9920
v -47.6080 998.0000 92.0428
v -48.9322 998.0000 92.7175
v -50.4000 998.0000 92.9500
v -51.8678 998.0000 92.7175
v -53.1920 998.0000 92.0428
v -54.2428 998.0000 90.9920
v -54.9175 998.0000 89.6678
v -55.1500 998.0000 88.2000
v -54.9175 998.0000 86.7322
v -54.2428 998.0000 85.4080
v -53.1920 998.0000 84.3572
v -51.8678 998.0000 83.6825
v -50.4000 998.0000 83.4500
v -48.9322 998.0000 83.6825
v -47.6080 998.0000 84.3572
v -46.5572 998.0000 85.4080
v -45.8825 998.0000 86.7322
v -33.0500 62.0000 88.2000
v -33.2825 62.0000 89.6678
v -33.9572 62.0000 90.9920
v -35.0080 62.0000 92.0428
v -36.3322 62.0000 92.7175
v -37.8000 62.0000 92.9500
v -39.2678 62.0000 92.7175
v -40.5920 62.0000 92.0428
v -41.6428 62.0000 90.9920
v -42.3175 62.0000 89.6678
v -42.5500 62.0000 88.2000
v -42.3175 62.0000 86.7322
v -41.6428 62.0000 85.4080
v -40.5920 62.0000 84.3572
v -39.2678 62.0000 83.6825
v -37.8000 62.0000 83.4500
v -36.3322 62.0000 83.6825
v -35.0080 62.0000 84.3572
v -33.9572 62.0000 85.4080
v -33.2825 62.0000 86.7322
v -33.0500 998.0000 88.2000
v -33.2825 998.0000 89.6678
v -33.9572 998.0000 90.9920
v -35.0080 998.0000 92.0428
v -36.3322 998.0000 92.7175
v -37.8000 998.0000 92.9500
v -39.2678 998.0000 92.7175
v -40.5920 998.0000 92.0428
v -41.6428 998.0000 90.9920
v -42.3175 998.0000 89.6678
v -42.5500 998.0000 88.2000
v -42.3175 998.0000 86.7322
v -41.6428 998.0000 85.4080
v -40.5920 998.0000 84.3572
v -39.2678 998.0000 83.6825
v -37.8000 998.0000 83.4500
v -36.3322 998.0000 83.6825
v -35.0080 998.0000 84.3572
v -33.9572 998.0000 85.4080
v -33.2825 998.0000 86.7322
v -33.0500 62.0000 88.2000
v -33.2825 62.0000 89.6678
v -33.9572 62.0000 90.9920
v -35.0080 62.0000 92.0428
v -36.3322 62.0000 92.7175
v -37.8000 62.0000 92.9500
v -39.2678 62.0000 92.7175
v -40.5920 62.0000 92.0428
v -41.6428 62.0000 90.9920
v -42.3175 62.0000 89.6678
v -42.5500 62.0000 88.2000
v -42.3175 62.0000 86.7322
v -41.6428 62.0000 85.4080
v -40.5920 62.0000 84.3572
v -39.2678 62.0000 83.6825
v -37.8000 62.0000 83.4500
v -36.3322 62.0000 83.6825
v -35.0080 62.0000 84.3572
v -33.9572 62.0000 85.4080
v -33.2825 62.0000 86.7322
v -33.0500 998.0000 88.2000
v -33.2825 998.0000 89.6678
v -33.9572 998.0000 90.9920
v -35.0080 998.0000 92.0428
v -36.3322 998.0000 92.7175
v -37.8000 998.0000 92.9500
v -39.2678 998.0000 92.7175
v -40.5920 998.0000 92.0428
v -41.6428 998.0000 90.9920
v -42.3175 998.0000 89.6678
v -42.5500 998.0000 88.2000
v -42.3175 998.0000 86.7322
v -41.6428 998.0000 85.4080
v -40.5920 998.0000 84.3572
v -39.2678 998.0000 83.6825
v -37.8000 998.0000 83.4500
v -36.3322 998.0000 83.6825
v -35.0080 998.0000 84.3572
v -33.9572 998.0000 85.4080
v -33.2825 998.0000 86.7322
v -20.4500 62.0000 88.2000
v -20.6825 62.0000 89.6678
v -21.3572 62.0000 90.9920
v -22.4080 62.0000 92.0428
v -23.7322 62.0000 92.7175
v -25.2000 62.0000 92.9500
v -26.6678 62.0000 92.7175
v -27.9920 62.0000 92.0428
v -29.0428 62.0000 90.9920
v -29.7175 62.0000 89.6678
v -29.9500 62.0000 88.2000
v -29.7175 62.0000 86.7322
v -29.0428 62.0000 85.4080
v -27.9920 62.0000 84.3572
v -26.6678 62.0000 83.6825
v -25.2000 62.0000 83.4500
v -23.7322 62.0000 83.6825
v -22.4080 62.0000 84.3572
v -21.3572 62.0000 85.4080
v -20.6825 62.0000 86.7322
v -20.4500 998.0000 88.2000
v -20.6825 998.0000 89.6678
v -21.3572 998.0000 90.9920
v -22.4080 998.0000 92.0428
v -23.7322 998.0000 92.7175
v -25.2000 998.0000 92.9500
v -26.6678 998.0000 92.7175
v -27.9920 998.0000 92.0428
v -29.0428 998.0000 90.9920
v -29.7175 998.0000 89.6678
v -29.9500 998.0000 88.2000
v -29.7175 998.0000 86.7322
v -29.0428 998.0000 85.4080
v -27.9920 998.0000 84.3572
v -26.6678 998.0000 83.6825
v -25.2000 998.0000 83.4500
v -23.7322 998.0000 83.6825
v -22.4080 998.0000 84.3572
v -21.3572 998.0000 85.4080
v -20.6825 998.0000 86.7322
v -20.4500 62.0000 88.2000
v -20.6825 62.0000 89.6678
v -21.3572 62.0000 90.9920
v -22.4080 62.0000 92.0428
v -23.7322 62.0000 92.7175
v -25.2000 62.0000 92.9500
v -26.6678 62.0000 92.7175
v -27.9920 62.0000 92.0428
v -29.0428 62.0000 90.9920
v -29.7175 62.0000 89.6678
v -29.9500 62.0000 88.2000
v -29.7175 62.0000 86.7322
v -29.0428 62.0000 85.4080
v -27.9920 62.0000 84.3572
v -26.6678 62.0000 83.6825
v -25.2000 62.0000 83.4500
v -23.7322 62.0000 83.6825
v -22.4080 62.0000 84.3572
v -21.3572 62.0000 85.4080
v -20.6825 62.0000 86.7322
v -20.4500 998.0000 88.2000
v -20.6825 998.0000 89.6678
v -21.3572 998.0000 90.9920
v -22.4080 998.0000 92.0428
v -23.7322 998.0000 92.7175
v -25.2000 998.0000 92.9500
v -26.6678 998.0000 92.7175
v -27.9920 998.0000 92.0428
v -29.0428 998.0000 90.9920
v -29.7175 998.0000 89.6678
v -29.9500 998.0000 88.2000
v -29.7175 998.0000 86.7322
v -29.0428 998.0000 85.4080
v -27.9920 998.0000 84.3572
v -26.6678 998.0000 83.6825
v -25.2000 998.0000 83.4500
v -23.7322 998.0000 83.6825
v -22.4080 998.0000 84.3572
v -21.3572 998.0000 85.4080
v -20.6825 998.0000 86.7322
v -7.8500 62.0000 88.2000
v -8.0825 62.0000 89.6678
v -8.7572 62.0000 90.9920
v -9.8080 62.0000 92.0428
v -11.1322 62.0000 92.7175
v -12.6000 62.0000 92.9500
v -14.0678 62.0000 92.7175
v -15.3920 62.0000 92.0428
v -16.4428 62.0000 90.9920
v -17.1175 62.0000 89.6678
v -17.3500 62.0000 88.2000
v -17.1175 62.0000 86.7322
v -16.4428 62.0000 85.4080
v -15.3920 62.0000 84.3572
v -14.0678 62.0000 83.6825
v -12.6000 62.0000 83.4500
v -11.1322 62.0000 83.6825
v -9.8080 62.0000 84.3572
v -8.7572 62.0000 85.4080
v -8.0825 62.0000 86.7322
v -7.8500 998.0000 88.2000
v -8.0825 998.0000 89.6678
v -8.7572 998.0000 90.9920
v -9.8080 998.0000 92.0428
v -11.1322 998.0000 92.7175
v -12.6000 998.0000 92.9500
v -14.0678 998.0000 92.7175
v -15.3920 998.0000 92.0428
v -16.4428 998.0000 90.9920
v -17.1175 998.0000 89.6678
v -17.3500 998.0000 88.2000
v -17.1175 998.0000 86.7322
v -16.4428 998.0000 85.4080
v -15.3920 998.0000 84.3572
v -14.0678 998.0000 83.6825
v -12.6000 998.0000 83.4500
v -11.1322 998.0000 83.6825
v -9.8080 998.0000 84.3572
v -8.7572 998.0000 85.4080
v -8.0825 998.0000 86.7322
v -7.8500 62.0000 88.2000
v -8.0825 62.0000 89.6678
v -8.7572 62.0000 90.9920
v -9.8080 62.0000 92.0428
v -11.1322 62.0000 92.7175
v -12.6000 62.0000 92.9500
v -14.0678 62.0000 92.7175
v -15.3920 62.0000 92.0428
v -16.4428 62.0000 90.9920
v -17.1175 62.0000 89.6678
v -17.3500 62.0000 88.2000
v -17.1175 62.0000 86.7322
v -16.4428 62.0000 85.4080
v -15.3920 62.0000 84.3572
v -14.0678 62.0000 83.6825
v -12.6000 62.0000 83.4500
v -11.1322 62.0000 83.6825
v -9.8080 62.0000 84.3572
v -8.7572 62.0000 85.4080
v -8.0825 62.0000 86.7322
v -7.8500 998.0000 88.2000
v -8.0825 998.0000 89.6678
v -8.7572 998.0000 90.9920
v -9.8080 998.0000 92.0428
v -11.1322 998.0000 92.7175
v -12.6000 998.0000 92.9500
v -14.0678 998.0000 92.7175
v -15.3920 998.0000 92.0428
v -16.4428 998.0000 90.9920
v -17.1175 998.0000 89.6678
v -17.3500 998.0000 88.2000
v -17.1175 998.0000 86.7322
v -16.4428 998.0000 85.4080
v -15.3920 998.0000 84.3572
v -14.0678 998.0000 83.6825
v -12.6000 998.0000 83.4500
v -11.1322 998.0000 83.6825
v -9.8080 998.0000 84.3572
v -8.7572 998.0000 85.4080
v -8.0825 998.0000 86.7322
v 4.7500 62.0000 88.2000
v 4.5175 62.0000 89.6678
v 3.8428 62.0000 90.9920
v 2.7920 62.0000 92.0428
v 1.4678 62.0000 92.7175
v 0.0000 62.0000 92.9500
v -1.4678 62.0000 92.7175
v -2.7920 62.0000 92.0428
v -3.8428 62.0000 90.9920
v -4.5175 62.0000 89.6678
v -4.7500 62.0000 88.2000
v -4.5175 62.0000 86.7322
v -3.8428 62.0000 85.4080
v -2.7920 62.0000 84.3572
v -1.4678 62.0000 83.6825
v -0.0000 62.0000 83.4500
v 1.4678 62.0000 83.6825
v 2.7920 62.0000 84.3572
v 3.8428 62.0000 85.4080
v 4.5175 62.0000 86.7322
v 4.7500 998.0000 88.2000
v 4.5175 998.0000 89.6678
v 3.8428 998.0000 90.9920
v 2.7920 998.0000 92.0428
v 1.4678 998.0000 92.7175
v 0.0000 998.0000 92.9500
v -1.4678 998.0000 92.7175
v -2.7920 998.0000 92.0428
v -3.8428 998.0000 90.9920
v -4.5175 998.0000 89.6678
v -4.7500 998.0000 88.2000
v -4.5175 998.0000 86.7322
v -3.8428 998.0000 85.4080
v -2.7920 998.0000 84.3572
v -1.4678 998.0000 83.6825
v -0.0000 998.0000 83.4500
v 1.4678 998.0000 83.6825
v 2.7920 998.0000 84.3572
v 3.8428 998.0000 85.4080
v 4.5175 998.0000 86.7322
v 4.7500 62.0000 88.2000
v 4.5175 62.0000 89.6678
v 3.8428 62.0000 90.9920
v 2.7920 62.0000 92.0428
v 1.4678 62.0000 92.7175
v 0.0000 62.0000 92.9500
v -1.4678 62.0000 92.7175
v -2.7920 62.0000 92.0428
v -3.8428 62.0000 90.9920
v -4.5175 62.0000 89.6678
v -4.7500 62.0000 88.2000
v -4.5175 62.0000 86.7322
v -3.8428 62.0000 85.4080
v -2.7920 62.0000 84.3572
v -1.4678 62.0000 83.6825
v -0.0000 62.0000 83.4500
v 1.4678 62.0000 83.6825
v 2.7920 62.0000 84.3572
v 3.8428 62.0000 85.4080
v 4.5175 62.0000 86.7322
v 4.7500 998.0000 88.2000
v 4.5175 998.0000 89.6678
v 3.8428 998.0000 90.9920
v 2.7920 998.0000 92.0428
v 1.4678 998.0000 92.7175
v 0.0000 998.0000 92.9500
v -1.4678 998.0000 92.7175
v -2.7920 998.0000 92.0428
v -3.8428 998.0000 90.9920
v -4.5175 998.0000 89.6678
v -4.7500 998.0000 88.2000
v -4.5175 998.0000 86.7322
v -3.8428 998.0000 85.4080
v -2.7920 998.0000 84.3572
v -1.4678 998.0000 83.6825
v -0.0000 998.0000 83.4500
v 1.4678 998.0000 83.6825
v 2.7920 998.0000 84.3572
v 3.8428 998.0000 85.4080
v 4.5175 998.0000 86.7322
v 17.3500 62.0000 88.2000
v 17.1175 62.0000 89.6678
v 16.4428 62.0000 90.9920
v 15.3920 62.0000 92.0428
v 14.0678 62.0000 92.7175
v 12.6000 62.0000 92.9500
v 11.1322 62.0000 92.7175
v 9.8080 62.0000 92.0428
v 8.7572 62.0000 90.9920
v 8.0825 62.0000 89.6678
v 7.8500 62.0000 88.2000
v 8.0825 62.0000 86.7322
v 8.7572 62.0000 85.4080
v 9.8080 62.0000 84.3572
v 11.1322 62.0000 83.6825
v 12.6000 62.0000 83.4500
v 14.0678 62.0000 83.6825
v 15.3920 62.0000 84.3572
v 16.4428 62.0000 85.4080
v 17.1175 62.0000 86.7322
v 17.3500 998.0000 88.2000
v 17.1175 998.0000 89.6678
v 16.4428 998.0000 90.9920
v 15.3920 998.0000 92.0428
v 14.0678 998.0000 92.7175
v 12.6000 998.0000 92.9500
v 11.1322 998.0000 92.7175
v 9.8080 998.0000 92.0428
v 8.7572 998.0000 90.9920
v 8.0825 998.0000 89.6678
v 7.8500 998.0000 88.2000
v 8.0825 998.0000 86.7322
v 8.7572 998.0000 85.4080
v 9.8080 998.0000 84.3572
v 11.1322 998.0000 83.6825
v 12.6000 998.0000 83.4500
v 14.0678 998.0000 83.6825
v 15.3920 998.0000 84.3572
v 16.4428 998.0000 85.4080
v 17.1175 998.0000 86.7322
v 17.3500 62.0000 88.2000
v 17.1175 62.0000 89.6678
v 16.4428 62.0000 90.9920
v 15.3920 62.0000 92.0428
v 14.0678 62.0000 92.7175
v 12.6000 62.0000 92.9500
v 11.1322 62.0000 92.7175
v 9.8080 62.0000 92.0428
v 8.7572 62.0000 90.9920
v 8.0825 62.0000 89.6678
v 7.8500 62.0000 88.2000
v 8.0825 62.0000 86.7322
v 8.7572 62.0000 85.4080
v 9.8080 62.0000 84.3572
v 11.1322 62.0000 83.6825
v 12.6000 62.0000 83.4500
v 14.0678 62.0000 83.6825
v 15.3920 62.0000 84.3572
v 16.4428 62.0000 85.4080
v 17.1175 62.0000 86.7322
v 17.3500 998.0000 88.2000
v 17.1175 998.0000 89.6678
v 16.4428 998.0000 90.9920
v 15.3920 998.0000 92.0428
v 14.0678 998.0000 92.7175
v 12.6000 998.0000 92.9500
v 11.1322 998.0000 92.7175
v 9.8080 998.0000 92.0428
v 8.7572 998.0000 90.9920
v 8.0825 998.0000 89.6678
v 7.8500 998.0000 88.2000
v 8.0825 998.0000 86.7322
v 8.7572 998.0000 85.4080
v 9.8080 998.0000 84.3572
v 11.1322 998.0000 83.6825
v 12.6000 998.0000 83.4500
v 14.0678 998.0000 83.6825
v 15.3920 998.0000 84.3572
v 16.4428 998.0000 85.4080
v 17.1175 998.0000 86.7322
v 29.9500 62.0000 88.2000
v 29.7175 62.0000 89.6678
v 29.0428 62.0000 90.9920
v 27.9920 62.0000 92.0428
v 26.6678 62.0000 92.7175
v 25.2000 62.0000 92.9500
v 23.7322 62.0000 92.7175
v 22.4080 62.0000 92.0428
v 21.3572 62.0000 90.9920
v 20.6825 62.0000 89.6678
v 20.4500 62.0000 88.2000
v 20.6825 62.0000 86.7322
v 21.3572 62.0000 85.4080
v 22.4080 62.0000 84.3572
v 23.7322 62.0000 83.6825
v 25.2000 62.0000 83.4500
v 26.6678 62.0000 83.6825
v 27.9920 62.0000 84.3572
v 29.0428 62.0000 85.4080
v 29.7175 62.0000 86.7322
v 29.9500 998.0000 88.2000
v 29.7175 998.0000 89.6678
v 29.0428 998.0000 90.9920
v 27.9920 998.0000 92.0428
v 26.6678 998.0000 92.7175
v 25.2000 998.0000 92.9500
v 23.7322 998.0000 92.7175
v 22.4080 998.0000 92.0428
v 21.3572 998.0000 90.9920
v 20.6825 998.0000 89.6678
v 20.4500 998.0000 88.2000
v 20.6825 998.0000 86.7322
v 21.3572 998.0000 85.4080
v 22.4080 998.0000 84.3572
v 23.7322 998.0000 83.6825
v 25.2000 998.0000 83.4500
v 26.6678 998.0000 83.6825
v 27.9920 998.0000 84.3572
v 29.0428 998.0000 85.4080
v 29.7175 998.0000 86.7322
v 29.9500 62.0000 88.2000
v 29.7175 62.0000 89.6678
v 29.0428 62.0000 90.9920
v 27.9920 62.0000 92.0428
v 26.6678 62.0000 92.7175
v 25.2000 62.0000 92.9500
v 23.7322 62.0000 92.7175
v 22.4080 62.0000 92.0428
v 21.3572 62.0000 90.9920
v 20.6825 62.0000 89.6678
v 20.4500 62.0000 88.2000
v 20.6825 62.0000 86.7322
v 21.3572 62.0000 85.4080
v 22.4080 62.0000 84.3572
v 23.7322 62.0000 83.6825
v 25.2000 62.0000 83.4500
v 26.6678 62.0000 83.6825
v 27.9920 62.0000 84.3572
v 29.0428 62.0000 85.4080
v 29.7175 62.0000 86.7322
v 29.9500 998.0000 88.2000
v 29.7175 998.0000 89.6678
v 29.0428 998.0000 90.9920
v 27.9920 998.0000 92.0428
v 26.6678 998.0000 92.7175
v 25.2000 998.0000 92.9500
v 23.7322 998.0000 92.7175
v 22.4080 998.0000 92.0428
v 21.3572 998.0000 90.9920
v 20.6825 998.0000 89.6678
v 20.4500 998.0000 88.2000
v 20.6825 998.0000 86.7322
v 21.3572 998.0000 85.4080
v 22.4080 998.0000 84.3572
v 23.7322 998.0000 83.6825
v 25.2000 998.0000 83.4500
v 26.6678 998.0000 83.6825
v 27.9920 998.0000 84.3572
v 29.0428 998.0000 85.4080
v 29.7175 998.0000 86.7322
v 42.5500 62.0000 88.2000
v 42.3175 62.0000 89.6678
v 41.6428 62.0000 90.9920
v 40.5920 62.0000 92.0428
v 39.2678 62.0000 92.7175
v 37.8000 62.0000 92.9500
v 36.3322 62.0000 92.7175
v 35.0080 62.0000 92.0428
v 33.9572 62.0000 90.9920
v 33.2825 62.0000 89.6678
v 33.0500 62.0000 88.2000
v 33.2825 62.0000 86.7322
v 33.9572 62.0000 85.4080
v 35.0080 62.0000 84.3572
v 36.3322 62.0000 83.6825
v 37.8000 62.0000 83.4500
v 39.2678 62.0000 83.6825
v 40.5920 62.0000 84.3572
v 41.6428 62.0000 85.4080
v 42.3175 62.0000 86.7322
v 42.5500 998.0000 88.2000
v 42.3175 998.0000 89.6678
v 41.6428 998.0000 90.9920
v 40.5920 998.0000 92.0428
v 39.2678 998.0000 92.7175
v 37.8000 998.0000 92.9500
v 36.3322 998.0000 92.7175
v 35.0080 998.0000 92.0428
v 33.9572 998.0000 90.9920
v 33.2825 998.0000 89.6678
v 33.0500 998.0000 88.2000
v 33.2825 998.0000 86.7322
v 33.9572 998.0000 85.4080
v 35.0080 998.0000 84.3572
v 36.3322 998.0000 83.6825
v 37.8000 998.0000 83.4500
v 39.2678 998.0000 83.6825
v 40.5920 998.0000 84.3572
v 41.6428 998.0000 85.4080
v 42.3175 998.0000 86.7322
v 42.5500 62.0000 88.2000
v 42.3175 62.0000 89.6678
v 41.6428 62.0000 90.9920
v 40.5920 62.0000 92.0428
v 39.2678 62.0000 92.7175
v 37.8000 62.0000 92.9500
v 36.3322 62.0000 92.7175
v 35.0080 62.0000 92.0428
v 33.9572 62.0000 90.9920
v 33.2825 62.0000 89.6678
v 33.0500 62.0000 88.2000
v 33.2825 62.0000 86.7322
v 33.9572 62.0000 85.4080
v 35.0080 62.0000 84.3572
v 36.3322 62.0000 83.6825
v 37.8000 62.0000 83.4500
v 39.2678 62.0000 83.6825
v 40.5920 62.0000 84.3572
v 41.6428 62.0000 85.4080
v 42.3175 62.0000 86.7322
v 42.5500 998.0000 88.2000
v 42.3175 998.0000 89.6678
v 41.6428 998.0000 90.9920
v 40.5920 998.0000 92.0428
v 39.2678 998.0000 92.7175
v 37.8000 998.0000 92.9500
v 36.3322 998.0000 92.7175
v 35.0080 998.0000 92.0428
v 33.9572 998.0000 90.9920
v 33.2825 998.0000 89.6678
v 33.0500 998.0000 88.2000
v 33.2825 998.0000 86.7322
v 33.9572 998.0000 85.4080
v 35.0080 998.0000 84.3572
v 36.3322 998.0000 83.6825
v 37.8000 998.0000 83.4500
v 39.2678 998.0000 83.6825
v 40.5920 998.0000 84.3572
v 41.6428 998.0000 85.4080
v 42.3175 998.0000 86.7322
v 55.1500 62.0000 88.2000
v 54.9175 62.0000 89.6678
v 54.2428 62.0000 90.9920
v 53.1920 62.0000 92.0428
v 51.8678 62.0000 92.7175
v 50.4000 62.0000 92.9500
v 48.9322 62.0000 92.7175
v 47.6080 62.0000 92.0428
v 46.5572 62.0000 90.9920
v 45.8825 62.0000 89.6678
v 45.6500 62.0000 88.2000
v 45.8825 62.0000 86.7322
v 46.5572 62.0000 85.4080
v 47.6080 62.0000 84.3572
v 48.9322 62.0000 83.6825
v 50.4000 62.0000 83.4500
v 51.8678 62.0000 83.6825
v 53.1920 62.0000 84.3572
v 54.2428 62.0000 85.4080
v 54.9175 62.0000 86.7322
v 55.1500 998.0000 88.2000
v 54.9175 998.0000 89.6678
v 54.2428 998.0000 90.9920
v 53.1920 998.0000 92.0428
v 51.8678 998.0000 92.7175
v 50.4000 998.0000 92.9500
v 48.9322 998.0000 92.7175
v 47.6080 998.0000 92.0428
v 46.5572 998.0000 90.9920
v 45.8825 998.0000 89.6678
v 45.6500 998.0000 88.2000
v 45.8825 998.0000 86.7322
v 46.5572 998.0000 85.4080
v 47.6080 998.0000 84.3572
v 48.9322 998.0000 83.6825
v 50.4000 998.0000 83.4500
v 51.8678 998.0000 83.6825
v 53.1920 998.0000 84.3572
v 54.2428 998.0000 85.4080
v 54.9175 998.0000 86.7322
v 55.1500 62.0000 88.2000
v 54.9175 62.0000 89.6678
v 54.2428 62.0000 90.9920
v 53.1920 62.0000 92.0428
v 51.8678 62.0000 92.7175
v 50.4000 62.0000 92.9500
v 48.9322 62.0000 92.7175
v 47.6080 62.0000 92.0428
v 46.5572 62.0000 90.9920
v 45.8825 62.0000 89.6678
v 45.6500 62.0000 88.2000
v 45.8825 62.0000 86.7322
v 46.5572 62.0000 85.4080
v 47.6080 62.0000 84.3572
v 48.9322 62.0000 83.6825
v 50.4000 62.0000 83.4500
v 51.8678 62.0000 83.6825
v 53.1920 62.0000 84.3572
v 54.2428 62.0000 85.4080
v 54.9175 62.0000 86.7322
v 55.1500 998.0000 88.2000
v 54.9175 998.0000 89.6678
v 54.2428 998.0000 90.9920
v 53.1920 998.0000 92.0428
v 51.8678 998.0000 92.7175
v 50.4000 998.0000 92.9500
v 48.9322 998.0000 92.7175
v 47.6080 998.0000 92.0428
v 46.5572 998.0000 90.9920
v 45.8825 998.0000 89.6678
v 45.6500 998.0000 88.2000
v 45.8825 998.0000 86.7322
v 46.5572 998.0000 85.4080
v 47.6080 998.0000 84.3572
v 48.9322 998.0000 83.6825
v 50.4000 998.0000 83.4500
v 51.8678 998.0000 83.6825
v 53.1920 998.0000 84.3572
v 54.2428 998.0000 85.4080
v 54.9175 998.0000 86.7322
v 67.7500 62.0000 88.2000
v 67.5175 62.0000 89.6678
v 66.8428 62.0000 90.9920
v 65.7920 62.0000 92.0428
v 64.4678 62.0000 92.7175
v 63.0000 62.0000 92.9500
v 61.5322 62.0000 92.7175
v 60.2080 62.0000 92.0428
v 59.1572 62.0000 90.9920
v 58.4825 62.0000 89.6678
v 58.2500 62.0000 88.2000
v 58.4825 62.0000 86.7322
v 59.1572 62.0000 85.4080
v 60.2080 62.0000 84.3572
v 61.5322 62.0000 83.6825
v 63.0000 62.0000 83.4500
v 64.4678 62.0000 83.6825
v 65.7920 62.0000 84.3572
v 66.8428 62.0000 85.4080
v 67.5175 62.0000 86.7322
v 67.7500 998.0000 88.2000
v 67.5175 998.0000 89.6678
v 66.8428 998.0000 90.9920
v 65.7920 998.0000 92.0428
v 64.4678 998.0000 92.7175
v 63.0000 998.0000 92.9500
v 61.5322 998.0000 92.7175
v 60.2080 998.0000 92.0428
v 59.1572 998.0000 90.9920
v 58.4825 998.0000 89.6678
v 58.2500 998.0000 88.2000
v 58.4825 998.0000 86.7322
v 59.1572 998.0000 85.4080
v 60.2080 998.0000 84.3572
v 61.5322 998.0000 83.6825
v 63.0000 998.0000 83.4500
v 64.4678 998.0000 83.6825
v 65.7920 998.0000 84.3572
v 66.8428 998.0000 85.4080
v 67.5175 998.0000 86.7322
v 67.7500 62.0000 88.2000
v 67.5175 62.0000 89.6678
v 66.8428 62.0000 90.9920
v 65.7920 62.0000 92.0428
v 64.4678 62.0000 92.7175
v 63.0000 62.0000 92.9500
v 61.5322 62.0000 92.7175
v 60.2080 62.0000 92.0428
v 59.1572 62.0000 90.9920
v 58.4825 62.0000 89.6678
v 58.2500 62.0000 88.2000
v 58.4825 62.0000 86.7322
v 59.1572 62.0000 85.4080
v 60.2080 62.0000 84.3572
v 61.5322 62.0000 83.6825
v 63.0000 62.0000 83.4500
v 64.4678 62.0000 83.6825
v 65.7920 62.0000 84.3572
v 66.8428 62.0000 85.4080
v 67.5175 62.0000 86.7322
v 67.7500 998.0000 88.2000
v 67.5175 998.0000 89.6678
v 66.8428 998.0000 90.9920
v 65.7920 998.0000 92.0428
v 64.4678 998.0000 92.7175
v 63.0000 998.0000 92.9500
v 61.5322 998.0000 92.7175
v 60.2080 998.0000 92.0428
v 59.1572 998.0000 90.9920
v 58.4825 998.0000 89.6678
v 58.2500 998.0000 88.2000
v 58.4825 998.0000 86.7322
v 59.1572 998.0000 85.4080
v 60.2080 998.0000 84.3572
v 61.5322 998.0000 83.6825
v 63.0000 998.0000 83.4500
v 64.4678 998.0000 83.6825
v 65.7920 998.0000 84.3572
v 66.8428 998.0000 85.4080
v 67.5175 998.0000 86.7322
v 80.3500 62.0000 88.2000
v 80.1175 62.0000 89.6678
v 79.4428 62.0000 90.9920
v 78.3920 62.0000 92.0428
v 77.0678 62.0000 92.7175
v 75.6000 62.0000 92.9500
v 74.1322 62.0000 92.7175
v 72.8080 62.0000 92.0428
v 71.7572 62.0000 90.9920
v 71.0825 62.0000 89.6678
v 70.8500 62.0000 88.2000
v 71.0825 62.0000 86.7322
v 71.7572 62.0000 85.4080
v 72.8080 62.0000 84.3572
v 74.1322 62.0000 83.6825
v 75.6000 62.0000 83.4500
v 77.0678 62.0000 83.6825
v 78.3920 62.0000 84.3572
v 79.4428 62.0000 85.4080
v 80.1175 62.0000 86.7322
v 80.3500 998.0000 88.2000
v 80.1175 998.0000 89.6678
v 79.4428 998.0000 90.9920
v 78.3920 998.0000 92.0428
v 77.0678 998.0000 92.7175
v 75.6000 998.0000 92.9500
v 74.1322 998.0000 92.7175
v 72.8080 998.0000 92.0428
v 71.7572 998.0000 90.9920
v 71.0825 998.0000 89.6678
v 70.8500 998.0000 88.2000
v 71.0825 998.0000 86.7322
v 71.7572 998.0000 85.4080
v 72.8080 998.0000 84.3572
v 74.1322 998.0000 83.6825
v 75.6000 998.0000 83.4500
v 77.0678 998.0000 83.6825
v 78.3920 998.0000 84.3572
v 79.4428 998.0000 85.4080
v 80.1175 998.0000 86.7322
v 80.3500 62.0000 88.2000
v 80.1175 62.0000 89.6678
v 79.4428 62.0000 90.9920
v 78.3920 62.0000 92.0428
v 77.0678 62.0000 92.7175
v 75.6000 62.0000 92.9500
v 74.1322 62.0000 92.7175
v 72.8080 62.0000 92.0428
v 71.7572 62.0000 90.9920
v 71.0825 62.0000 89.6678
v 70.8500 62.0000 88.2000
v 71.0825 62.0000 86.7322
v 71.7572 62.0000 85.4080
v 72.8080 62.0000 84.3572
v 74.1322 62.0000 83.6825
v 75.6000 62.0000 83.4500
v 77.0678 62.0000 83.6825
v 78.3920 62.0000 84.3572
v 79.4428 62.0000 85.4080
v 80.1175 62.0000 86.7322
v 80.3500 998.0000 88.2000
v 80.1175 998.0000 89.6678
v 79.4428 998.0000 90.9920
v 78.3920 998.0000 92.0428
v 77.0678 998.0000 92.7175
v 75.6000 998.0000 92.9500
v 74.1322 998.0000 92.7175
v 72.8080 998.0000 92.0428
v 71.7572 998.0000 90.9920
v 71.0825 998.0000 89.6678
v 70.8500 998.0000 88.2000
v 71.0825 998.0000 86.7322
v 71.7572 998.0000 85.4080
v 72.8080 998.0000 84.3572
v 74.1322 998.0000 83.6825
v 75.6000 998.0000 83.4500
v 77.0678 998.0000 83.6825
v 78.3920 998.0000 84.3572
v 79.4428 998.0000 85.4080
v 80.1175 998.0000 86.7322
v 92.9500 62.0000 88.2000
v 92.7175 62.0000 89.6678
v 92.0428 62.0000 90.9920
v 90.9920 62.0000 92.0428
v 89.6678 62.0000 92.7175
v 88.2000 62.0000 92.9500
v 86.7322 62.0000 92.7175
v 85.4080 62.0000 92.0428
v 84.3572 62.0000 90.9920
v 83.6825 62.0000 89.6678
v 83.4500 62.0000 88.2000
v 83.6825 62.0000 86.7322
v 84.3572 62.0000 85.4080
v 85.4080 62.0000 84.3572
v 86.7322 62.0000 83.6825
v 88.2000 62.0000 83.4500
v 89.6678 62.0000 83.6825
v 90.9920 62.0000 84.3572
v 92.0428 62.0000 85.4080
v 92.7175 62.0000 86.7322
v 92.9500 998.0000 88.2000
v 92.7175 998.0000 89.6678
v 92.0428 998.0000 90.9920
v 90.9920 998.0000 92.0428
v 89.6678 998.0000 92.7175
v 88.2000 998.0000 92.9500
v 86.7322 998.0000 92.7175
v 85.4080 998.0000 92.0428
v 84.3572 998.0000 90.9920
v 83.6825 998.0000 89.6678
v 83.4500 998.0000 88.2000
v 83.6825 998.0000 86.7322
v 84.3572 998.0000 85.4080
v 85.4080 998.0000 84.3572
v 86.7322 998.0000 83.6825
v 88.2000 998.0000 83.4500
v 89.6678 998.0000 83.6825
v 90.9920 998.0000 84.3572
v 92.0428 998.0000 85.4080
v 92.7175 998.0000 86.7322
v 92.9500 62.0000 88.2000
v 92.7175 62.0000 89.6678
v 92.0428 62.0000 90.9920
v 90.9920 62.0000 92.0428
v 89.6678 62.0000 92.7175
v 88.2000 62.0000 92.9500
v 86.7322 62.0000 92.7175
v 85.4080 62.0000 92.0428
v 84.3572 62.0000 90.9920
v 83.6825 62.0000 89.6678
v 83.4500 62.0000 88.2000
v 83.6825 62.0000 86.7322
v 84.3572 62.0000 85.4080
v 85.4080 62.0000 84.3572
v 86.7322 62.0000 83.6825
v 88.2000 62.0000 83.4500
v 89.6678 62.0000 83.6825
v 90.9920 62.0000 84.3572
v 92.0428 62.0000 85.4080
v 92.7175 62.0000 86.7322
v 92.9500 998.0000 88.2000
v 92.7175 998.0000 89.6678
v 92.0428 998.0000 90.9920
v 90.9920 998.0000 92.0428
v 89.6678 998.0000 92.7175
v 88.2000 998.0000 92.9500
v 86.7322 998.0000 92.7175
v 85.4080 998.0000 92.0428
v 84.3572 998.0000 90.9920
v 83.6825 998.0000 89.6678
v 83.4500 998.0000 88.2000
v 83.6825 998.0000 86.7322
v 84.3572 998.0000 85.4080
v 85.4080 998.0000 84.3572
v 86.7322 998.0000 83.6825
v 88.2000 998.0000 83.4500
v 89.6678 998.0000 83.6825
v 90.9920 998.0000 84.3572
v 92.0428 998.0000 85.4080
v 92.7175 998.0000 86.7322
v 105.5500 62.0000 88.2000
v 105.3175 62.0000 89.6678
v 104.6428 62.0000 90.9920
v 103.5920 62.0000 92.0428
v 102.2678 62.0000 92.7175
v 100.8000 62.0000 92.9500
v 99.3322 62.0000 92.7175
v 98.0080 62.0000 92.0428
v 96.9572 62.0000 90.9920
v 96.2825 62.0000 89.6678
v 96.0500 62.0000 88.2000
v 96.2825 62.0000 86.7322
v 96.9572 62.0000 85.4080
v 98.0080 62.0000 84.3572
v 99.3322 62.0000 83.6825
v 100.8000 62.0000 83.4500
v 102.2678 62.0000 83.6825
v 103.5920 62.0000 84.3572
v 104.6428 62.0000 85.4080
v 105.3175 62.0000 86.7322
v 105.5500 998.0000 88.2000
v 105.3175 998.0000 89.6678
v 104.6428 998.0000 90.9920
v 103.5920 998.0000 92.0428
v 102.2678 998.0000 92.7175
v 100.8000 998.0000 92.9500
v 99.3322 998.0000 92.7175
v 98.0080 998.0000 92.0428
v 96.9572 998.0000 90.9920
v 96.2825 998.0000 89.6678
v 96.0500 998.0000 88.2000
v 96.2825 998.0000 86.7322
v 96.9572 998.0000 85.4080
v 98.0080 998.0000 84.3572
v 99.3322 998.0000 83.6825
v 100.8000 998.0000 83.4500
v 102.2678 998.0000 83.6825
v 103.5920 998.0000 84.3572
v 104.6428 998.0000 85.4080
v 105.3175 998.0000 86.7322
v 105.5500 62.0000 88.2000
v 105.3175 62.0000 89.6678
v 104.6428 62.0000 90.9920
v 103.5920 62.0000 92.0428
v 102.2678 62.0000 92.7175
v 100.8000 62.0000 92.9500
v 99.3322 62.0000 92.7175
v 98.0080 62.0000 92.0428
v 96.9572 62.0000 90.9920
v 96.2825 62.0000 89.6678
v 96.0500 62.0000 88.2000
v 96.2825 62.0000 86.7322
v 96.9572 62.0000 85.4080
v 98.0080 62.0000 84.3572
v 99.3322 62.0000 83.6825
v 100.8000 62.0000 83.4500
v 102.2678 62.0000 83.6825
v 103.5920 62.0000 84.3572
v 104.6428 62.0000 85.4080
v 105.3175 62.0000 86.7322
v 105.5500 998.0000 88.2000
v 105.3175 998.0000 89.6678
v 104.6428 998.0000 90.9920
v 103.5920 998.0000 92.0428
v 102.2678 998.0000 92.7175
v 100.8000 998.0000 92.9500
v 99.3322 998.0000 92.7175
v 98.0080 998.0000 92.0428
v 96.9572 998.0000 90.9920
v 96.2825 998.0000 89.6678
v 96.0500 998.0000 88.2000
v 96.2825 998.0000 86.7322
v 96.9572 998.0000 85.4080
v 98.0080 998.0000 84.3572
v 99.3322 998.0000 83.6825
v 100.8000 998.0000 83.4500
v 102.2678 998.0000 83.6825
v 103.5920 998.0000 84.3572
v 104.6428 998.0000 85.4080
v 105.3175 998.0000 86.7322
v -96.0500 62.0000 100.8000
v -96.2825 62.0000 102.2678
v -96.9572 62.0000 103.5920
v -98.0080 62.0000 104.6428
v -99.3322 62.0000 105.3175
v -100.8000 62.0000 105.5500
v -102.2678 62.0000 105.3175
v -103.5920 62.0000 104.6428
v -104.6428 62.0000 103.5920
v -105.3175 62.0000 102.2678
v -105.5500 62.0000 100.8000
v -105.3175 62.0000 99.3322
v -104.6428 62.0000 98.0080
v -103.5920 62.0000 96.9572
v -102.2678 62.0000 96.2825
v -100.8000 62.0000 96.0500
v -99.3322 62.0000 96.2825
v -98.0080 62.0000 96.9572
v -96.9572 62.0000 98.0080
v -96.2825 62.0000 99.3322
v -96.0500 998.0000 100.8000
v -96.2825 998.0000 102.2678
v -96.9572 998.0000 103.5920
v -98.0080 998.0000 104.6428
v -99.3322 998.0000 105.3175
v -100.8000 998.0000 105.5500
v -102.2678 998.0000 105.3175
v -103.5920 998.0000 104.6428
v -104.6428 998.0000 103.5920
v -105.3175 998.0000 102.2678
v -105.5500 998.0000 100.8000
v -105.3175 998.0000 99.3322
v -104.6428 998.0000 98.0080
v -103.5920 998.0000 96.9572
v -102.2678 998.0000 96.2825
v -100.8000 998.0000 96.0500
v -99.3322 998.0000 96.2825
v -98.0080 998.0000 96.9572
v -96.9572 998.0000 98.0080
v -96.2825 998.0000 99.3322
v -96.0500 62.0000 100.8000
v -96.2825 62.0000 102.2678
v -96.9572 62.0000 103.5920
v -98.0080 62.0000 104.6428
v -99.3322 62.0000 105.3175
v -100.8000 62.0000 105.5500
v -102.2678 62.0000 105.3175
v -103.5920 62.0000 104.6428
v -104.6428 62.0000 103.5920
v -105.3175 62.0000 102.2678
v -105.5500 62.0000 100.8000
v -105.3175 62.0000 99.3322
v -104.6428 62.0000 98.0080
v -103.5920 62.0000 96.9572
v -102.2678 62.0000 96.2825
v -100.8000 62.0000 96.0500
v -99.3322 62.0000 96.2825
v -98.0080 62.0000 96.9572
v -96.9572 62.0000 98.0080
v -96.2825 62.0000 99.3322
v -96.0500 998.0000 100.8000
v -96.2825 998.0000 102.2678
v -96.9572 998.0000 103.5920
v -98.0080 998.0000 104.6428
v -99.3322 998.0000 105.3175
v -100.8000 998.0000 105.5500
v -102.2678 998.0000 105.3175
v -103.5920 998.0000 104.6428
v -104.6428 998.0000 103.5920
v -105.3175 998.0000 102.2678
v -105.5500 998.0000 100.8000
v -105.3175 998.0000 99.3322
v -104.6428 998.0000 98.0080
v -103.5920 998.0000 96.9572
v -102.2678 998.0000 96.2825
v -100.8000 998.0000 96.0500
v -99.3322 998.0000 96.2825
v -98.0080 998.0000 96.9572
v -96.9572 998.0000 98.0080
v -96.2825 998.0000 99.3322
v -83.4500 62.0000 100.8000
v -83.6825 62.0000 102.2678
v -84.3572 62.0000 103.5920
v -85.4080 62.0000 104.6428
v -86.7322 62.0000 105.3175
v -88.2000 62.0000 105.5500
v -89.6678 62.0000 105.3175
v -90.9920 62.0000 104.6428
v -92.0428 62.0000 103.5920
v -92.7175 62.0000 102.2678
v -92.9500 62.0000 100.8000
v -92.7175 62.0000 99.3322
v -92.0428 62.0000 98.0080
v -90.9920 62.0000 96.9572
v -89.6678 62.0000 96.2825
v -88.2000 62.0000 96.0500
v -86.7322 62.0000 96.2825
v -85.4080 62.0000 96.9572
v -84.3572 62.0000 98.0080
v -83.6825 62.0000 99.3322
v -83.4500 998.0000 100.8000
v -83.6825 998.0000 102.2678
v -84.3572 998.0000 103.5920
v -85.4080 998.0000 104.6428
v -86.7322 998.0000 105.3175
v -88.2000 998.0000 105.5500
v -89.6678 998.0000 105.3175
v -90.9920 998.0000 104.6428
v -92.0428 998.0000 103.5920
v -92.7175 998.0000 102.2678
v -92.9500 998.0000 100.8000
v -92.7175 998.0000 99.3322
v -92.0428 998.0000 98.0080
v -90.9920 998.0000 96.9572
v -89.6678 998.0000 96.2825
v -88.2000 998.0000 96.0500
v -86.7322 998.0000 96.2825
v -85.4080 998.0000 96.9572
v -84.3572 998.0000 98.0080
v -83.6825 998.0000 99.3322
v -83.4500 62.0000 100.8000
v -83.6825 62.0000 102.2678
v -84.3572 62.0000 103.5920
v -85.4080 62.0000 104.6428
v -86.7322 62.0000 105.3175
v -88.2000 62.0000 105.5500
v -89.6678 62.0000 105.3175
v -90.9920 62.0000 104.6428
v -92.0428 62.0000 103.5920
v -92.7175 62.0000 102.2678
v -92.9500 62.0000 100.8000
v -92.7175 62.0000 99.3322
v -92.0428 62.0000 98.0080
v -90.9920 62.0000 96.9572
v -89.6678 62.0000 96.2825
v -88.2000 62.0000 96.0500
v -86.7322 62.0000 96.2825
v -85.4080 62.0000 96.9572
v -84.3572 62.0000 98.0080
v -83.6825 62.0000 99.3322
v -83.4500 998.0000 100.8000
v -83.6825 998.0000 102.2678
v -84.3572 998.0000 103.5920
v -85.4080 998.0000 104.6428
v -86.7322 998.0000 105.3175
v -88.2000 998.0000 105.5500
v -89.6678 998.0000 105.3175
v -90.9920 998.0000 104.6428
v -92.0428 998.0000 103.5920
v -92.7175 998.0000 102.2678
v -92.9500 998.0000 100.8000
v -92.7175 998.0000 99.3322
v -92.0428 998.0000 98.0080
v -90.9920 998.0000 96.9572
v -89.6678 998.0000 96.2825
v -88.2000 998.0000 96.0500
v -86.7322 998.0000 96.2825
v -85.4080 998.0000 96.9572
v -84.3572 998.0000 98.0080
v -83.6825 998.0000 99.3322
v -70.8500 62.0000 100.8000
v -71.0825 62.0000 102.2678
v -71.7572 62.0000 103.5920
v -72.8080 62.0000 104.6428
v -74.1322 62.0000 105.3175
v -75.6000 62.0000 105.5500
v -77.0678 62.0000 105.3175
v -78.3920 62.0000 104.6428
v -79.4428 62.0000 103.5920
v -80.1175 62.0000 102.2678
v -80.3500 62.0000 100.8000
v -80.1175 62.0000 99.3322
v -79.4428 62.0000 98.0080
v -78.3920 62.0000 96.9572
v -77.0678 62.0000 96.2825
v -75.6000 62.0000 96.0500
v -74.1322 62.0000 96.2825
v -72.8080 62.0000 96.9572
v -71.7572 62.0000 98.0080
v -71.0825 62.0000 99.3322
v -70.8500 998.0000 100.8000
v -71.0825 998.0000 102.2678
v -71.7572 998.0000 103.5920
v -72.8080 998.0000 104.6428
v -74.1322 998.0000 105.3175
v -75.6000 998.0000 105.5500
v -77.0678 998.0000 105.3175
v -78.3920 998.0000 104.6428
v -79.4428 998.0000 103.5920
v -80.1175 998.0000 102.2678
v -80.3500 998.0000 100.8000
v -80.1175 998.0000 99.3322
v -79.4428 998.0000 98.0080
v -78.3920 998.0000 96.9572
v -77.0678 998.0000 96.2825
v -75.6000 998.0000 96.0500
v -74.1322 998.0000 96.2825
v -72.8080 998.0000 96.9572
v -71.7572 998.0000 98.0080
v -71.0825 998.0000 99.3322
v -70.8500 62.0000 100.8000
v -71.0825 62.0000 102.2678
v -71.7572 62.0000 103.5920
v -72.8080 62.0000 104.6428
v -74.1322 62.0000 105.3175
v -75.6000 62.0000 105.5500
v -77.0678 62.0000 105.3175
v -78.3920 62.0000 104.6428
v -79.4428 62.0000 103.5920
v -80.1175 62.0000 102.2678
v -80.3500 62.0000 100.8000
v -80.1175 62.0000 99.3322
v -79.4428 62.0000 98.0080
v -78.3920 62.0000 96.9572
v -77.0678 62.0000 96.2825
v -75.6000 62.0000 96.0500
v -74.1322 62.0000 96.2825
v -72.8080 62.0000 96.9572
v -71.7572 62.0000 98.0080
v -71.0825 62.0000 99.3322
v -70.8500 998.0000 100.8000
v -71.0825 998.0000 102.2678
v -71.7572 998.0000 103.5920
v -72.8080 998.0000 104.6428
v -74.1322 998.0000 105.3175
v -75.6000 998.0000 105.5500
v -77.0678 998.0000 105.3175
v -78.3920 998.0000 104.6428
v -79.4428 998.0000 103.5920
v -80.1175 998.0000 102.2678
v -80.3500 998.0000 100.8000
v -80.1175 998.0000 99.3322
v -79.4428 998.0000 98.0080
v -78.3920 998.0000 96.9572
v -77.0678 998.0000 96.2825
v -75.6000 998.0000 96.0500
v -74.1322 998.0000 96.2825
v -72.8080 998.0000 96.9572
v -71.7572 998.0000 98.0080
v -71.0825 998.0000 99.3322
v -58.2500 62.0000 100.8000
v -58.4825 62.0000 102.2678
v -59.1572 62.0000 103.5920
v -60.2080 62.0000 104.6428
v -61.5322 62.0000 105.3175
v -63.0000 62.0000 105.5500
v -64.4678 62.0000 105.3175
v -65.7920 62.0000 104.6428
v -66.8428 62.0000 103.5920
v -67.5175 62.0000 102.2678
v -67.7500 62.0000 100.8000
v -67.5175 62.0000 99.3322
v -66.8428 62.0000 98.0080
v -65.7920 62.0000 96.9572
v -64.4678 62.0000 96.2825
v -63.0000 62.0000 96.0500
v -61.5322 62.0000 96.2825
v -60.2080 62.0000 96.9572
v -59.1572 62.0000 98.0080
v -58.4825 62.0000 99.3322
v -58.2500 998.0000 100.8000
v -58.4825 998.0000 102.2678
v -59.1572 998.0000 103.5920
v -60.2080 998.0000 104.6428
v -61.5322 998.0000 105.3175
v -63.0000 998.0000 105.5500
v -64.4678 998.0000 105.3175
v -65.7920 998.0000 104.6428
v -66.8428 998.0000 103.5920
v -67.5175 998.0000 102.2678
v -67.7500 998.0000 100.8000
v -67.5175 998.0000 99.3322
v -66.8428 998.0000 98.0080
v -65.7920 998.0000 96.9572
v -64.4678 998.0000 96.2825
v -63.0000 998.0000 96.0500
v -61.5322 998.0000 96.2825
v -60.2080 998.0000 96.9572
v -59.1572 998.0000 98.0080
v -58.4825 998.0000 99.3322
v -58.2500 62.0000 100.8000
v -58.4825 62.0000 102.2678
v -59.1572 62.0000 103.5920
v -60.2080 62.0000 104.6428
v -61.5322 62.0000 105.3175
v -63.0000 62.0000 105.5500
v -64.4678 62.0000 105.3175
v -65.7920 62.0000 104.6428
v -66.8428 62.0000 103.5920
v -67.5175 62.0000 102.2678
v -67.7500 62.0000 100.8000
v -67.5175 62.0000 99.3322
v -66.8428 62.0000 98.0080
v -65.7920 62.0000 96.9572
v -64.4678 62.0000 96.2825
v -63.0000 62.0000 96.0500
v -61.5322 62.0000 96.2825
v -60.2080 62.0000 96.9572
v -59.1572 62.0000 98.0080
v -58.4825 62.0000 99.3322
v -58.2500 998.0000 100.8000
v -58.4825 998.0000 102.2678
v -59.1572 998.0000 103.5920
v -60.2080 998.0000 104.6428
v -61.5322 998.0000 105.3175
v -63.0000 998.0000 105.5500
v -64.4678 998.0000 105.3175
v -65.7920 998.0000 104.6428
v -66.8428 998.0000 103.5920
v -67.5175 998.0000 102.2678
v -67.7500 998.0000 100.8000
v -67.5175 998.0000 99.3322
v -66.8428 998.0000 98.0080
v -65.7920 998.0000 96.9572
v -64.4678 998.0000 96.2825
v -63.0000 998.0000 96.0500
v -61.5322 998.0000 96.2825
v -60.2080 998.0000 96.9572
v -59.1572 998.0000 98.0080
v -58.4825 998.0000 99.3322
v -45.6500 62.0000 100.8000
v -45.8825 62.0000 102.2678
v -46.5572 62.0000 103.5920
v -47.6080 62.0000 104.6428
v -48.9322 62.0000 105.3175
v -50.4000 62.0000 105.5500
v -51.8678 62.0000 105.3175
v -53.1920 62.0000 104.6428
v -54.2428 62.0000 103.5920
v -54.9175 62.0000 102.2678
v -55.1500 62.0000 100.8000
v -54.9175 62.0000 99.3322
v -54.2428 62.0000 98.0080
v -53.1920 62.0000 96.9572
v -51.8678 62.0000 96.2825
v -50.4000 62.0000 96.0500
v -48.9322 62.0000 96.2825
v -47.6080 62.0000 96.9572
v -46.5572 62.0000 98.0080
v -45.8825 62.0000 99.3322
v -45.6500 998.0000 100.8000
v -45.8825 998.0000 102.2678
v -46.5572 998.0000 103.5920
v -47.6080 998.0000 104.6428
v -48.9322 998.0000 105.3175
v -50.4000 998.0000 105.5500
v -51.8678 998.0000 105.3175
v -53.1920 998.0000 104.6428
v -54.2428 998.0000 103.5920
v -54.9175 998.0000 102.2678
v -55.1500 998.0000 100.8000
v -54.9175 998.0000 99.3322
v -54.2428 998.0000 98.0080
v -53.1920 998.0000 96.9572
v -51.8678 998.0000 96.2825
v -50.4000 998.0000 96.0500
v -48.9322 998.0000 96.2825
v -47.6080 998.0000 96.9572
v -46.5572 998.0000 98.0080
v -45.8825 998.0000 99.3322
v -45.6500 62.0000 100.8000
v -45.8825 62.0000 102.2678
v -46.5572 62.0000 103.5920
v -47.6080 62.0000 104.6428
v -48.9322 62.0000 105.3175
v -50.4000 62.0000 105.5500
v -51.8678 62.0000 105.3175
v -53.1920 62.0000 104.6428
v -54.2428 62.0000 103.5920
v -54.9175 62.0000 102.2678
v -55.1500 62.0000 100.8000
v -54.9175 62.0000 99.3322
v -54.2428 62.0000 98.0080
v -53.1920 62.0000 96.9572
v -51.8678 62.0000 96.2825
v -50.4000 62.0000 96.0500
v -48.9322 62.0000 96.2825
v -47.6080 62.0000 96.9572
v -46.5572 62.0000 98.0080
v -45.8825 62.0000 99.3322
v -45.6500 998.0000 100.8000
v -45.8825 998.0000 102.2678
v -46.5572 998.0000 103.5920
v -47.6080 998.0000 104.6428
v -48.9322 998.0000 105.3175
v -50.4000 998.0000 105.5500
v -51.8678 998.0000 105.3175
v -53.1920 998.0000 104.6428
v -54.2428 998.0000 103.5920
v -54.9175 998.0000 102.2678
v -55.1500 998.0000 100.8000
v -54.9175 998.0000 99.3322
v -54.2428 998.0000 98.0080
v -53.1920 998.0000 96.9572
v -51.8678 998.0000 96.2825
v -50.4000 998.0000 96.0500
v -48.9322 998.0000 96.2825
v -47.6080 998.0000 96.9572
v -46.5572 998.0000 98.0080
v -45.8825 998.0000 99.3322
v -33.0500 62.0000 100.8000
v -33.2825 62.0000 102.2678
v -33.9572 62.0000 103.5920
v -35.0080 62.0000 104.6428
v -36.3322 62.0000 105.3175
v -37.8000 62.0000 105.5500
v -39.2678 62.0000 105.3175
v -40.5920 62.0000 104.6428
v -41.6428 62.0000 103.5920
v -42.3175 62.0000 102.2678
v -42.5500 62.0000 100.8000
v -42.3175 62.0000 99.3322
v -41.6428 62.0000 98.0080
v -40.5920 62.0000 96.9572
v -39.2678 62.0000 96.2825
v -37.8000 62.0000 96.0500
v -36.3322 62.0000 96.2825
v -35.0080 62.0000 96.9572
v -33.9572 62.0000 98.0080
v -33.2825 62.0000 99.3322
v -33.0500 998.0000 100.8000
v -33.2825 998.0000 102.2678
v -33.9572 998.0000 103.5920
v -35.0080 998.0000 104.6428
v -36.3322 998.0000 105.3175
v -37.8000 998.0000 105.5500
v -39.2678 998.0000 105.3175
v -40.5920 998.0000 104.6428
v -41.6428 998.0000 103.5920
v -42.3175 998.0000 102.2678
v -42.5500 998.0000 100.8000
v -42.3175 998.0000 99.3322
v -41.6428 998.0000 98.0080
v -40.5920 998.0000 96.9572
v -39.2678 998.0000 96.2825
v -37.8000 998.0000 96.0500
v -36.3322 998.0000 96.2825
v -35.0080 998.0000 96.9572
v -33.9572 998.0000 98.0080
v -33.2825 998.0000 99.3322
v -33.0500 62.0000 100.8000
v -33.2825 62.0000 102.2678
v -33.9572 62.0000 103.5920
v -35.0080 62.0000 104.6428
v -36.3322 62.0000 105.3175
v -37.8000 62.0000 105.5500
v -39.2678 62.0000 105.3175
v -40.5920 62.0000 104.6428
v -41.6428 62.0000 103.5920
v -42.3175 62.0000 102.2678
v -42.5500 62.0000 100.8000
v -42.3175 62.0000 99.3322
v -41.6428 62.0000 98.0080
v -40.5920 62.0000 96.9572
v -39.2678 62.0000 96.2825
v -37.8000 62.0000 96.0500
v -36.3322 62.0000 96.2825
v -35.0080 62.0000 96.9572
v -33.9572 62.0000 98.0080
v -33.2825 62.0000 99.3322
v -33.0500 998.0000 100.8000
v -33.2825 998.0000 102.2678
v -33.9572 998.0000 103.5920
v -35.0080 998.0000 104.6428
v -36.3322 998.0000 105.3175
v -37.8000 998.0000 105.5500
v -39.2678 998.0000 105.3175
v -40.5920 998.0000 104.6428
v -41.6428 998.0000 103.5920
v -42.3175 998.0000 102.2678
v -42.5500 998.0000 100.8000
v -42.3175 998.0000 99.3322
v -41.6428 998.0000 98.0080
v -40.5920 998.0000 96.9572
v -39.2678 998.0000 96.2825
v -37.8000 998.0000 96.0500
v -36.3322 998.0000 96.2825
v -35.0080 998.0000 96.9572
v -33.9572 998.0000 98.0080
v -33.2825 998.0000 99.3322
v -20.4500 62.0000 100.8000
v -20.6825 62.0000 102.2678
v -21.3572 62.0000 103.5920
v -22.4080 62.0000 104.6428
v -23.7322 62.0000 105.3175
v -25.2000 62.0000 105.5500
v -26.6678 62.0000 105.3175
v -27.9920 62.0000 104.6428
v -29.0428 62.0000 103.5920
v -29.7175 62.0000 102.2678
v -29.9500 62.0000 100.8000
v -29.7175 62.0000 99.3322
v -29.0428 62.0000 98.0080
v -27.9920 62.0000 96.9572
v -26.6678 62.0000 96.2825
v -25.2000 62.0000 96.0500
v -23.7322 62.0000 96.2825
v -22.4080 62.0000 96.9572
v -21.3572 62.0000 98.0080
v -20.6825 62.0000 99.3322
v -20.4500 998.0000 100.8000
v -20.6825 998.0000 102.2678
v -21.3572 998.0000 103.5920
v -22.4080 998.0000 104.6428
v -23.7322 998.0000 105.3175
v -25.2000 998.0000 105.5500
v -26.6678 998.0000 105.3175
v -27.9920 998.0000 104.6428
v -29.0428 998.0000 103.5920
v -29.7175 998.0000 102.2678
v -29.9500 998.0000 100.8000
v -29.7175 998.0000 99.3322
v -29.0428 998.0000 98.0080
v -27.9920 998.0000 96.9572
v -26.6678 998.0000 96.2825
v -25.2000 998.0000 96.0500
v -23.7322 998.0000 96.2825
v -22.4080 998.0000 96.9572
v -21.3572 998.0000 98.0080
v -20.6825 998.0000 99.3322
v -20.4500 62.0000 100.8000
v -20.6825 62.0000 102.2678
v -21.3572 62.0000 103.5920
v -22.4080 62.0000 104.6428
v -23.7322 62.0000 105.3175
v -25.2000 62.0000 105.5500
v -26.6678 62.0000 105.3175
v -27.9920 62.0000 104.6428
v -29.0428 62.0000 103.5920
v -29.7175 62.0000 102.2678
v -29.9500 62.0000 100.8000
v -29.7175 62.0000 99.3322
v -29.0428 62.0000 98.0080
v -27.9920 62.0000 96.9572
v -26.6678 62.0000 96.2825
v -25.2000 62.0000 96.0500
v -23.7322 62.0000 96.2825
v -22.4080 62.0000 96.9572
v -21.3572 62.0000 98.0080
v -20.6825 62.0000 99.3322
v -20.4500 998.0000 100.8000
v -20.6825 998.0000 102.2678
v -21.3572 998.0000 103.5920
v -22.4080 998.0000 104.6428
v -23.7322 998.0000 105.3175
v -25.2000 998.0000 105.5500
v -26.6678 998.0000 105.3175
v -27.9920 998.0000 104.6428
v -29.0428 998.0000 103.5920
v -29.7175 998.0000 102.2678
v -29.9500 998.0000 100.8000
v -29.7175 998.0000 99.3322
v -29.0428 998.0000 98.0080
v -27.9920 998.0000 96.9572
v -26.6678 998.0000 96.2825
v -25.2000 998.0000 96.0500
v -23.7322 998.0000 96.2825
v -22.4080 998.0000 96.9572
v -21.3572 998.0000 98.0080
v -20.6825 998.0000 99.3322
v -7.8500 62.0000 100.8000
v -8.0825 62.0000 102.2678
v -8.7572 62.0000 103.5920
v -9.8080 62.0000 104.6428
v -11.1322 62.0000 105.3175
v -12.6000 62.0000 105.5500
v -14.0678 62.0000 105.3175
v -15.3920 62.0000 104.6428
v -16.4428 62.0000 103.5920
v -17.1175 62.0000 102.2678
v -17.3500 62.0000 100.8000
v -17.1175 62.0000 99.3322
v -16.4428 62.0000 98.0080
v -15.3920 62.0000 96.9572
v -14.0678 62.0000 96.2825
v -12.6000 62.0000 96.0500
v -11.1322 62.0000 96.2825
v -9.8080 62.0000 96.9572
v -8.7572 62.0000 98.0080
v -8.0825 62.0000 99.3322
v -7.8500 998.0000 100.8000
v -8.0825 998.0000 102.2678
v -8.7572 998.0000 103.5920
v -9.8080 998.0000 104.6428
v -11.1322 998.0000 105.3175
v -12.6000 998.0000 105.5500
v -14.0678 998.0000 105.3175
v -15.3920 998.0000 104.6428
v -16.4428 998.0000 103.5920
v -17.1175 998.0000 102.2678
v -17.3500 998.0000 100.8000
v -17.1175 998.0000 99.3322
v -16.4428 998.0000 98.0080
v -15.3920 998.0000 96.9572
v -14.0678 998.0000 96.2825
v -12.6000 998.0000 96.0500
v -11.1322 998.0000 96.2825
v -9.8080 998.0000 96.9572
v -8.7572 998.0000 98.0080
v -8.0825 998.0000 99.3322
v -7.8500 62.0000 100.8000
v -8.0825 62.0000 102.2678
v -8.7572 62.0000 103.5920
v -9.8080 62.0000 104.6428
v -11.1322 62.0000 105.3175
v -12.6000 62.0000 105.5500
v -14.0678 62.0000 105.3175
v -15.3920 62.0000 104.6428
v -16.4428 62.0000 103.5920
v -17.1175 62.0000 102.2678
v -17.3500 62.0000 100.8000
v -17.1175 62.0000 99.3322
v -16.4428 62.0000 98.0080
v -15.3920 62.0000 96.9572
v -14.0678 62.0000 96.2825
v -12.6000 62.0000 96.0500
v -11.1322 62.0000 96.2825
v -9.8080 62.0000 96.9572
v -8.7572 62.0000 98.0080
v -8.0825 62.0000 99.3322
v -7.8500 998.0000 100.8000
v -8.0825 998.0000 102.2678
v -8.7572 998.0000 103.5920
v -9.8080 998.0000 104.6428
v -11.1322 998.0000 105.3175
v -12.6000 998.0000 105.5500
v -14.0678 998.0000 105.3175
v -15.3920 998.0000 104.6428
v -16.4428 998.0000 103.5920
v -17.1175 998.0000 102.2678
v -17.3500 998.0000 100.8000
v -17.1175 998.0000 99.3322
v -16.4428 998.0000 98.0080
v -15.3920 998.0000 96.9572
v -14.0678 998.0000 96.2825
v -12.6000 998.0000 96.0500
v -11.1322 998.0000 96.2825
v -9.8080 998.0000 96.9572
v -8.7572 998.0000 98.0080
v -8.0825 998.0000 99.3322
v 4.7500 62.0000 100.8000
v 4.5175 62.0000 102.2678
v 3.8428 62.0000 103.5920
v 2.7920 62.0000 104.6428
v 1.4678 62.0000 105.3175
v 0.0000 62.0000 105.5500
v -1.4678 62.0000 105.3175
v -2.7920 62.0000 104.6428
v -3.8428 62.0000 103.5920
v -4.5175 62.0000 102.2678
v -4.7500 62.0000 100.8000
v -4.5175 62.0000 99.3322
v -3.8428 62.0000 98.0080
v -2.7920 62.0000 96.9572
v -1.4678 62.0000 96.2825
v -0.0000 62.0000 96.0500
v 1.4678 62.0000 96.2825
v 2.7920 62.0000 96.9572
v 3.8428 62.0000 98.0080
v 4.5175 62.0000 99.3322
v 4.7500 998.0000 100.8000
v 4.5175 998.0000 102.2678
v 3.8428 998.0000 103.5920
v 2.7920 998.0000 104.6428
v 1.4678 998.0000 105.3175
v 0.0000 998.0000 105.5500
v -1.4678 998.0000 105.3175
v -2.7920 998.0000 104.6428
v -3.8428 998.0000 103.5920
v -4.5175 998.0000 102.2678
v -4.7500 998.0000 100.8000
v -4.5175 998.0000 99.3322
v -3.8428 998.0000 98.0080
v -2.7920 998.0000 96.9572
v -1.4678 998.0000 96.2825
v -0.0000 998.0000 96.0500
v 1.4678 998.0000 96.2825
v 2.7920 998.0000 96.9572
v 3.8428 998.0000 98.0080
v 4.5175 998.0000 99.3322
v 4.7500 62.0000 100.8000
v 4.5175 62.0000 102.2678
v 3.8428 62.0000 103.5920
v 2.7920 62.0000 104.6428
v 1.4678 62.0000 105.3175
v 0.0000 62.0000 105.5500
v -1.4678 62.0000 105.3175
v -2.7920 62.0000 104.6428
v -3.8428 62.0000 103.5920
v -4.5175 62.0000 102.2678
v -4.7500 62.0000 100.8000
v -4.5175 62.0000 99.3322
v -3.8428 62.0000 98.0080
v -2.7920 62.0000 96.9572
v -1.4678 62.0000 96.2825
v -0.0000 62.0000 96.0500
v 1.4678 62.0000 96.2825
v 2.7920 62.0000 96.9572
v 3.8428 62.0000 98.0080
v 4.5175 62.0000 99.3322
v 4.7500 998.0000 100.8000
v 4.5175 998.0000 102.2678
v 3.8428 998.0000 103.5920
v 2.7920 998.0000 104.6428
v 1.4678 998.0000 105.3175
v 0.0000 998.0000 105.5500
v -1.4678 998.0000 105.3175
v -2.7920 998.0000 104.6428
v -3.8428 998.0000 103.5920
v -4.5175 998.0000 102.2678
v -4.7500 998.0000 100.8000
v -4.5175 998.0000 99.3322
v -3.8428 998.0000 98.0080
v -2.7920 998.0000 96.9572
v -1.4678 998.0000 96.2825
v -0.0000 998.0000 96.0500
v 1.4678 998.0000 96.2825
v 2.7920 998.0000 96.9572
v 3.8428 998.0000 98.0080
v 4.5175 998.0000 99.3322
v 17.3500 62.0000 100.8000
v 17.1175 62.0000 102.2678
v 16.4428 62.0000 103.5920
v 15.3920 62.0000 104.6428
v 14.0678 62.0000 105.3175
v 12.6000 62.0000 105.5500
v 11.1322 62.0000 105.3175
v 9.8080 62.0000 104.6428
v 8.7572 62.0000 103.5920
v 8.0825 62.0000 102.2678
v 7.8500 62.0000 100.8000
v 8.0825 62.0000 99.3322
v 8.7572 62.0000 98.0080
v 9.8080 62.0000 96.9572
v 11.1322 62.0000 96.2825
v 12.6000 62.0000 96.0500
v 14.0678 62.0000 96.2825
v 15.3920 62.0000 96.9572
v 16.4428 62.0000 98.0080
v 17.1175 62.0000 99.3322
v 17.3500 998.0000 100.8000
v 17.1175 998.0000 102.2678
v 16.4428 998.0000 103.5920
v 15.3920 998.0000 104.6428
v 14.0678 998.0000 105.3175
v 12.6000 998.0000 105.5500
v 11.1322 998.0000 105.3175
v 9.8080 998.0000 104.6428
v 8.7572 998.0000 103.5920
v 8.0825 998.0000 102.2678
v 7.8500 998.0000 100.8000
v 8.0825 998.0000 99.3322
v 8.7572 998.0000 98.0080
v 9.8080 998.0000 96.9572
v 11.1322 998.0000 96.2825
v 12.6000 998.0000 96.0500
v 14.0678 998.0000 96.2825
v 15.3920 998.0000 96.9572
v 16.4428 998.0000 98.0080
v 17.1175 998.0000 99.3322
v 17.3500 62.0000 100.8000
v 17.1175 62.0000 102.2678
v 16.4428 62.0000 103.5920
v 15.3920 62.0000 104.6428
v 14.0678 62.0000 105.3175
v 12.6000 62.0000 105.5500
v 11.1322 62.0000 105.3175
v 9.8080 62.0000 104.6428
v 8.7572 62.0000 103.5920
v 8.0825 62.0000 102.2678
v 7.8500 62.0000 100.8000
v 8.0825 62.0000 99.3322
v 8.7572 62.0000 98.0080
v 9.8080 62.0000 96.9572
v 11.1322 62.0000 96.2825
v 12.6000 62.0000 96.0500
v 14.0678 62.0000 96.2825
v 15.3920 62.0000 96.9572
v 16.4428 62.0000 98.0080
v 17.1175 62.0000 99.3322
v 17.3500 998.0000 100.8000
v 17.1175 998.0000 102.2678
v 16.4428 998.0000 103.5920
v 15.3920 998.0000 104.6428
v 14.0678 998.0000 105.3175
v 12.6000 998.0000 105.5500
v 11.1322 998.0000 105.3175
v 9.8080 998.0000 104.6428
v 8.7572 998.0000 103.5920
v 8.0825 998.0000 102.2678
v 7.8500 998.0000 100.8000
v 8.0825 998.0000 99.3322
v 8.7572 998.0000 98.0080
v 9.8080 998.0000 96.9572
v 11.1322 998.0000 96.2825
v 12.6000 998.0000 96.0500
v 14.0678 998.0000 96.2825
v 15.3920 998.0000 96.9572
v 16.4428 998.0000 98.0080
v 17.1175 998.0000 99.3322
v 29.9500 62.0000 100.8000
v 29.7175 62.0000 102.2678
v 29.0428 62.0000 103.5920
v 27.9920 62.0000 104.6428
v 26.6678 62.0000 105.3175
v 25.2000 62.0000 105.5500
v 23.7322 62.0000 105.3175
v 22.4080 62.0000 104.6428
v 21.3572 62.0000 103.5920
v 20.6825 62.0000 102.2678
v 20.4500 62.0000 100.8000
v 20.6825 62.0000 99.3322
v 21.3572 62.0000 98.0080
v 22.4080 62.0000 96.9572
v 23.7322 62.0000 96.2825
v 25.2000 62.0000 96.0500
v 26.6678 62.0000 96.2825
v 27.9920 62.0000 96.9572
v 29.0428 62.0000 98.0080
v 29.7175 62.0000 99.3322
v 29.9500 998.0000 100.8000
v 29.7175 998.0000 102.2678
v 29.0428 998.0000 103.5920
v 27.9920 998.0000 104.6428
v 26.6678 998.0000 105.3175
v 25.2000 998.0000 105.5500
v 23.7322 998.0000 105.3175
v 22.4080 998.0000 104.6428
v 21.3572 998.0000 103.5920
v 20.6825 998.0000 102.2678
v 20.4500 998.0000 100.8000
v 20.6825 998.0000 99.3322
v 21.3572 998.0000 98.0080
v 22.4080 998.0000 96.9572
v 23.7322 998.0000 96.2825
v 25.2000 998.0000 96.0500
v 26.6678 998.0000 96.2825
v 27.9920 998.0000 96.9572
v 29.0428 998.0000 98.0080
v 29.7175 998.0000 99.3322
v 29.9500 62.0000 100.8000
v 29.7175 62.0000 102.2678
v 29.0428 62.0000 103.5920
v 27.9920 62.0000 104.6428
v 26.6678 62.0000 105.3175
v 25.2000 62.0000 105.5500
v 23.7322 62.0000 105.3175
v 22.4080 62.0000 104.6428
v 21.3572 62.0000 103.5920
v 20.6825 62.0000 102.2678
v 20.4500 62.0000 100.8000
v 20.6825 62.0000 99.3322
v 21.3572 62.0000 98.0080
v 22.4080 62.0000 96.9572
v 23.7322 62.0000 96.2825
v 25.2000 62.0000 96.0500
v 26.6678 62.0000 96.2825
v 27.9920 62.0000 96.9572
v 29.0428 62.0000 98.0080
v 29.7175 62.0000 99.3322
v 29.9500 998.0000 100.8000
v 29.7175 998.0000 102.2678
v 29.0428 998.0000 103.5920
v 27.9920 998.0000 104.6428
v 26.6678 998.0000 105.3175
v 25.2000 998.0000 105.5500
v 23.7322 998.0000 105.3175
v 22.4080 998.0000 104.6428
v 21.3572 998.0000 103.5920
v 20.6825 998.0000 102.2678
v 20.4500 998.0000 100.8000
v 20.6825 998.0000 99.3322
v 21.3572 998.0000 98.0080
v 22.4080 998.0000 96.9572
v 23.7322 998.0000 96.2825
v 25.2000 998.0000 96.0500
v 26.6678 998.0000 96.2825
v 27.9920 998.0000 96.9572
v 29.0428 998.0000 98.0080
v 29.7175 998.0000 99.3322
v 42.5500 62.0000 100.8000
v 42.3175 62.0000 102.2678
v 41.6428 62.0000 103.5920
v 40.5920 62.0000 104.6428
v 39.2678 62.0000 105.3175
v 37.8000 62.0000 105.5500
v 36.3322 62.0000 105.3175
v 35.0080 62.0000 104.6428
v 33.9572 62.0000 103.5920
v 33.2825 62.0000 102.2678
v 33.0500 62.0000 100.8000
v 33.2825 62.0000 99.3322
v 33.9572 62.0000 98.0080
v 35.0080 62.0000 96.9572
v 36.3322 62.0000 96.2825
v 37.8000 62.0000 96.0500
v 39.2678 62.0000 96.2825
v 40.5920 62.0000 96.9572
v 41.6428 62.0000 98.0080
v 42.3175 62.0000 99.3322
v 42.5500 998.0000 100.8000
v 42.3175 998.0000 102.2678
v 41.6428 998.0000 103.5920
v 40.5920 998.0000 104.6428
v 39.2678 998.0000 105.3175
v 37.8000 998.0000 105.5500
v 36.3322 998.0000 105.3175
v 35.0080 998.0000 104.6428
v 33.9572 998.0000 103.5920
v 33.2825 998.0000 102.2678
v 33.0500 998.0000 100.8000
v 33.2825 998.0000 99.3322
v 33.9572 998.0000 98.0080
v 35.0080 998.0000 96.9572
v 36.3322 998.0000 96.2825
v 37.8000 998.0000 96.0500
v 39.2678 998.0000 96.2825
v 40.5920 998.0000 96.9572
v 41.6428 998.0000 98.0080
v 42.3175 998.0000 99.3322
v 42.5500 62.0000 100.8000
v 42.3175 62.0000 102.2678
v 41.6428 62.0000 103.5920
v 40.5920 62.0000 104.6428
v 39.2678 62.0000 105.3175
v 37.8000 62.0000 105.5500
v 36.3322 62.0000 105.3175
v 35.0080 62.0000 104.6428
v 33.9572 62.0000 103.5920
v 33.2825 62.0000 102.2678
v 33.0500 62.0000 100.8000
v 33.2825 62.0000 99.3322
v 33.9572 62.0000 98.0080
v 35.0080 62.0000 96.9572
v 36.3322 62.0000 96.2825
v 37.8000 62.0000 96.0500
v 39.2678 62.0000 96.2825
v 40.5920 62.0000 96.9572
v 41.6428 62.0000 98.0080
v 42.3175 62.0000 99.3322
v 42.5500 998.0000 100.8000
v 42.3175 998.0000 102.2678
v 41.6428 998.0000 103.5920
v 40.5920 998.0000 104.6428
v 39.2678 998.0000 105.3175
v 37.8000 998.0000 105.5500
v 36.3322 998.0000 105.3175
v 35.0080 998.0000 104.6428
v 33.9572 998.0000 103.5920
v 33.2825 998.0000 102.2678
v 33.0500 998.0000 100.8000
v 33.2825 998.0000 99.3322
v 33.9572 998.0000 98.0080
v 35.0080 998.0000 96.9572
v 36.3322 998.0000 96.2825
v 37.8000 998.0000 96.0500
v 39.2678 998.0000 96.2825
v 40.5920 998.0000 96.9572
v 41.6428 998.0000 98.0080
v 42.3175 998.0000 99.3322
v 55.1500 62.0000 100.8000
v 54.9175 62.0000 102.2678
v 54.2428 62.0000 103.5920
v 53.1920 62.0000 104.6428
v 51.8678 62.0000 105.3175
v 50.4000 62.0000 105.5500
v 48.9322 62.0000 105.3175
v 47.6080 62.0000 104.6428
v 46.5572 62.0000 103.5920
v 45.8825 62.0000 102.2678
v 45.6500 62.0000 100.8000
v 45.8825 62.0000 99.3322
v 46.5572 62.0000 98.0080
v 47.6080 62.0000 96.9572
v 48.9322 62.0000 96.2825
v 50.4000 62.0000 96.0500
v 51.8678 62.0000 96.2825
v 53.1920 62.0000 96.9572
v 54.2428 62.0000 98.0080
v 54.9175 62.0000 99.3322
v 55.1500 998.0000 100.8000
v 54.9175 998.0000 102.2678
v 54.2428 998.0000 103.5920
v 53.1920 998.0000 104.6428
v 51.8678 998.0000 105.3175
v 50.4000 998.0000 105.5500
v 48.9322 998.0000 105.3175
v 47.6080 998.0000 104.6428
v 46.5572 998.0000 103.5920
v 45.8825 998.0000 102.2678
v 45.6500 998.0000 100.8000
v 45.8825 998.0000 99.3322
v 46.5572 998.0000 98.0080
v 47.6080 998.0000 96.9572
v 48.9322 998.0000 96.2825
v 50.4000 998.0000 96.0500
v 51.8678 998.0000 96.2825
v 53.1920 998.0000 96.9572
v 54.2428 998.0000 98.0080
v 54.9175 998.0000 99.3322
v 55.1500 62.0000 100.8000
v 54.9175 62.0000 102.2678
v 54.2428 62.0000 103.5920
v 53.1920 62.0000 104.6428
v 51.8678 62.0000 105.3175
v 50.4000 62.0000 105.5500
v 48.9322 62.0000 105.3175
v 47.6080 62.0000 104.6428
v 46.5572 62.0000 103.5920
v 45.8825 62.0000 102.2678
v 45.6500 62.0000 100.8000
v 45.8825 62.0000 99.3322
v 46.5572 62.0000 98.0080
v 47.6080 62.0000 96.9572
v 48.9322 62.0000 96.2825
v 50.4000 62.0000 96.0500
v 51.8678 62.0000 96.2825
v 53.1920 62.0000 96.9572
v 54.2428 62.0000 98.0080
v 54.9175 62.0000 99.3322
v 55.1500 998.0000 100.8000
v 54.9175 998.0000 102.2678
v 54.2428 998.0000 103.5920
v 53.1920 998.0000 104.6428
v 51.8678 998.0000 105.3175
v 50.4000 998.0000 105.5500
v 48.9322 998.0000 105.3175
v 47.6080 998.0000 104.6428
v 46.5572 998.0000 103.5920
v 45.8825 998.0000 102.2678
v 45.6500 998.0000 100.8000
v 45.8825 998.0000 99.3322
v 46.5572 998.0000 98.0080
v 47.6080 998.0000 96.9572
v 48.9322 998.0000 96.2825
v 50.4000 998.0000 96.0500
v 51.8678 998.0000 96.2825
v 53.1920 998.0000 96.9572
v 54.2428 998.0000 98.0080
v 54.9175 998.0000 99.3322
v 67.7500 62.0000 100.8000
v 67.5175 62.0000 102.2678
v 66.8428 62.0000 103.5920
v 65.7920 62.0000 104.6428
v 64.4678 62.0000 105.3175
v 63.0000 62.0000 105.5500
v 61.5322 62.0000 105.3175
v 60.2080 62.0000 104.6428
v 59.1572 62.0000 103.5920
v 58.4825 62.0000 102.2678
v 58.2500 62.0000 100.8000
v 58.4825 62.0000 99.3322
v 59.1572 62.0000 98.0080
v 60.2080 62.0000 96.9572
v 61.5322 62.0000 96.2825
v 63.0000 62.0000 96.0500
v 64.4678 62.0000 96.2825
v 65.7920 62.0000 96.9572
v 66.8428 62.0000 98.0080
v 67.5175 62.0000 99.3322
v 67.7500 998.0000 100.8000
v 67.5175 998.0000 102.2678
v 66.8428 998.0000 103.5920
v 65.7920 998.0000 104.6428
v 64.4678 998.0000 105.3175
v 63.0000 998.0000 105.5500
v 61.5322 998.0000 105.3175
v 60.2080 998.0000 104.6428
v 59.1572 998.0000 103.5920
v 58.4825 998.0000 102.2678
v 58.2500 998.0000 100.8000
v 58.4825 998.0000 99.3322
v 59.1572 998.0000 98.0080
v 60.2080 998.0000 96.9572
v 61.5322 998.0000 96.2825
v 63.0000 998.0000 96.0500
v 64.4678 998.0000 96.2825
v 65.7920 998.0000 96.9572
v 66.8428 998.0000 98.0080
v 67.5175 998.0000 99.3322
v 67.7500 62.0000 100.8000
v 67.5175 62.0000 102.2678
v 66.8428 62.0000 103.5920
v 65.7920 62.0000 104.6428
v 64.4678 62.0000 105.3175
v 63.0000 62.0000 105.5500
v 61.5322 62.0000 105.3175
v 60.2080 62.0000 104.6428
v 59.1572 62.0000 103.5920
v 58.4825 62.0000 102.2678
v 58.2500 62.0000 100.8000
v 58.4825 62.0000 99.3322
v 59.1572 62.0000 98.0080
v 60.2080 62.0000 96.9572
v 61.5322 62.0000 96.2825
v 63.0000 62.0000 96.0500
v 64.4678 62.0000 96.2825
v 65.7920 62.0000 96.9572
v 66.8428 62.0000 98.0080
v 67.5175 62.0000 99.3322
v 67.7500 998.0000 100.8000
v 67.5175 998.0000 102.2678
v 66.8428 998.0000 103.5920
v 65.7920 998.0000 104.6428
v 64.4678 998.0000 105.3175
v 63.0000 998.0000 105.5500
v 61.5322 998.0000 105.3175
v 60.2080 998.0000 104.6428
v 59.1572 998.0000 103.5920
v 58.4825 998.0000 102.2678
v 58.2500 998.0000 100.8000
v 58.4825 998.0000 99.3322
v 59.1572 998.0000 98.0080
v 60.2080 998.0000 96.9572
v 61.5322 998.0000 96.2825
v 63.0000 998.0000 96.0500
v 64.4678 998.0000 96.2825
v 65.7920 998.0000 96.9572
v 66.8428 998.0000 98.0080
v 67.5175 998.0000 99.3322
v 80.3500 62.0000 100.8000
v 80.1175 62.0000 102.2678
v 79.4428 62.0000 103.5920
v 78.3920 62.0000 104.6428
v 77.0678 62.0000 105.3175
v 75.6000 62.0000 105.5500
v 74.1322 62.0000 105.3175
v 72.8080 62.0000 104.6428
v 71.7572 62.0000 103.5920
v 71.0825 62.0000 102.2678
v 70.8500 62.0000 100.8000
v 71.0825 62.0000 99.3322
v 71.7572 62.0000 98.0080
v 72.8080 62.0000 96.9572
v 74.1322 62.0000 96.2825
v 75.6000 62.0000 96.0500
v 77.0678 62.0000 96.2825
v 78.3920 62.0000 96.9572
v 79.4428 62.0000 98.0080
v 80.1175 62.0000 99.3322
v 80.3500 998.0000 100.8000
v 80.1175 998.0000 102.2678
v 79.4428 998.0000 103.5920
v 78.3920 998.0000 104.6428
v 77.0678 998.0000 105.3175
v 75.6000 998.0000 105.5500
v 74.1322 998.0000 105.3175
v 72.8080 998.0000 104.6428
v 71.7572 998.0000 103.5920
v 71.0825 998.0000 102.2678
v 70.8500 998.0000 100.8000
v 71.0825 998.0000 99.3322
v 71.7572 998.0000 98.0080
v 72.8080 998.0000 96.9572
v 74.1322 998.0000 96.2825
v 75.6000 998.0000 96.0500
v 77.0678 998.0000 96.2825
v 78.3920 998.0000 96.9572
v 79.4428 998.0000 98.0080
v 80.1175 998.0000 99.3322
v 80.3500 62.0000 100.8000
v 80.1175 62.0000 102.2678
v 79.4428 62.0000 103.5920
v 78.3920 62.0000 104.6428
v 77.0678 62.0000 105.3175
v 75.6000 62.0000 105.5500
v 74.1322 62.0000 105.3175
v 72.8080 62.0000 104.6428
v 71.7572 62.0000 103.5920
v 71.0825 62.0000 102.2678
v 70.8500 62.0000 100.8000
v 71.0825 62.0000 99.3322
v 71.7572 62.0000 98.0080
v 72.8080 62.0000 96.9572
v 74.1322 62.0000 96.2825
v 75.6000 62.0000 96.0500
v 77.0678 62.0000 96.2825
v 78.3920 62.0000 96.9572
v 79.4428 62.0000 98.0080
v 80.1175 62.0000 99.3322
v 80.3500 998.0000 100.8000
v 80.1175 998.0000 102.2678
v 79.4428 998.0000 103.5920
v 78.3920 998.0000 104.6428
v 77.0678 998.0000 105.3175
v 75.6000 998.0000 105.5500
v 74.1322 998.0000 105.3175
v 72.8080 998.0000 104.6428
v 71.7572 998.0000 103.5920
v 71.0825 998.0000 102.2678
v 70.8500 998.0000 100.8000
v 71.0825 998.0000 99.3322
v 71.7572 998.0000 98.0080
v 72.8080 998.0000 96.9572
v 74.1322 998.0000 96.2825
v 75.6000 998.0000 96.0500
v 77.0678 998.0000 96.2825
v 78.3920 998.0000 96.9572
v 79.4428 998.0000 98.0080
v 80.1175 998.0000 99.3322
v 92.9500 62.0000 100.8000
v 92.7175 62.0000 102.2678
v 92.0428 62.0000 103.5920
v 90.9920 62.0000 104.6428
v 89.6678 62.0000 105.3175
v 88.2000 62.0000 105.5500
v 86.7322 62.0000 105.3175
v 85.4080 62.0000 104.6428
v 84.3572 62.0000 103.5920
v 83.6825 62.0000 102.2678
v 83.4500 62.0000 100.8000
v 83.6825 62.0000 99.3322
v 84.3572 62.0000 98.0080
v 85.4080 62.0000 96.9572
v 86.7322 62.0000 96.2825
v 88.2000 62.0000 96.0500
v 89.6678 62.0000 96.2825
v 90.9920 62.0000 96.9572
v 92.0428 62.0000 98.0080
v 92.7175 62.0000 99.3322
v 92.9500 998.0000 100.8000
v 92.7175 998.0000 102.2678
v 92.0428 998.0000 103.5920
v 90.9920 998.0000 104.6428
v 89.6678 998.0000 105.3175
v 88.2000 998.0000 105.5500
v 86.7322 998.0000 105.3175
v 85.4080 998.0000 104.6428
v 84.3572 998.0000 103.5920
v 83.6825 998.0000 102.2678
v 83.4500 998.0000 100.8000
v 83.6825 998.0000 99.3322
v 84.3572 998.0000 98.0080
v 85.4080 998.0000 96.9572
v 86.7322 998.0000 96.2825
v 88.2000 998.0000 96.0500
v 89.6678 998.0000 96.2825
v 90.9920 998.0000 96.9572
v 92.0428 998.0000 98.0080
v 92.7175 998.0000 99.3322
v 92.9500 62.0000 100.8000
v 92.7175 62.0000 102.2678
v 92.0428 62.0000 103.5920
v 90.9920 62.0000 104.6428
v 89.6678 62.0000 105.3175
v 88.2000 62.0000 105.5500
v 86.7322 62.0000 105.3175
v 85.4080 62.0000 104.6428
v 84.3572 62.0000 103.5920
v 83.6825 62.0000 102.2678
v 83.4500 62.0000 100.8000
v 83.6825 62.0000 99.3322
v 84.3572 62.0000 98.0080
v 85.4080 62.0000 96.9572
v 86.7322 62.0000 96.2825
v 88.2000 62.0000 96.0500
v 89.6678 62.0000 96.2825
v 90.9920 62.0000 96.9572
v 92.0428 62.0000 98.0080
v 92.7175 62.0000 99.3322
v 92.9500 998.0000 100.8000
v 92.7175 998.0000 102.2678
v 92.0428 998.0000 103.5920
v 90.9920 998.0000 104.6428
v 89.6678 998.0000 105.3175
v 88.2000 998.0000 105.5500
v 86.7322 998.0000 105.3175
v 85.4080 998.0000 104.6428
v 84.3572 998.0000 103.5920
v 83.6825 998.0000 102.2678
v 83.4500 998.0000 100.8000
v 83.6825 998.0000 99.3322
v 84.3572 998.0000 98.0080
v 85.4080 998.0000 96.9572
v 86.7322 998.0000 96.2825
v 88.2000 998.0000 96.0500
v 89.6678 998.0000 96.2825
v 90.9920 998.0000 96.9572
v 92.0428 998.0000 98.0080
v 92.7175 998.0000 99.3322
v 105.5500 62.0000 100.8000
v 105.3175 62.0000 102.2678
v 104.6428 62.0000 103.5920
v 103.5920 62.0000 104.6428
v 102.2678 62.0000 105.3175
v 100.8000 62.0000 105.5500
v 99.3322 62.0000 105.3175
v 98.0080 62.0000 104.6428
v 96.9572 62.0000 103.5920
v 96.2825 62.0000 102.2678
v 96.0500 62.0000 100.8000
v 96.2825 62.0000 99.3322
v 96.9572 62.0000 98.0080
v 98.0080 62.0000 96.9572
v 99.3322 62.0000 96.2825
v 100.8000 62.0000 96.0500
v 102.2678 62.0000 96.2825
v 103.5920 62.0000 96.9572
v 104.6428 62.0000 98.0080
v 105.3175 62.0000 99.3322
v 105.5500 998.0000 100.8000
v 105.3175 998.0000 102.2678
v 104.6428 998.0000 103.5920
v 103.5920 998.0000 104.6428
v 102.2678 998.0000 105.3175
v 100.8000 998.0000 105.5500
v 99.3322 998.0000 105.3175
v 98.0080 998.0000 104.6428
v 96.9572 998.0000 103.5920
v 96.2825 998.0000 102.2678
v 96.0500 998.0000 100.8000
v 96.2825 998.0000 99.3322
v 96.9572 998.0000 98.0080
v 98.0080 998.0000 96.9572
v 99.3322 998.0000 96.2825
v 100.8000 998.0000 96.0500
v 102.2678 998.0000 96.2825
v 103.5920 998.0000 96.9572
v 104.6428 998.0000 98.0080
v 105.3175 998.0000 99.3322
v 105.5500 62.0000 100.8000
v 105.3175 62.0000 102.2678
v 104.6428 62.0000 103.5920
v 103.5920 62.0000 104.6428
v 102.2678 62.0000 105.3175
v 100.8000 62.0000 105.5500
v 99.3322 62.0000 105.3175
v 98.0080 62.0000 104.6428
v 96.9572 62.0000 103.5920
v 96.2825 62.0000 102.2678
v 96.0500 62.0000 100.8000
v 96.2825 62.0000 99.3322
v 96.9572 62.0000 98.0080
v 98.0080 62.0000 96.9572
v 99.3322 62.0000 96.2825
v 100.8000 62.0000 96.0500
v 102.2678 62.0000 96.2825
v 103.5920 62.0000 96.9572
v 104.6428 62.0000 98.0080
v 105.3175 62.0000 99.3322
v 105.5500 998.0000 100.8000
v 105.3175 998.0000 102.2678
v 104.6428 998.0000 103.5920
v 103.5920 998.0000 104.6428
v 102.2678 998.0000 105.3175
v 100.8000 998.0000 105.5500
v 99.3322 998.0000 105.3175
v 98.0080 998.0000 104.6428
v 96.9572 998.0000 103.5920
v 96.2825 998.0000 102.2678
v 96.0500 998.0000 100.8000
v 96.2825 998.0000 99.3322
v 96.9572 998.0000 98.0080
v 98.0080 998.0000 96.9572
v 99.3322 998.0000 96.2825
v 100.8000 998.0000 96.0500
v 102.2678 998.0000 96.2825
v 103.5920 998.0000 96.9572
v 104.6428 998.0000 98.0080
v 105.3175 998.0000 99.3322
f 21 22 2 1
f 22 23 3 2
f 23 24 4 3
f 24 25 5 4
f 25 26 6 5
f 26 27 7 6
f 27 28 8 7
f 28 29 9 8
f 29 30 10 9
f 30 31 11 10
f 31 32 12 11
f 32 33 13 12
f 33 34 14 13
f 34 35 15 14
f 35 36 16 15
f 36 37 17 16
f 37 38 18 17
f 38 39 19 18
f 39 40 20 19
f 40 21 1 20
f 41 42 43 44 45 46 47 48 49 50 51 52 53 54 55 56 57 58 59 60
f 80 79 78 77 76 75 74 73 72 71 70 69 68 67 66 65 64 63 62 61
f 101 102 82 81
f 102 103 83 82
f 103 104 84 83
f 104 105 85 84
f 105 106 86 85
f 106 107 87 86
f 107 108 88 87
f 108 109 89 88
f 109 110 90 89
f 110 111 91 90
f 111 112 92 91
f 112 113 93 92
f 113 114 94 93
f 114 115 95 94
f 115 116 96 95
f 116 117 97 96
f 117 118 98 97
f 118 119 99 98
f 119 120 100 99
f 120 101 81 100
f 121 122 123 124 125 126 127 128 129 130 131 132 133 134 135 136 137 138 139 140
f 160 159 158 157 156 155 154 153 152 151 150 149 148 147 146 145 144 143 142 141
f 181 182 162 161
f 182 183 163 162
f 183 184 164 163
f 184 185 165 164
f 185 186 166 165
f 186 187 167 166
f 187 188 168 167
f 188 189 169 168
f 189 190 170 169
f 190 191 171 170
f 191 192 172 171
f 192 193 173 172
f 193 194 174 173
f 194 195 175 174
f 195 196 176 175
f 196 197 177 176
f 197 198 178 177
f 198 199 179 178
f 199 200 180 179
f 200 181 161 180
f 201 202 203 204 205 206 207 208 209 210 211 212 213 214 215 216 217 218 219 220
f 240 239 238 237 236 235 234 233 232 231 230 229 228 227 226 225 224 223 222 221
f 261 262 242 241
f 262 263 243 242
f 263 264 244 243
f 264 265 245 244
f 265 266 246 245
f 266 267 247 246
f 267 268 248 247
f 268 269 249 248
f 269 270 250 249
f 270 271 251 250
f 271 272 252 251
f 272 273 253 252
f 273 274 254 253
f 274 275 255 254
f 275 276 256 255
f 276 277 257 256
f 277 278 258 257
f 278 279 259 258
f 279 280 260 259
f 280 261 241 260
f 281 282 283 284 285 286 287 288 289 290 291 292 293 294 295 296 297 298 299 300
f 320 319 318 317 316 315 314 313 312 311 310 309 308 307 306 305 304 303 302 301
f 341 342 322 321
f 342 343 323 322
f 343 344 324 323
f 344 345 325 324
f 345 346 326 325
f 346 347 327 326
f 347 348 328 327
f 348 349 329 328
f 349 350 330 329
f 350 351 331 330
f 351 352 332 331
f 352 353 333 332
f 353 354 334 333
f 354 355 335 334
f 355 356 336 335
f 356 357 337 336
f 357 358 338 337
f 358 359 339 338
f 359 360 340 339
f 360 341 321 340
f 361 362 363 364 365 366 367 368 369 370 371 372 373 374 375 376 377 378 379 380
f 400 399 398 397 396 395 394 393 392 391 390 389 388 387 386 385 384 383 382 381
f 421 422 402 401
f 422 423 403 402
f 423 424 404 403
f 424 425 405 404
f 425 426 406 405
f 426 427 407 406
f 427 428 408 407
f 428 429 409 408
f 429 430 410 409
f 430 431 411 410
f 431 432 412 411
f 432 433 413 412
f 433 434 414 413
f 434 435 415 414
f 435 436 416 415
f 436 437 417 416
f 437 438 418 417
f 438 439 419 418
f 439 440 420 419
f 440 421 401 420
f 441 442 443 444 445 446 447 448 449 450 451 452 453 454 455 456 457 458 459 460
f 480 479 478 477 476 475 474 473 472 471 470 469 468 467 466 465 464 463 462 461
f 501 502 482 481
f 502 503 483 482
f 503 504 484 483
f 504 505 485 484
f 505 506 486 485
f 506 507 487 486
f 507 508 488 487
f 508 509 489 488
f 509 510 490 489
f 510 511 491 490
f 511 512 492 491
f 512 513 493 492
f 513 514 494 493
f 514 515 495 494
f 515 516 496 495
f 516 517 497 496
f 517 518 498 497
f 518 519 499 498
f 519 520 500 499
f 520 501 481 500
f 521 522 523 524 525 526 527 528 529 530 531 532 533 534 535 536 537 538 539 540
f 560 559 558 557 556 555 554 553 552 551 550 549 548 547 546 545 544 543 542 541
f 581 582 562 561
f 582 583 563 562
f 583 584 564 563
f 584 585 565 564
f 585 586 566 565
f 586 587 567 566
f 587 588 568 567
f 588 589 569 568
f 589 590 570 569
f 590 591 571 570
f 591 592 572 571
f 592 593 573 572
f 593 594 574 573
f 594 595 575 574
f 595 596 576 575
f 596 597 577 576
f 597 598 578 577
f 598 599 579 578
f 599 600 580 579
f 600 581 561 580
f 601 602 603 604 605 606 607 608 609 610 611 612 613 614 615 616 617 618 619 620
f 640 639 638 637 636 635 634 633 632 631 630 629 628 627 626 625 624 623 622 621
f 661 662 642 641
f 662 663 643 642
f 663 664 644 643
f 664 665 645 644
f 665 666 646 645
f 666 667 647 646
f 667 668 648 647
f 668 669 649 648
f 669 670 650 649
f 670 671 651 650
f 671 672 652 651
f 672 673 653 652
f 673 674 654 653
f 674 675 655 654
f 675 676 656 655
f 676 677 657 656
f 677 678 658 657
f 678 679 659 658
f 679 680 660 659
f 680 661 641 660
f 681 682 683 684 685 686 687 688 689 690 691 692 693 694 695 696 697 698 699 700
f 720 719 718 717 716 715 714 713 712 711 710 709 708 707 706 705 704 703 702 701
f 741 742 722 721
f 742 743 723 722
f 743 744 724 723
f 744 745 725 724
f 745 746 726 725
f 746 747 727 726
f 747 748 728 727
f 748 749 729 728
f 749 750 730 729
f 750 751 731 730
f 751 752 732 731
f 752 753 733 732
f 753 754 734 733
f 754 755 735 734
f 755 756 736 735
f 756 757 737 736
f 757 758 738 737
f 758 759 739 738
f 759 760 740 739
f 760 741 721 740
f 761 762 763 764 765 766 767 768 769 770 771 772 773 774 775 776 777 778 779 780
f 800 799 798 797 796 795 794 793 792 791 790 789 788 787 786 785 784 783 782 781
f 821 822 802 801
f 822 823 803 802
f 823 824 804 803
f 824 825 805 804
f 825 826 806 805
f 826 827 807 806
f 827 828 808 807
f 828 829 809 808
f 829 830 810 809
f 830 831 811 810
f 831 832 812 811
f 832 833 813 812
f 833 834 814 813
f 834 835 815 814
f 835 836 816 815
f 836 837 817 816
f 837 838 818 817
f 838 839 819 818
f 839 840 820 819
f 840 821 801 820
f 841 842 843 844 845 846 847 848 849 850 851 852 853 854 855 856 857 858 859 860
f 880 879 878 877 876 875 874 873 872 871 870 869 868 867 866 865 864 863 862 861
f 901 902 882 881
f 902 903 883 882
f 903 904 884 883
f 904 905 885 884
f 905 906 886 885
f 906 907 887 886
f 907 908 888 887
f 908 909 889 888
f 909 910 890 889
f 910 911 891 890
f 911 912 892 891
f 912 913 893 892
f 913 914 894 893
f 914 915 895 894
f 915 916 896 895
f 916 917 897 896
f 917 918 898 897
f 918 919 899 898
f 919 920 900 899
f 920 901 881 900
f 921 922 923 924 925 926 927 928 929 930 931 932 933 934 935 936 937 938 939 940
f 960 959 958 957 956 955 954 953 952 951 950 949 948 947 946 945 944 943 942 941
f 981 982 962 961
f 982 983 963 962
f 983 984 964 963
f 984 985 965 964
f 985 986 966 965
f 986 987 967 966
f 987 988 968 967
f 988 989 969 968
f 989 990 970 969
f 990 991 971 970
f 991 992 972 971
f 992 993 973 972
f 993 994 974 973
f 994 995 975 974
f 995 996 976 975
f 996 997 977 976
f 997 998 978 977
f 998 999 979 978
f 999 1000 980 979
f 1000 981 961 980
f 1001 1002 1003 1004 1005 1006 1007 1008 1009 1010 1011 1012 1013 1014 1015 1016 1017 1018 1019 1020
f 1040 1039 1038 1037 1036 1035 1034 1033 1032 1031 1030 1029 1028 1027 1026 1025 1024 1023 1022 1021
f 1061 1062 1042 1041
f 1062 1063 1043 1042
f 1063 1064 1044 1043
f 1064 1065 1045 1044
f 1065 1066 1046 1045
f 1066 1067 1047 1046
f 1067 1068 1048 1047
f 1068 1069 1049 1048
f 1069 1070 1050 1049
f 1070 1071 1051 1050
f 1071 1072 1052 1051
f 1072 1073 1053 1052
f 1073 1074 1054 1053
f 1074 1075 1055 1054
f 1075 1076 1056 1055
f 1076 1077 1057 1056
f 1077 1078 1058 1057
f 1078 1079 1059 1058
f 1079 1080 1060 1059
f 1080 1061 1041 1060
f 1081 1082 1083 1084 1085 1086 1087 1088 1089 1090 1091 1092 1093 1094 1095 1096 1097 1098 1099 1100
f 1120 1119 1118 1117 1116 1115 1114 1113 1112 1111 1110 1109 1108 1107 1106 1105 1104 1103 1102 1101
f 1141 1142 1122 1121
f 1142 1143 1123 1122
f 1143 1144 1124 1123
f 1144 1145 1125 1124
f 1145 1146 1126 1125
f 1146 1147 1127 1126
f 1147 1148 1128 1127
f 1148 1149 1129 1128
f 1149 1150 1130 1129
f 1150 1151 1131 1130
f 1151 1152 1132 1131
f 1152 1153 1133 1132
f 1153 1154 1134 1133
f 1154 1155 1135 1134
f 1155 1156 1136 1135
f 1156 1157 1137 1136
f 1157 1158 1138 1137
f 1158 1159 1139 1138
f 1159 1160 1140 1139
f 1160 1141 1121 1140
f 1161 1162 1163 1164 1165 1166 1167 1168 1169 1170 1171 1172 1173 1174 1175 1176 1177 1178 1179 1180
f 1200 1199 1198 1197 1196 1195 1194 1193 1192 1191 1190 1189 1188 1187 1186 1185 1184 1183 1182 1181
f 1221 1222 1202 1201
f 1222 1223 1203 1202
f 1223 1224 1204 1203
f 1224 1225 1205 1204
f 1225 1226 1206 1205
f 1226 1227 1207 1206
f 1227 1228 1208 1207
f 1228 1229 1209 1208
f 1229 1230 1210 1209
f 1230 1231 1211 1210
f 1231 1232 1212 1211
f 1232 1233 1213 1212
f 1233 1234 1214 1213
f 1234 1235 1215 1214
f 1235 1236 1216 1215
f 1236 1237 1217 1216
f 1237 1238 1218 1217
f 1238 1239 1219 1218
f 1239 1240 1220 1219
f 1240 1221 1201 1220
f 1241 1242 1243 1244 1245 1246 1247 1248 1249 1250 1251 1252 1253 1254 1255 1256 1257 1258 1259 1260
f 1280 1279 1278 1277 1276 1275 1274 1273 1272 1271 1270 1269 1268 1267 1266 1265 1264 1263 1262 1261
f 1301 1302 1282 1281
f 1302 1303 1283 1282
f 1303 1304 1284 1283
f 1304 1305 1285 1284
f 1305 1306 1286 1285
f 1306 1307 1287 1286
f 1307 1308 1288 1287
f 1308 1309 1289 1288
f 1309 1310 1290 1289
f 1310 1311 1291 1290
f 1311 1312 1292 1291
f 1312 1313 1293 1292
f 1313 1314 1294 1293
f 1314 1315 1295 1294
f 1315 1316 1296 1295
f 1316 1317 1297 1296
f 1317 1318 1298 1297
f 1318 1319 1299 1298
f 1319 1320 1300 1299
f 1320 1301 1281 1300
f 1321 1322 1323 1324 1325 1326 1327 1328 1329 1330 1331 1332 1333 1334 1335 1336 1337 1338 1339 1340
f 1360 1359 1358 1357 1356 1355 1354 1353 1352 1351 1350 1349 1348 1347 1346 1345 1344 1343 1342 1341
f 1381 1382 1362 1361
f 1382 1383 1363 1362
f 1383 1384 1364 1363
f 1384 1385 1365 1364
f 1385 1386 1366 1365
f 1386 1387 1367 1366
f 1387 1388 1368 1367
f 1388 1389 1369 1368
f 1389 1390 1370 1369
f 1390 1391 1371 1370
f 1391 1392 1372 1371
f 1392 1393 1373 1372
f 1393 1394 1374 1373
f 1394 1395 1375 1374
f 1395 1396 1376 1375
f 1396 1397 1377 1376
f 1397 1398 1378 1377
f 1398 1399 1379 1378
f 1399 1400 1380 1379
f 1400 1381 1361 1380
f 1401 1402 1403 1404 1405 1406 1407 1408 1409 1410 1411 1412 1413 1414 1415 1416 1417 1418 1419 1420
f 1440 1439 1438 1437 1436 1435 1434 1433 1432 1431 1430 1429 1428 1427 1426 1425 1424 1423 1422 1421
f 1461 1462 1442 1441
f 1462 1463 1443 1442
f 1463 1464 1444 1443
f 1464 1465 1445 1444
f 1465 1466 1446 1445
f 1466 1467 1447 1446
f 1467 1468 1448 1447
f 1468 1469 1449 1448
f 1469 1470 1450 1449
f 1470 1471 1451 1450
f 1471 1472 1452 1451
f 1472 1473 1453 1452
f 1473 1474 1454 1453
f 1474 1475 1455 1454
f 1475 1476 1456 1455
f 1476 1477 1457 1456
f 1477 1478 1458 1457
f 1478 1479 1459 1458
f 1479 1480 1460 1459
f 1480 1461 1441 1460
f 1481 1482 1483 1484 1485 1486 1487 1488 1489 1490 1491 1492 1493 1494 1495 1496 1497 1498 1499 1500
f 1520 1519 1518 1517 1516 1515 1514 1513 1512 1511 1510 1509 1508 1507 1506 1505 1504 1503 1502 1501
f 1541 1542 1522 1521
f 1542 1543 1523 1522
f 1543 1544 1524 1523
f 1544 1545 1525 1524
f 1545 1546 1526 1525
f 1546 1547 1527 1526
f 1547 1548 1528 1527
f 1548 1549 1529 1528
f 1549 1550 1530 1529
f 1550 1551 1531 1530
f 1551 1552 1532 1531
f 1552 1553 1533 1532
f 1553 1554 1534 1533
f 1554 1555 1535 1534
f 1555 1556 1536 1535
f 1556 1557 1537 1536
f 1557 1558 1538 1537
f 1558 1559 1539 1538
f 1559 1560 1540 1539
f 1560 1541 1521 1540
f 1561 1562 1563 1564 1565 1566 1567 1568 1569 1570 1571 1572 1573 1574 1575 1576 1577 1578 1579 1580
f 1600 1599 1598 1597 1596 1595 1594 1593 1592 1591 1590 1589 1588 1587 1586 1585 1584 1583 1582 1581
f 1621 1622 1602 1601
f 1622 1623 1603 1602
f 1623 1624 1604 1603
f 1624 1625 1605 1604
f 1625 1626 1606 1605
f 1626 1627 1607 1606
f 1627 1628 1608 1607
f 1628 1629 1609 1608
f 1629 1630 1610 1609
f 1630 1631 1611 1610
f 1631 1632 1612 1611
f 1632 1633 1613 1612
f 1633 1634 1614 1613
f 1634 1635 1615 1614
f 1635 1636 1616 1615
f 1636 1637 1617 1616
f 1637 1638 1618 1617
f 1638 1639 1619 1618
f 1639 1640 1620 1619
f 1640 1621 1601 1620
f 1641 1642 1643 1644 1645 1646 1647 1648 1649 1650 1651 1652 1653 1654 1655 1656 1657 1658 1659 1660
f 1680 1679 1678 1677 1676 1675 1674 1673 1672 1671 1670 1669 1668 1667 1666 1665 1664 1663 1662 1661
f 1701 1702 1682 1681
f 1702 1703 1683 1682
f 1703 1704 1684 1683
f 1704 1705 1685 1684
f 1705 1706 1686 1685
f 1706 1707 1687 1686
f 1707 1708 1688 1687
f 1708 1709 1689 1688
f 1709 1710 1690 1689
f 1710 1711 1691 1690
f 1711 1712 1692 1691
f 1712 1713 1693 1692
f 1713 1714 1694 1693
f 1714 1715 1695 1694
f 1715 1716 1696 1695
f 1716 1717 1697 1696
f 1717 1718 1698 1697
f 1718 1719 1699 1698
f 1719 1720 1700 1699
f 1720 1701 1681 1700
f 1721 1722 1723 1724 1725 1726 1727 1728 1729 1730 1731 1732 1733 1734 1735 1736 1737 1738 1739 1740
f 1760 1759 1758 1757 1756 1755 1754 1753 1752 1751 1750 1749 1748 1747 1746 1745 1744 1743 1742 1741
f 1781 1782 1762 1761
f 1782 1783 1763 1762
f 1783 1784 1764 1763
f 1784 1785 1765 1764
f 1785 1786 1766 1765
f 1786 1787 1767 1766
f 1787 1788 1768 1767
f 1788 1789 1769 1768
f 1789 1790 1770 1769
f 1790 1791 1771 1770
f 1791 1792 1772 1771
f 1792 1793 1773 1772
f 1793 1794 1774 1773
f 1794 1795 1775 1774
f 1795 1796 1776 1775
f 1796 1797 1777 1776
f 1797 1798 1778 1777
f 1798 1799 1779 1778
f 1799 1800 1780 1779
f 1800 1781 1761 1780
f 1801 1802 1803 1804 1805 1806 1807 1808 1809 1810 1811 1812 1813 1814 1815 1816 1817 1818 1819 1820
f 1840 1839 1838 1837 1836 1835 1834 1833 1832 1831 1830 1829 1828 1827 1826 1825 1824 1823 1822 1821
f 1861 1862 1842 1841
f 1862 1863 1843 1842
f 1863 1864 1844 1843
f 1864 1865 1845 1844
f 1865 1866 1846 1845
f 1866 1867 1847 1846
f 1867 1868 1848 1847
f 1868 1869 1849 1848
f 1869 1870 1850 1849
f 1870 1871 1851 1850
f 1871 1872 1852 1851
f 1872 1873 1853 1852
f 1873 1874 1854 1853
f 1874 1875 1855 1854
f 1875 1876 1856 1855
f 1876 1877 1857 1856
f 1877 1878 1858 1857
f 1878 1879 1859 1858
f 1879 1880 1860 1859
f 1880 1861 1841 1860
f 1881 1882 1883 1884 1885 1886 1887 1888 1889 1890 1891 1892 1893 1894 1895 1896 1897 1898 1899 1900
f 1920 1919 1918 1917 1916 1915 1914 1913 1912 1911 1910 1909 1908 1907 1906 1905 1904 1903 1902 1901
f 1941 1942 1922 1921
f 1942 1943 1923 1922
f 1943 1944 1924 1923
f 1944 1945 1925 1924
f 1945 1946 1926 1925
f 1946 1947 1927 1926
f 1947 1948 1928 1927
f 1948 1949 1929 1928
f 1949 1950 1930 1929
f 1950 1951 1931 1930
f 1951 1952 1932 1931
f 1952 1953 1933 1932
f 1953 1954 1934 1933
f 1954 1955 1935 1934
f 1955 1956 1936 1935
f 1956 1957 1937 1936
f 1957 1958 1938 1937
f 1958 1959 1939 1938
f 1959 1960 1940 1939
f 1960 1941 1921 1940
f 1961 1962 1963 1964 1965 1966 1967 1968 1969 1970 1971 1972 1973 1974 1975 1976 1977 1978 1979 1980
f 2000 1999 1998 1997 1996 1995 1994 1993 1992 1991 1990 1989 1988 1987 1986 1985 1984 1983 1982 1981
f 2021 2022 2002 2001
f 2022 2023 2003 2002
f 2023 2024 2004 2003
f 2024 2025 2005 2004
f 2025 2026 2006 2005
f 2026 2027 2007 2006
f 2027 2028 2008 2007
f 2028 2029 2009 2008
f 2029 2030 2010 2009
f 2030 2031 2011 2010
f 2031 2032 2012 2011
f 2032 2033 2013 2012
f 2033 2034 2014 2013
f 2034 2035 2015 2014
f 2035 2036 2016 2015
f 2036 2037 2017 2016
f 2037 2038 2018 2017
f 2038 2039 2019 2018
f 2039 2040 2020 2019
f 2040 2021 2001 2020
f 2041 2042 2043 2044 2045 2046 2047 2048 2049 2050 2051 2052 2053 2054 2055 2056 2057 2058 2059 2060
f 2080 2079 2078 2077 2076 2075 2074 2073 2072 2071 2070 2069 2068 2067 2066 2065 2064 2063 2062 2061
f 2101 2102 2082 2081
f 2102 2103 2083 2082
f 2103 2104 2084 2083
f 2104 2105 2085 2084
f 2105 2106 2086 2085
f 2106 2107 2087 2086
f 2107 2108 2088 2087
f 2108 2109 2089 2088
f 2109 2110 2090 2089
f 2110 2111 2091 2090
f 2111 2112 2092 2091
f 2112 2113 2093 2092
f 2113 2114 2094 2093
f 2114 2115 2095 2094
f 2115 2116 2096 2095
f 2116 2117 2097 2096
f 2117 2118 2098 2097
f 2118 2119 2099 2098
f 2119 2120 2100 2099
f 2120 2101 2081 2100
f 2121 2122 2123 2124 2125 2126 2127 2128 2129 2130 2131 2132 2133 2134 2135 2136 2137 2138 2139 2140
f 2160 2159 2158 2157 2156 2155 2154 2153 2152 2151 2150 2149 2148 2147 2146 2145 2144 2143 2142 2141
f 2181 2182 2162 2161
f 2182 2183 2163 2162
f 2183 2184 2164 2163
f 2184 2185 2165 2164
f 2185 2186 2166 2165
f 2186 2187 2167 2166
f 2187 2188 2168 2167
f 2188 2189 2169 2168
f 2189 2190 2170 2169
f 2190 2191 2171 2170
f 2191 2192 2172 2171
f 2192 2193 2173 2172
f 2193 2194 2174 2173
f 2194 2195 2175 2174
f 2195 2196 2176 2175
f 2196 2197 2177 2176
f 2197 2198 2178 2177
f 2198 2199 2179 2178
f 2199 2200 2180 2179
f 2200 2181 2161 2180
f 2201 2202 2203 2204 2205 2206 2207 2208 2209 2210 2211 2212 2213 2214 2215 2216 2217 2218 2219 2220
f 2240 2239 2238 2237 2236 2235 2234 2233 2232 2231 2230 2229 2228 2227 2226 2225 2224 2223 2222 2221
f 2261 2262 2242 2241
f 2262 2263 2243 2242
f 2263 2264 2244 2243
f 2264 2265 2245 2244
f 2265 2266 2246 2245
f 2266 2267 2247 2246
f 2267 2268 2248 2247
f 2268 2269 2249 2248
f 2269 2270 2250 2249
f 2270 2271 2251 2250
f 2271 2272 2252 2251
f 2272 2273 2253 2252
f 2273 2274 2254 2253
f 2274 2275 2255 2254
f 2275 2276 2256 2255
f 2276 2277 2257 2256
f 2277 2278 2258 2257
f 2278 2279 2259 2258
f 2279 2280 2260 2259
f 2280 2261 2241 2260
f 2281 2282 2283 2284 2285 2286 2287 2288 2289 2290 2291 2292 2293 2294 2295 2296 2297 2298 2299 2300
f 2320 2319 2318 2317 2316 2315 2314 2313 2312 2311 2310 2309 2308 2307 2306 2305 2304 2303 2302 2301
f 2341 2342 2322 2321
f 2342 2343 2323 2322
f 2343 2344 2324 2323
f 2344 2345 2325 2324
f 2345 2346 2326 2325
f 2346 2347 2327 2326
f 2347 2348 2328 2327
f 2348 2349 2329 2328
f 2349 2350 2330 2329
f 2350 2351 2331 2330
f 2351 2352 2332 2331
f 2352 2353 2333 2332
f 2353 2354 2334 2333
f 2354 2355 2335 2334
f 2355 2356 2336 2335
f 2356 2357 2337 2336
f 2357 2358 2338 2337
f 2358 2359 2339 2338
f 2359 2360 2340 2339
f 2360 2341 2321 2340
f 2361 2362 2363 2364 2365 2366 2367 2368 2369 2370 2371 2372 2373 2374 2375 2376 2377 2378 2379 2380
f 2400 2399 2398 2397 2396 2395 2394 2393 2392 2391 2390 2389 2388 2387 2386 2385 2384 2383 2382 2381
f 2421 2422 2402 2401
f 2422 2423 2403 2402
f 2423 2424 2404 2403
f 2424 2425 2405 2404
f 2425 2426 2406 2405
f 2426 2427 2407 2406
f 2427 2428 2408 2407
f 2428 2429 2409 2408
f 2429 2430 2410 2409
f 2430 2431 2411 2410
f 2431 2432 2412 2411
f 2432 2433 2413 2412
f 2433 2434 2414 2413
f 2434 2435 2415 2414
f 2435 2436 2416 2415
f 2436 2437 2417 2416
f 2437 2438 2418 2417
f 2438 2439 2419 2418
f 2439 2440 2420 2419
f 2440 2421 2401 2420
f 2441 2442 2443 2444 2445 2446 2447 2448 2449 2450 2451 2452 2453 2454 2455 2456 2457 2458 2459 2460
f 2480 2479 2478 2477 2476 2475 2474 2473 2472 2471 2470 2469 2468 2467 2466 2465 2464 2463 2462 2461
f 2501 2502 2482 2481
f 2502 2503 2483 2482
f 2503 2504 2484 2483
f 2504 2505 2485 2484
f 2505 2506 2486 2485
f 2506 2507 2487 2486
f 2507 2508 2488 2487
f 2508 2509 2489 2488
f 2509 2510 2490 2489
f 2510 2511 2491 2490
f 2511 2512 2492 2491
f 2512 2513 2493 2492
f 2513 2514 2494 2493
f 2514 2515 2495 2494
f 2515 2516 2496 2495
f 2516 2517 2497 2496
f 2517 2518 2498 2497
f 2518 2519 2499 2498
f 2519 2520 2500 2499
f 2520 2501 2481 2500
f 2521 2522 2523 2524 2525 2526 2527 2528 2529 2530 2531 2532 2533 2534 2535 2536 2537 2538 2539 2540
f 2560 2559 2558 2557 2556 2555 2554 2553 2552 2551 2550 2549 2548 2547 2546 2545 2544 2543 2542 2541
f 2581 2582 2562 2561
f 2582 2583 2563 2562
f 2583 2584 2564 2563
f 2584 2585 2565 2564
f 2585 2586 2566 2565
f 2586 2587 2567 2566
f 2587 2588 2568 2567
f 2588 2589 2569 2568
f 2589 2590 2570 2569
f 2590 2591 2571 2570
f 2591 2592 2572 2571
f 2592 2593 2573 2572
f 2593 2594 2574 2573
f 2594 2595 2575 2574
f 2595 2596 2576 2575
f 2596 2597 2577 2576
f 2597 2598 2578 2577
f 2598 2599 2579 2578
f 2599 2600 2580 2579
f 2600 2581 2561 2580
f 2601 2602 2603 2604 2605 2606 2607 2608 2609 2610 2611 2612 2613 2614 2615 2616 2617 2618 2619 2620
f 2640 2639 2638 2637 2636 2635 2634 2633 2632 2631 2630 2629 2628 2627 2626 2625 2624 2623 2622 2621
f 2661 2662 2642 2641
f 2662 2663 2643 2642
f 2663 2664 2644 2643
f 2664 2665 2645 2644
f 2665 2666 2646 2645
f 2666 2667 2647 2646
f 2667 2668 2648 2647
f 2668 2669 2649 2648
f 2669 2670 2650 2649
f 2670 2671 2651 2650
f 2671 2672 2652 2651
f 2672 2673 2653 2652
f 2673 2674 2654 2653
f 2674 2675 2655 2654
f 2675 2676 2656 2655
f 2676 2677 2657 2656
f 2677 2678 2658 2657
f 2678 2679 2659 2658
f 2679 2680 2660 2659
f 2680 2661 2641 2660
f 2681 2682 2683 2684 2685 2686 2687 2688 2689 2690 2691 2692 2693 2694 2695 2696 2697 2698 2699 2700
f 2720 2719 2718 2717 2716 2715 2714 2713 2712 2711 2710 2709 2708 2707 2706 2705 2704 2703 2702 2701
f 2741 2742 2722 2721
f 2742 2743 2723 2722
f 2743 2744 2724 2723
f 2744 2745 2725 2724
f 2745 2746 2726 2725
f 2746 2747 2727 2726
f 2747 2748 2728 2727
f 2748 2749 2729 2728
f 2749 2750 2730 2729
f 2750 2751 2731 2730
f 2751 2752 2732 2731
f 2752 2753 2733 2732
f 2753 2754 2734 2733
f 2754 2755 2735 2734
f 2755 2756 2736 2735
f 2756 2757 2737 2736
f 2757 2758 2738 2737
f 2758 2759 2739 2738
f 2759 2760 2740 2739
f 2760 2741 2721 2740
f 2761 2762 2763 2764 2765 2766 2767 2768 2769 2770 2771 2772 2773 2774 2775 2776 2777 2778 2779 2780
f 2800 2799 2798 2797 2796 2795 2794 2793 2792 2791 2790 2789 2788 2787 2786 2785 2784 2783 2782 2781
f 2821 2822 2802 2801
f 2822 2823 2803 2802
f 2823 2824 2804 2803
f 2824 2825 2805 2804
f 2825 2826 2806 2805
f 2826 2827 2807 2806
f 2827 2828 2808 2807
f 2828 2829 2809 2808
f 2829 2830 2810 2809
f 2830 2831 2811 2810
f 2831 2832 2812 2811
f 2832 2833 2813 2812
f 2833 2834 2814 2813
f 2834 2835 2815 2814
f 2835 2836 2816 2815
f 2836 2837 2817 2816
f 2837 2838 2818 2817
f 2838 2839 2819 2818
f 2839 2840 2820 2819
f 2840 2821 2801 2820
f 2841 2842 2843 2844 2845 2846 2847 2848 2849 2850 2851 2852 2853 2854 2855 2856 2857 2858 2859 2860
f 2880 2879 2878 2877 2876 2875 2874 2873 2872 2871 2870 2869 2868 2867 2866 2865 2864 2863 2862 2861
f 2901 2902 2882 2881
f 2902 2903 2883 2882
f 2903 2904 2884 2883
f 2904 2905 2885 2884
f 2905 2906 2886 2885
f 2906 2907 2887 2886
f 2907 2908 2888 2887
f 2908 2909 2889 2888
f 2909 2910 2890 2889
f 2910 2911 2891 2890
f 2911 2912 2892 2891
f 2912 2913 2893 2892
f 2913 2914 2894 2893
f 2914 2915 2895 2894
f 2915 2916 2896 2895
f 2916 2917 2897 2896
f 2917 2918 2898 2897
f 2918 2919 2899 2898
f 2919 2920 2900 2899
f 2920 2901 2881 2900
f 2921 2922 2923 2924 2925 2926 2927 2928 2929 2930 2931 2932 2933 2934 2935 2936 2937 2938 2939 2940
f 2960 2959 2958 2957 2956 2955 2954 2953 2952 2951 2950 2949 2948 2947 2946 2945 2944 2943 2942 2941
f 2981 2982 2962 2961
f 2982 2983 2963 2962
f 2983 2984 2964 2963
f 2984 2985 2965 2964
f 2985 2986 2966 2965
f 2986 2987 2967 2966
f 2987 2988 2968 2967
f 2988 2989 2969 2968
f 2989 2990 2970 2969
f 2990 2991 2971 2970
f 2991 2992 2972 2971
f 2992 2993 2973 2972
f 2993 2994 2974 2973
f 2994 2995 2975 2974
f 2995 2996 2976 2975
f 2996 2997 2977 2976
f 2997 2998 2978 2977
f 2998 2999 2979 2978
f 2999 3000 2980 2979
f 3000 2981 2961 2980
f 3001 3002 3003 3004 3005 3006 3007 3008 3009 3010 3011 3012 3013 3014 3015 3016 3017 3018 3019 3020
f 3040 3039 3038 3037 3036 3035 3034 3033 3032 3031 3030 3029 3028 3027 3026 3025 3024 3023 3022 3021
f 3061 3062 3042 3041
f 3062 3063 3043 3042
f 3063 3064 3044 3043
f 3064 3065 3045 3044
f 3065 3066 3046 3045
f 3066 3067 3047 3046
f 3067 3068 3048 3047
f 3068 3069 3049 3048
f 3069 3070 3050 3049
f 3070 3071 3051 3050
f 3071 3072 3052 3051
f 3072 3073 3053 3052
f 3073 3074 3054 3053
f 3074 3075 3055 3054
f 3075 3076 3056 3055
f 3076 3077 3057 3056
f 3077 3078 3058 3057
f 3078 3079 3059 3058
f 3079 3080 3060 3059
f 3080 3061 3041 3060
f 3081 3082 3083 3084 3085 3086 3087 3088 3089 3090 3091 3092 3093 3094 3095 3096 3097 3098 3099 3100
f 3120 3119 3118 3117 3116 3115 3114 3113 3112 3111 3110 3109 3108 3107 3106 3105 3104 3103 3102 3101
f 3141 3142 3122 3121
f 3142 3143 3123 3122
f 3143 3144 3124 3123
f 3144 3145 3125 3124
f 3145 3146 3126 3125
f 3146 3147 3127 3126
f 3147 3148 3128 3127
f 3148 3149 3129 3128
f 3149 3150 3130 3129
f 3150 3151 3131 3130
f 3151 3152 3132 3131
f 3152 3153 3133 3132
f 3153 3154 3134 3133
f 3154 3155 3135 3134
f 3155 3156 3136 3135
f 3156 3157 3137 3136
f 3157 3158 3138 3137
f 3158 3159 3139 3138
f 3159 3160 3140 3139
f 3160 3141 3121 3140
f 3161 3162 3163 3164 3165 3166 3167 3168 3169 3170 3171 3172 3173 3174 3175 3176 3177 3178 3179 3180
f 3200 3199 3198 3197 3196 3195 3194 3193 3192 3191 3190 3189 3188 3187 3186 3185 3184 3183 3182 3181
f 3221 3222 3202 3201
f 3222 3223 3203 3202
f 3223 3224 3204 3203
f 3224 3225 3205 3204
f 3225 3226 3206 3205
f 3226 3227 3207 3206
f 3227 3228 3208 3207
f 3228 3229 3209 3208
f 3229 3230 3210 3209
f 3230 3231 3211 3210
f 3231 3232 3212 3211
f 3232 3233 3213 3212
f 3233 3234 3214 3213
f 3234 3235 3215 3214
f 3235 3236 3216 3215
f 3236 3237 3217 3216
f 3237 3238 3218 3217
f 3238 3239 3219 3218
f 3239 3240 3220 3219
f 3240 3221 3201 3220
f 3241 3242 3243 3244 3245 3246 3247 3248 3249 3250 3251 3252 3253 3254 3255 3256 3257 3258 3259 3260
f 3280 3279 3278 3277 3276 3275 3274 3273 3272 3271 3270 3269 3268 3267 3266 3265 3264 3263 3262 3261
f 3301 3302 3282 3281
f 3302 3303 3283 3282
f 3303 3304 3284 3283
f 3304 3305 3285 3284
f 3305 3306 3286 3285
f 3306 3307 3287 3286
f 3307 3308 3288 3287
f 3308 3309 3289 3288
f 3309 3310 3290 3289
f 3310 3311 3291 3290
f 3311 3312 3292 3291
f 3312 3313 3293 3292
f 3313 3314 3294 3293
f 3314 3315 3295 3294
f 3315 3316 3296 3295
f 3316 3317 3297 3296
f 3317 3318 3298 3297
f 3318 3319 3299 3298
f 3319 3320 3300 3299
f 3320 3301 3281 3300
f 3321 3322 3323 3324 3325 3326 3327 3328 3329 3330 3331 3332 3333 3334 3335 3336 3337 3338 3339 3340
f 3360 3359 3358 3357 3356 3355 3354 3353 3352 3351 3350 3349 3348 3347 3346 3345 3344 3343 3342 3341
f 3381 3382 3362 3361
f 3382 3383 3363 3362
f 3383 3384 3364 3363
f 3384 3385 3365 3364
f 3385 3386 3366 3365
f 3386 3387 3367 3366
f 3387 3388 3368 3367
f 3388 3389 3369 3368
f 3389 3390 3370 3369
f 3390 3391 3371 3370
f 3391 3392 3372 3371
f 3392 3393 3373 3372
f 3393 3394 3374 3373
f 3394 3395 3375 3374
f 3395 3396 3376 3375
f 3396 3397 3377 3376
f 3397 3398 3378 3377
f 3398 3399 3379 3378
f 3399 3400 3380 3379
f 3400 3381 3361 3380
f 3401 3402 3403 3404 3405 3406 3407 3408 3409 3410 3411 3412 3413 3414 3415 3416 3417 3418 3419 3420
f 3440 3439 3438 3437 3436 3435 3434 3433 3432 3431 3430 3429 3428 3427 3426 3425 3424 3423 3422 3421
f 3461 3462 3442 3441
f 3462 3463 3443 3442
f 3463 3464 3444 3443
f 3464 3465 3445 3444
f 3465 3466 3446 3445
f 3466 3467 3447 3446
f 3467 3468 3448 3447
f 3468 3469 3449 3448
f 3469 3470 3450 3449
f 3470 3471 3451 3450
f 3471 3472 3452 3451
f 3472 3473 3453 3452
f 3473 3474 3454 3453
f 3474 3475 3455 3454
f 3475 3476 3456 3455
f 3476 3477 3457 3456
f 3477 3478 3458 3457
f 3478 3479 3459 3458
f 3479 3480 3460 3459
f 3480 3461 3441 3460
f 3481 3482 3483 3484 3485 3486 3487 3488 3489 3490 3491 3492 3493 3494 3495 3496 3497 3498 3499 3500
f 3520 3519 3518 3517 3516 3515 3514 3513 3512 3511 3510 3509 3508 3507 3506 3505 3504 3503 3502 3501
f 3541 3542 3522 3521
f 3542 3543 3523 3522
f 3543 3544 3524 3523
f 3544 3545 3525 3524
f 3545 3546 3526 3525
f 3546 3547 3527 3526
f 3547 3548 3528 3527
f 3548 3549 3529 3528
f 3549 3550 3530 3529
f 3550 3551 3531 3530
f 3551 3552 3532 3531
f 3552 3553 3533 3532
f 3553 3554 3534 3533
f 3554 3555 3535 3534
f 3555 3556 3536 3535
f 3556 3557 3537 3536
f 3557 3558 3538 3537
f 3558 3559 3539 3538
f 3559 3560 3540 3539
f 3560 3541 3521 3540
f 3561 3562 3563 3564 3565 3566 3567 3568 3569 3570 3571 3572 3573 3574 3575 3576 3577 3578 3579 3580
f 3600 3599 3598 3597 3596 3595 3594 3593 3592 3591 3590 3589 3588 3587 3586 3585 3584 3583 3582 3581
f 3621 3622 3602 3601
f 3622 3623 3603 3602
f 3623 3624 3604 3603
f 3624 3625 3605 3604
f 3625 3626 3606 3605
f 3626 3627 3607 3606
f 3627 3628 3608 3607
f 3628 3629 3609 3608
f 3629 3630 3610 3609
f 3630 3631 3611 3610
f 3631 3632 3612 3611
f 3632 3633 3613 3612
f 3633 3634 3614 3613
f 3634 3635 3615 3614
f 3635 3636 3616 3615
f 3636 3637 3617 3616
f 3637 3638 3618 3617
f 3638 3639 3619 3618
f 3639 3640 3620 3619
f 3640 3621 3601 3620
f 3641 3642 3643 3644 3645 3646 3647 3648 3649 3650 3651 3652 3653 3654 3655 3656 3657 3658 3659 3660
f 3680 3679 3678 3677 3676 3675 3674 3673 3672 3671 3670 3669 3668 3667 3666 3665 3664 3663 3662 3661
f 3701 3702 3682 3681
f 3702 3703 3683 3682
f 3703 3704 3684 3683
f 3704 3705 3685 3684
f 3705 3706 3686 3685
f 3706 3707 3687 3686
f 3707 3708 3688 3687
f 3708 3709 3689 3688
f 3709 3710 3690 3689
f 3710 3711 3691 3690
f 3711 3712 3692 3691
f 3712 3713 3693 3692
f 3713 3714 3694 3693
f 3714 3715 3695 3694
f 3715 3716 3696 3695
f 3716 3717 3697 3696
f 3717 3718 3698 3697
f 3718 3719 3699 3698
f 3719 3720 3700 3699
f 3720 3701 3681 3700
f 3721 3722 3723 3724 3725 3726 3727 3728 3729 3730 3731 3732 3733 3734 3735 3736 3737 3738 3739 3740
f 3760 3759 3758 3757 3756 3755 3754 3753 3752 3751 3750 3749 3748 3747 3746 3745 3744 3743 3742 3741
f 3781 3782 3762 3761
f 3782 3783 3763 3762
f 3783 3784 3764 3763
f 3784 3785 3765 3764
f 3785 3786 3766 3765
f 3786 3787 3767 3766
f 3787 3788 3768 3767
f 3788 3789 3769 3768
f 3789 3790 3770 3769
f 3790 3791 3771 3770
f 3791 3792 3772 3771
f 3792 3793 3773 3772
f 3793 3794 3774 3773
f 3794 3795 3775 3774
f 3795 3796 3776 3775
f 3796 3797 3777 3776
f 3797 3798 3778 3777
f 3798 3799 3779 3778
f 3799 3800 3780 3779
f 3800 3781 3761 3780
f 3801 3802 3803 3804 3805 3806 3807 3808 3809 3810 3811 3812 3813 3814 3815 3816 3817 3818 3819 3820
f 3840 3839 3838 3837 3836 3835 3834 3833 3832 3831 3830 3829 3828 3827 3826 3825 3824 3823 3822 3821
f 3861 3862 3842 3841
f 3862 3863 3843 3842
f 3863 3864 3844 3843
f 3864 3865 3845 3844
f 3865 3866 3846 3845
f 3866 3867 3847 3846
f 3867 3868 3848 3847
f 3868 3869 3849 3848
f 3869 3870 3850 3849
f 3870 3871 3851 3850
f 3871 3872 3852 3851
f 3872 3873 3853 3852
f 3873 3874 3854 3853
f 3874 3875 3855 3854
f 3875 3876 3856 3855
f 3876 3877 3857 3856
f 3877 3878 3858 3857
f 3878 3879 3859 3858
f 3879 3880 3860 3859
f 3880 3861 3841 3860
f 3881 3882 3883 3884 3885 3886 3887 3888 3889 3890 3891 3892 3893 3894 3895 3896 3897 3898 3899 3900
f 3920 3919 3918 3917 3916 3915 3914 3913 3912 3911 3910 3909 3908 3907 3906 3905 3904 3903 3902 3901
f 3941 3942 3922 3921
f 3942 3943 3923 3922
f 3943 3944 3924 3923
f 3944 3945 3925 3924
f 3945 3946 3926 3925
f 3946 3947 3927 3926
f 3947 3948 3928 3927
f 3948 3949 3929 3928
f 3949 3950 3930 3929
f 3950 3951 3931 3930
f 3951 3952 3932 3931
f 3952 3953 3933 3932
f 3953 3954 3934 3933
f 3954 3955 3935 3934
f 3955 3956 3936 3935
f 3956 3957 3937 3936
f 3957 3958 3938 3937
f 3958 3959 3939 3938
f 3959 3960 3940 3939
f 3960 3941 3921 3940
f 3961 3962 3963 3964 3965 3966 3967 3968 3969 3970 3971 3972 3973 3974 3975 3976 3977 3978 3979 3980
f 4000 3999 3998 3997 3996 3995 3994 3993 3992 3991 3990 3989 3988 3987 3986 3985 3984 3983 3982 3981
f 4021 4022 4002 4001
f 4022 4023 4003 4002
f 4023 4024 4004 4003
f 4024 4025 4005 4004
f 4025 4026 4006 4005
f 4026 4027 4007 4006
f 4027 4028 4008 4007
f 4028 4029 4009 4008
f 4029 4030 4010 4009
f 4030 4031 4011 4010
f 4031 4032 4012 4011
f 4032 4033 4013 4012
f 4033 4034 4014 4013
f 4034 4035 4015 4014
f 4035 4036 4016 4015
f 4036 4037 4017 4016
f 4037 4038 4018 4017
f 4038 4039 4019 4018
f 4039 4040 4020 4019
f 4040 4021 4001 4020
f 4041 4042 4043 4044 4045 4046 4047 4048 4049 4050 4051 4052 4053 4054 4055 4056 4057 4058 4059 4060
f 4080 4079 4078 4077 4076 4075 4074 4073 4072 4071 4070 4069 4068 4067 4066 4065 4064 4063 4062 4061
f 4101 4102 4082 4081
f 4102 4103 4083 4082
f 4103 4104 4084 4083
f 4104 4105 4085 4084
f 4105 4106 4086 4085
f 4106 4107 4087 4086
f 4107 4108 4088 4087
f 4108 4109 4089 4088
f 4109 4110 4090 4089
f 4110 4111 4091 4090
f 4111 4112 4092 4091
f 4112 4113 4093 4092
f 4113 4114 4094 4093
f 4114 4115 4095 4094
f 4115 4116 4096 4095
f 4116 4117 4097 4096
f 4117 4118 4098 4097
f 4118 4119 4099 4098
f 4119 4120 4100 4099
f 4120 4101 4081 4100
f 4121 4122 4123 4124 4125 4126 4127 4128 4129 4130 4131 4132 4133 4134 4135 4136 4137 4138 4139 4140
f 4160 4159 4158 4157 4156 4155 4154 4153 4152 4151 4150 4149 4148 4147 4146 4145 4144 4143 4142 4141
f 4181 4182 4162 4161
f 4182 4183 4163 4162
f 4183 4184 4164 4163
f 4184 4185 4165 4164
f 4185 4186 4166 4165
f 4186 4187 4167 4166
f 4187 4188 4168 4167
f 4188 4189 4169 4168
f 4189 4190 4170 4169
f 4190 4191 4171 4170
f 4191 4192 4172 4171
f 4192 4193 4173 4172
f 4193 4194 4174 4173
f 4194 4195 4175 4174
f 4195 4196 4176 4175
f 4196 4197 4177 4176
f 4197 4198 4178 4177
f 4198 4199 4179 4178
f 4199 4200 4180 4179
f 4200 4181 4161 4180
f 4201 4202 4203 4204 4205 4206 4207 4208 4209 4210 4211 4212 4213 4214 4215 4216 4217 4218 4219 4220
f 4240 4239 4238 4237 4236 4235 4234 4233 4232 4231 4230 4229 4228 4227 4226 4225 4224 4223 4222 4221
f 4261 4262 4242 4241
f 4262 4263 4243 4242
f 4263 4264 4244 4243
f 4264 4265 4245 4244
f 4265 4266 4246 4245
f 4266 4267 4247 4246
f 4267 4268 4248 4247
f 4268 4269 4249 4248
f 4269 4270 4250 4249
f 4270 4271 4251 4250
f 4271 4272 4252 4251
f 4272 4273 4253 4252
f 4273 4274 4254 4253
f 4274 4275 4255 4254
f 4275 4276 4256 4255
f 4276 4277 4257 4256
f 4277 4278 4258 4257
f 4278 4279 4259 4258
f 4279 4280 4260 4259
f 4280 4261 4241 4260
f 4281 4282 4283 4284 4285 4286 4287 4288 4289 4290 4291 4292 4293 4294 4295 4296 4297 4298 4299 4300
f 4320 4319 4318 4317 4316 4315 4314 4313 4312 4311 4310 4309 4308 4307 4306 4305 4304 4303 4302 4301
f 4341 4342 4322 4321
f 4342 4343 4323 4322
f 4343 4344 4324 4323
f 4344 4345 4325 4324
f 4345 4346 4326 4325
f 4346 4347 4327 4326
f 4347 4348 4328 4327
f 4348 4349 4329 4328
f 4349 4350 4330 4329
f 4350 4351 4331 4330
f 4351 4352 4332 4331
f 4352 4353 4333 4332
f 4353 4354 4334 4333
f 4354 4355 4335 4334
f 4355 4356 4336 4335
f 4356 4357 4337 4336
f 4357 4358 4338 4337
f 4358 4359 4339 4338
f 4359 4360 4340 4339
f 4360 4341 4321 4340
f 4361 4362 4363 4364 4365 4366 4367 4368 4369 4370 4371 4372 4373 4374 4375 4376 4377 4378 4379 4380
f 4400 4399 4398 4397 4396 4395 4394 4393 4392 4391 4390 4389 4388 4387 4386 4385 4384 4383 4382 4381
f 4421 4422 4402 4401
f 4422 4423 4403 4402
f 4423 4424 4404 4403
f 4424 4425 4405 4404
f 4425 4426 4406 4405
f 4426 4427 4407 4406
f 4427 4428 4408 4407
f 4428 4429 4409 4408
f 4429 4430 4410 4409
f 4430 4431 4411 4410
f 4431 4432 4412 4411
f 4432 4433 4413 4412
f 4433 4434 4414 4413
f 4434 4435 4415 4414
f 4435 4436 4416 4415
f 4436 4437 4417 4416
f 4437 4438 4418 4417
f 4438 4439 4419 4418
f 4439 4440 4420 4419
f 4440 4421 4401 4420
f 4441 4442 4443 4444 4445 4446 4447 4448 4449 4450 4451 4452 4453 4454 4455 4456 4457 4458 4459 4460
f 4480 4479 4478 4477 4476 4475 4474 4473 4472 4471 4470 4469 4468 4467 4466 4465 4464 4463 4462 4461
f 4501 4502 4482 4481
f 4502 4503 4483 4482
f 4503 4504 4484 4483
f 4504 4505 4485 4484
f 4505 4506 4486 4485
f 4506 4507 4487 4486
f 4507 4508 4488 4487
f 4508 4509 4489 4488
f 4509 4510 4490 4489
f 4510 4511 4491 4490
f 4511 4512 4492 4491
f 4512 4513 4493 4492
f 4513 4514 4494 4493
f 4514 4515 4495 4494
f 4515 4516 4496 4495
f 4516 4517 4497 4496
f 4517 4518 4498 4497
f 4518 4519 4499 4498
f 4519 4520 4500 4499
f 4520 4501 4481 4500
f 4521 4522 4523 4524 4525 4526 4527 4528 4529 4530 4531 4532 4533 4534 4535 4536 4537 4538 4539 4540
f 4560 4559 4558 4557 4556 4555 4554 4553 4552 4551 4550 4549 4548 4547 4546 4545 4544 4543 4542 4541
f 4581 4582 4562 4561
f 4582 4583 4563 4562
f 4583 4584 4564 4563
f 4584 4585 4565 4564
f 4585 4586 4566 4565
f 4586 4587 4567 4566
f 4587 4588 4568 4567
f 4588 4589 4569 4568
f 4589 4590 4570 4569
f 4590 4591 4571 4570
f 4591 4592 4572 4571
f 4592 4593 4573 4572
f 4593 4594 4574 4573
f 4594 4595 4575 4574
f 4595 4596 4576 4575
f 4596 4597 4577 4576
f 4597 4598 4578 4577
f 4598 4599 4579 4578
f 4599 4600 4580 4579
f 4600 4581 4561 4580
f 4601 4602 4603 4604 4605 4606 4607 4608 4609 4610 4611 4612 4613 4614 4615 4616 4617 4618 4619 4620
f 4640 4639 4638 4637 4636 4635 4634 4633 4632 4631 4630 4629 4628 4627 4626 4625 4624 4623 4622 4621
f 4661 4662 4642 4641
f 4662 4663 4643 4642
f 4663 4664 4644 4643
f 4664 4665 4645 4644
f 4665 4666 4646 4645
f 4666 4667 4647 4646
f 4667 4668 4648 4647
f 4668 4669 4649 4648
f 4669 4670 4650 4649
f 4670 4671 4651 4650
f 4671 4672 4652 4651
f 4672 4673 4653 4652
f 4673 4674 4654 4653
f 4674 4675 4655 4654
f 4675 4676 4656 4655
f 4676 4677 4657 4656
f 4677 4678 4658 4657
f 4678 4679 4659 4658
f 4679 4680 4660 4659
f 4680 4661 4641 4660
f 4681 4682 4683 4684 4685 4686 4687 4688 4689 4690 4691 4692 4693 4694 4695 4696 4697 4698 4699 4700
f 4720 4719 4718 4717 4716 4715 4714 4713 4712 4711 4710 4709 4708 4707 4706 4705 4704 4703 4702 4701
f 4741 4742 4722 4721
f 4742 4743 4723 4722
f 4743 4744 4724 4723
f 4744 4745 4725 4724
f 4745 4746 4726 4725
f 4746 4747 4727 4726
f 4747 4748 4728 4727
f 4748 4749 4729 4728
f 4749 4750 4730 4729
f 4750 4751 4731 4730
f 4751 4752 4732 4731
f 4752 4753 4733 4732
f 4753 4754 4734 4733
f 4754 4755 4735 4734
f 4755 4756 4736 4735
f 4756 4757 4737 4736
f 4757 4758 4738 4737
f 4758 4759 4739 4738
f 4759 4760 4740 4739
f 4760 4741 4721 4740
f 4761 4762 4763 4764 4765 4766 4767 4768 4769 4770 4771 4772 4773 4774 4775 4776 4777 4778 4779 4780
f 4800 4799 4798 4797 4796 4795 4794 4793 4792 4791 4790 4789 4788 4787 4786 4785 4784 4783 4782 4781
f 4821 4822 4802 4801
f 4822 4823 4803 4802
f 4823 4824 4804 4803
f 4824 4825 4805 4804
f 4825 4826 4806 4805
f 4826 4827 4807 4806
f 4827 4828 4808 4807
f 4828 4829 4809 4808
f 4829 4830 4810 4809
f 4830 4831 4811 4810
f 4831 4832 4812 4811
f 4832 4833 4813 4812
f 4833 4834 4814 4813
f 4834 4835 4815 4814
f 4835 4836 4816 4815
f 4836 4837 4817 4816
f 4837 4838 4818 4817
f 4838 4839 4819 4818
f 4839 4840 4820 4819
f 4840 4821 4801 4820
f 4841 4842 4843 4844 4845 4846 4847 4848 4849 4850 4851 4852 4853 4854 4855 4856 4857 4858 4859 4860
f 4880 4879 4878 4877 4876 4875 4874 4873 4872 4871 4870 4869 4868 4867 4866 4865 4864 4863 4862 4861
f 4901 4902 4882 4881
f 4902 4903 4883 4882
f 4903 4904 4884 4883
f 4904 4905 4885 4884
f 4905 4906 4886 4885
f 4906 4907 4887 4886
f 4907 4908 4888 4887
f 4908 4909 4889 4888
f 4909 4910 4890 4889
f 4910 4911 4891 4890
f 4911 4912 4892 4891
f 4912 4913 4893 4892
f 4913 4914 4894 4893
f 4914 4915 4895 4894
f 4915 4916 4896 4895
f 4916 4917 4897 4896
f 4917 4918 4898 4897
f 4918 4919 4899 4898
f 4919 4920 4900 4899
f 4920 4901 4881 4900
f 4921 4922 4923 4924 4925 4926 4927 4928 4929 4930 4931 4932 4933 4934 4935 4936 4937 4938 4939 4940
f 4960 4959 4958 4957 4956 4955 4954 4953 4952 4951 4950 4949 4948 4947 4946 4945 4944 4943 4942 4941
f 4981 4982 4962 4961
f 4982 4983 4963 4962
f 4983 4984 4964 4963
f 4984 4985 4965 4964
f 4985 4986 4966 4965
f 4986 4987 4967 4966
f 4987 4988 4968 4967
f 4988 4989 4969 4968
f 4989 4990 4970 4969
f 4990 4991 4971 4970
f 4991 4992 4972 4971
f 4992 4993 4973 4972
f 4993 4994 4974 4973
f 4994 4995 4975 4974
f 4995 4996 4976 4975
f 4996 4997 4977 4976
f 4997 4998 4978 4977
f 4998 4999 4979 4978
f 4999 5000 4980 4979
f 5000 4981 4961 4980
f 5001 5002 5003 5004 5005 5006 5007 5008 5009 5010 5011 5012 5013 5014 5015 5016 5017 5018 5019 5020
f 5040 5039 5038 5037 5036 5035 5034 5033 5032 5031 5030 5029 5028 5027 5026 5025 5024 5023 5022 5021
f 5061 5062 5042 5041
f 5062 5063 5043 5042
f 5063 5064 5044 5043
f 5064 5065 5045 5044
f 5065 5066 5046 5045
f 5066 5067 5047 5046
f 5067 5068 5048 5047
f 5068 5069 5049 5048
f 5069 5070 5050 5049
f 5070 5071 5051 5050
f 5071 5072 5052 5051
f 5072 5073 5053 5052
f 5073 5074 5054 5053
f 5074 5075 5055 5054
f 5075 5076 5056 5055
f 5076 5077 5057 5056
f 5077 5078 5058 5057
f 5078 5079 5059 5058
f 5079 5080 5060 5059
f 5080 5061 5041 5060
f 5081 5082 5083 5084 5085 5086 5087 5088 5089 5090 5091 5092 5093 5094 5095 5096 5097 5098 5099 5100
f 5120 5119 5118 5117 5116 5115 5114 5113 5112 5111 5110 5109 5108 5107 5106 5105 5104 5103 5102 5101
f 5141 5142 5122 5121
f 5142 5143 5123 5122
f 5143 5144 5124 5123
f 5144 5145 5125 5124
f 5145 5146 5126 5125
f 5146 5147 5127 5126
f 5147 5148 5128 5127
f 5148 5149 5129 5128
f 5149 5150 5130 5129
f 5150 5151 5131 5130
f 5151 5152 5132 5131
f 5152 5153 5133 5132
f 5153 5154 5134 5133
f 5154 5155 5135 5134
f 5155 5156 5136 5135
f 5156 5157 5137 5136
f 5157 5158 5138 5137
f 5158 5159 5139 5138
f 5159 5160 5140 5139
f 5160 5141 5121 5140
f 5161 5162 5163 5164 5165 5166 5167 5168 5169 5170 5171 5172 5173 5174 5175 5176 5177 5178 5179 5180
f 5200 5199 5198 5197 5196 5195 5194 5193 5192 5191 5190 5189 5188 5187 5186 5185 5184 5183 5182 5181
f 5221 5222 5202 5201
f 5222 5223 5203 5202
f 5223 5224 5204 5203
f 5224 5225 5205 5204
f 5225 5226 5206 5205
f 5226 5227 5207 5206
f 5227 5228 5208 5207
f 5228 5229 5209 5208
f 5229 5230 5210 5209
f 5230 5231 5211 5210
f 5231 5232 5212 5211
f 5232 5233 5213 5212
f 5233 5234 5214 5213
f 5234 5235 5215 5214
f 5235 5236 5216 5215
f 5236 5237 5217 5216
f 5237 5238 5218 5217
f 5238 5239 5219 5218
f 5239 5240 5220 5219
f 5240 5221 5201 5220
f 5241 5242 5243 5244 5245 5246 5247 5248 5249 5250 5251 5252 5253 5254 5255 5256 5257 5258 5259 5260
f 5280 5279 5278 5277 5276 5275 5274 5273 5272 5271 5270 5269 5268 5267 5266 5265 5264 5263 5262 5261
f 5301 5302 5282 5281
f 5302 5303 5283 5282
f 5303 5304 5284 5283
f 5304 5305 5285 5284
f 5305 5306 5286 5285
f 5306 5307 5287 5286
f 5307 5308 5288 5287
f 5308 5309 5289 5288
f 5309 5310 5290 5289
f 5310 5311 5291 5290
f 5311 5312 5292 5291
f 5312 5313 5293 5292
f 5313 5314 5294 5293
f 5314 5315 5295 5294
f 5315 5316 5296 5295
f 5316 5317 5297 5296
f 5317 5318 5298 5297
f 5318 5319 5299 5298
f 5319 5320 5300 5299
f 5320 5301 5281 5300
f 5321 5322 5323 5324 5325 5326 5327 5328 5329 5330 5331 5332 5333 5334 5335 5336 5337 5338 5339 5340
f 5360 5359 5358 5357 5356 5355 5354 5353 5352 5351 5350 5349 5348 5347 5346 5345 5344 5343 5342 5341
f 5381 5382 5362 5361
f 5382 5383 5363 5362
f 5383 5384 5364 5363
f 5384 5385 5365 5364
f 5385 5386 5366 5365
f 5386 5387 5367 5366
f 5387 5388 5368 5367
f 5388 5389 5369 5368
f 5389 5390 5370 5369
f 5390 5391 5371 5370
f 5391 5392 5372 5371
f 5392 5393 5373 5372
f 5393 5394 5374 5373
f 5394 5395 5375 5374
f 5395 5396 5376 5375
f 5396 5397 5377 5376
f 5397 5398 5378 5377
f 5398 5399 5379 5378
f 5399 5400 5380 5379
f 5400 5381 5361 5380
f 5401 5402 5403 5404 5405 5406 5407 5408 5409 5410 5411 5412 5413 5414 5415 5416 5417 5418 5419 5420
f 5440 5439 5438 5437 5436 5435 5434 5433 5432 5431 5430 5429 5428 5427 5426 5425 5424 5423 5422 5421
f 5461 5462 5442 5441
f 5462 5463 5443 5442
f 5463 5464 5444 5443
f 5464 5465 5445 5444
f 5465 5466 5446 5445
f 5466 5467 5447 5446
f 5467 5468 5448 5447
f 5468 5469 5449 5448
f 5469 5470 5450 5449
f 5470 5471 5451 5450
f 5471 5472 5452 5451
f 5472 5473 5453 5452
f 5473 5474 5454 5453
f 5474 5475 5455 5454
f 5475 5476 5456 5455
f 5476 5477 5457 5456
f 5477 5478 5458 5457
f 5478 5479 5459 5458
f 5479 5480 5460 5459
f 5480 5461 5441 5460
f 5481 5482 5483 5484 5485 5486 5487 5488 5489 5490 5491 5492 5493 5494 5495 5496 5497 5498 5499 5500
f 5520 5519 5518 5517 5516 5515 5514 5513 5512 5511 5510 5509 5508 5507 5506 5505 5504 5503 5502 5501
f 5541 5542 5522 5521
f 5542 5543 5523 5522
f 5543 5544 5524 5523
f 5544 5545 5525 5524
f 5545 5546 5526 5525
f 5546 5547 5527 5526
f 5547 5548 5528 5527
f 5548 5549 5529 5528
f 5549 5550 5530 5529
f 5550 5551 5531 5530
f 5551 5552 5532 5531
f 5552 5553 5533 5532
f 5553 5554 5534 5533
f 5554 5555 5535 5534
f 5555 5556 5536 5535
f 5556 5557 5537 5536
f 5557 5558 5538 5537
f 5558 5559 5539 5538
f 5559 5560 5540 5539
f 5560 5541 5521 5540
f 5561 5562 5563 5564 5565 5566 5567 5568 5569 5570 5571 5572 5573 5574 5575 5576 5577 5578 5579 5580
f 5600 5599 5598 5597 5596 5595 5594 5593 5592 5591 5590 5589 5588 5587 5586 5585 5584 5583 5582 5581
f 5621 5622 5602 5601
f 5622 5623 5603 5602
f 5623 5624 5604 5603
f 5624 5625 5605 5604
f 5625 5626 5606 5605
f 5626 5627 5607 5606
f 5627 5628 5608 5607
f 5628 5629 5609 5608
f 5629 5630 5610 5609
f 5630 5631 5611 5610
f 5631 5632 5612 5611
f 5632 5633 5613 5612
f 5633 5634 5614 5613
f 5634 5635 5615 5614
f 5635 5636 5616 5615
f 5636 5637 5617 5616
f 5637 5638 5618 5617
f 5638 5639 5619 5618
f 5639 5640 5620 5619
f 5640 5621 5601 5620
f 5641 5642 5643 5644 5645 5646 5647 5648 5649 5650 5651 5652 5653 5654 5655 5656 5657 5658 5659 5660
f 5680 5679 5678 5677 5676 5675 5674 5673 5672 5671 5670 5669 5668 5667 5666 5665 5664 5663 5662 5661
f 5701 5702 5682 5681
f 5702 5703 5683 5682
f 5703 5704 5684 5683
f 5704 5705 5685 5684
f 5705 5706 5686 5685
f 5706 5707 5687 5686
f 5707 5708 5688 5687
f 5708 5709 5689 5688
f 5709 5710 5690 5689
f 5710 5711 5691 5690
f 5711 5712 5692 5691
f 5712 5713 5693 5692
f 5713 5714 5694 5693
f 5714 5715 5695 5694
f 5715 5716 5696 5695
f 5716 5717 5697 5696
f 5717 5718 5698 5697
f 5718 5719 5699 5698
f 5719 5720 5700 5699
f 5720 5701 5681 5700
f 5721 5722 5723 5724 5725 5726 5727 5728 5729 5730 5731 5732 5733 5734 5735 5736 5737 5738 5739 5740
f 5760 5759 5758 5757 5756 5755 5754 5753 5752 5751 5750 5749 5748 5747 5746 5745 5744 5743 5742 5741
f 5781 5782 5762 5761
f 5782 5783 5763 5762
f 5783 5784 5764 5763
f 5784 5785 5765 5764
f 5785 5786 5766 5765
f 5786 5787 5767 5766
f 5787 5788 5768 5767
f 5788 5789 5769 5768
f 5789 5790 5770 5769
f 5790 5791 5771 5770
f 5791 5792 5772 5771
f 5792 5793 5773 5772
f 5793 5794 5774 5773
f 5794 5795 5775 5774
f 5795 5796 5776 5775
f 5796 5797 5777 5776
f 5797 5798 5778 5777
f 5798 5799 5779 5778
f 5799 5800 5780 5779
f 5800 5781 5761 5780
f 5801 5802 5803 5804 5805 5806 5807 5808 5809 5810 5811 5812 5813 5814 5815 5816 5817 5818 5819 5820
f 5840 5839 5838 5837 5836 5835 5834 5833 5832 5831 5830 5829 5828 5827 5826 5825 5824 5823 5822 5821
f 5861 5862 5842 5841
f 5862 5863 5843 5842
f 5863 5864 5844 5843
f 5864 5865 5845 5844
f 5865 5866 5846 5845
f 5866 5867 5847 5846
f 5867 5868 5848 5847
f 5868 5869 5849 5848
f 5869 5870 5850 5849
f 5870 5871 5851 5850
f 5871 5872 5852 5851
f 5872 5873 5853 5852
f 5873 5874 5854 5853
f 5874 5875 5855 5854
f 5875 5876 5856 5855
f 5876 5877 5857 5856
f 5877 5878 5858 5857
f 5878 5879 5859 5858
f 5879 5880 5860 5859
f 5880 5861 5841 5860
f 5881 5882 5883 5884 5885 5886 5887 5888 5889 5890 5891 5892 5893 5894 5895 5896 5897 5898 5899 5900
f 5920 5919 5918 5917 5916 5915 5914 5913 5912 5911 5910 5909 5908 5907 5906 5905 5904 5903 5902 5901
f 5941 5942 5922 5921
f 5942 5943 5923 5922
f 5943 5944 5924 5923
f 5944 5945 5925 5924
f 5945 5946 5926 5925
f 5946 5947 5927 5926
f 5947 5948 5928 5927
f 5948 5949 5929 5928
f 5949 5950 5930 5929
f 5950 5951 5931 5930
f 5951 5952 5932 5931
f 5952 5953 5933 5932
f 5953 5954 5934 5933
f 5954 5955 5935 5934
f 5955 5956 5936 5935
f 5956 5957 5937 5936
f 5957 5958 5938 5937
f 5958 5959 5939 5938
f 5959 5960 5940 5939
f 5960 5941 5921 5940
f 5961 5962 5963 5964 5965 5966 5967 5968 5969 5970 5971 5972 5973 5974 5975 5976 5977 5978 5979 5980
f 6000 5999 5998 5997 5996 5995 5994 5993 5992 5991 5990 5989 5988 5987 5986 5985 5984 5983 5982 5981
f 6021 6022 6002 6001
f 6022 6023 6003 6002
f 6023 6024 6004 6003
f 6024 6025 6005 6004
f 6025 6026 6006 6005
f 6026 6027 6007 6006
f 6027 6028 6008 6007
f 6028 6029 6009 6008
f 6029 6030 6010 6009
f 6030 6031 6011 6010
f 6031 6032 6012 6011
f 6032 6033 6013 6012
f 6033 6034 6014 6013
f 6034 6035 6015 6014
f 6035 6036 6016 6015
f 6036 6037 6017 6016
f 6037 6038 6018 6017
f 6038 6039 6019 6018
f 6039 6040 6020 6019
f 6040 6021 6001 6020
f 6041 6042 6043 6044 6045 6046 6047 6048 6049 6050 6051 6052 6053 6054 6055 6056 6057 6058 6059 6060
f 6080 6079 6078 6077 6076 6075 6074 6073 6072 6071 6070 6069 6068 6067 6066 6065 6064 6063 6062 6061
f 6101 6102 6082 6081
f 6102 6103 6083 6082
f 6103 6104 6084 6083
f 6104 6105 6085 6084
f 6105 6106 6086 6085
f 6106 6107 6087 6086
f 6107 6108 6088 6087
f 6108 6109 6089 6088
f 6109 6110 6090 6089
f 6110 6111 6091 6090
f 6111 6112 6092 6091
f 6112 6113 6093 6092
f 6113 6114 6094 6093
f 6114 6115 6095 6094
f 6115 6116 6096 6095
f 6116 6117 6097 6096
f 6117 6118 6098 6097
f 6118 6119 6099 6098
f 6119 6120 6100 6099
f 6120 6101 6081 6100
f 6121 6122 6123 6124 6125 6126 6127 6128 6129 6130 6131 6132 6133 6134 6135 6136 6137 6138 6139 6140
f 6160 6159 6158 6157 6156 6155 6154 6153 6152 6151 6150 6149 6148 6147 6146 6145 6144 6143 6142 6141
f 6181 6182 6162 6161
f 6182 6183 6163 6162
f 6183 6184 6164 6163
f 6184 6185 6165 6164
f 6185 6186 6166 6165
f 6186 6187 6167 6166
f 6187 6188 6168 6167
f 6188 6189 6169 6168
f 6189 6190 6170 6169
f 6190 6191 6171 6170
f 6191 6192 6172 6171
f 6192 6193 6173 6172
f 6193 6194 6174 6173
f 6194 6195 6175 6174
f 6195 6196 6176 6175
f 6196 6197 6177 6176
f 6197 6198 6178 6177
f 6198 6199 6179 6178
f 6199 6200 6180 6179
f 6200 6181 6161 6180
f 6201 6202 6203 6204 6205 6206 6207 6208 6209 6210 6211 6212 6213 6214 6215 6216 6217 6218 6219 6220
f 6240 6239 6238 6237 6236 6235 6234 6233 6232 6231 6230 6229 6228 6227 6226 6225 6224 6223 6222 6221
f 6261 6262 6242 6241
f 6262 6263 6243 6242
f 6263 6264 6244 6243
f 6264 6265 6245 6244
f 6265 6266 6246 6245
f 6266 6267 6247 6246
f 6267 6268 6248 6247
f 6268 6269 6249 6248
f 6269 6270 6250 6249
f 6270 6271 6251 6250
f 6271 6272 6252 6251
f 6272 6273 6253 6252
f 6273 6274 6254 6253
f 6274 6275 6255 6254
f 6275 6276 6256 6255
f 6276 6277 6257 6256
f 6277 6278 6258 6257
f 6278 6279 6259 6258
f 6279 6280 6260 6259
f 6280 6261 6241 6260
f 6281 6282 6283 6284 6285 6286 6287 6288 6289 6290 6291 6292 6293 6294 6295 6296 6297 6298 6299 6300
f 6320 6319 6318 6317 6316 6315 6314 6313 6312 6311 6310 6309 6308 6307 6306 6305 6304 6303 6302 6301
f 6341 6342 6322 6321
f 6342 6343 6323 6322
f 6343 6344 6324 6323
f 6344 6345 6325 6324
f 6345 6346 6326 6325
f 6346 6347 6327 6326
f 6347 6348 6328 6327
f 6348 6349 6329 6328
f 6349 6350 6330 6329
f 6350 6351 6331 6330
f 6351 6352 6332 6331
f 6352 6353 6333 6332
f 6353 6354 6334 6333
f 6354 6355 6335 6334
f 6355 6356 6336 6335
f 6356 6357 6337 6336
f 6357 6358 6338 6337
f 6358 6359 6339 6338
f 6359 6360 6340 6339
f 6360 6341 6321 6340
f 6361 6362 6363 6364 6365 6366 6367 6368 6369 6370 6371 6372 6373 6374 6375 6376 6377 6378 6379 6380
f 6400 6399 6398 6397 6396 6395 6394 6393 6392 6391 6390 6389 6388 6387 6386 6385 6384 6383 6382 6381
f 6421 6422 6402 6401
f 6422 6423 6403 6402
f 6423 6424 6404 6403
f 6424 6425 6405 6404
f 6425 6426 6406 6405
f 6426 6427 6407 6406
f 6427 6428 6408 6407
f 6428 6429 6409 6408
f 6429 6430 6410 6409
f 6430 6431 6411 6410
f 6431 6432 6412 6411
f 6432 6433 6413 6412
f 6433 6434 6414 6413
f 6434 6435 6415 6414
f 6435 6436 6416 6415
f 6436 6437 6417 6416
f 6437 6438 6418 6417
f 6438 6439 6419 6418
f 6439 6440 6420 6419
f 6440 6421 6401 6420
f 6441 6442 6443 6444 6445 6446 6447 6448 6449 6450 6451 6452 6453 6454 6455 6456 6457 6458 6459 6460
f 6480 6479 6478 6477 6476 6475 6474 6473 6472 6471 6470 6469 6468 6467 6466 6465 6464 6463 6462 6461
f 6501 6502 6482 6481
f 6502 6503 6483 6482
f 6503 6504 6484 6483
f 6504 6505 6485 6484
f 6505 6506 6486 6485
f 6506 6507 6487 6486
f 6507 6508 6488 6487
f 6508 6509 6489 6488
f 6509 6510 6490 6489
f 6510 6511 6491 6490
f 6511 6512 6492 6491
f 6512 6513 6493 6492
f 6513 6514 6494 6493
f 6514 6515 6495 6494
f 6515 6516 6496 6495
f 6516 6517 6497 6496
f 6517 6518 6498 6497
f 6518 6519 6499 6498
f 6519 6520 6500 6499
f 6520 6501 6481 6500
f 6521 6522 6523 6524 6525 6526 6527 6528 6529 6530 6531 6532 6533 6534 6535 6536 6537 6538 6539 6540
f 6560 6559 6558 6557 6556 6555 6554 6553 6552 6551 6550 6549 6548 6547 6546 6545 6544 6543 6542 6541
f 6581 6582 6562 6561
f 6582 6583 6563 6562
f 6583 6584 6564 6563
f 6584 6585 6565 6564
f 6585 6586 6566 6565
f 6586 6587 6567 6566
f 6587 6588 6568 6567
f 6588 6589 6569 6568
f 6589 6590 6570 6569
f 6590 6591 6571 6570
f 6591 6592 6572 6571
f 6592 6593 6573 6572
f 6593 6594 6574 6573
f 6594 6595 6575 6574
f 6595 6596 6576 6575
f 6596 6597 6577 6576
f 6597 6598 6578 6577
f 6598 6599 6579 6578
f 6599 6600 6580 6579
f 6600 6581 6561 6580
f 6601 6602 6603 6604 6605 6606 6607 6608 6609 6610 6611 6612 6613 6614 6615 6616 6617 6618 6619 6620
f 6640 6639 6638 6637 6636 6635 6634 6633 6632 6631 6630 6629 6628 6627 6626 6625 6624 6623 6622 6621
f 6661 6662 6642 6641
f 6662 6663 6643 6642
f 6663 6664 6644 6643
f 6664 6665 6645 6644
f 6665 6666 6646 6645
f 6666 6667 6647 6646
f 6667 6668 6648 6647
f 6668 6669 6649 6648
f 6669 6670 6650 6649
f 6670 6671 6651 6650
f 6671 6672 6652 6651
f 6672 6673 6653 6652
f 6673 6674 6654 6653
f 6674 6675 6655 6654
f 6675 6676 6656 6655
f 6676 6677 6657 6656
f 6677 6678 6658 6657
f 6678 6679 6659 6658
f 6679 6680 6660 6659
f 6680 6661 6641 6660
f 6681 6682 6683 6684 6685 6686 6687 6688 6689 6690 6691 6692 6693 6694 6695 6696 6697 6698 6699 6700
f 6720 6719 6718 6717 6716 6715 6714 6713 6712 6711 6710 6709 6708 6707 6706 6705 6704 6703 6702 6701
f 6741 6742 6722 6721
f 6742 6743 6723 6722
f 6743 6744 6724 6723
f 6744 6745 6725 6724
f 6745 6746 6726 6725
f 6746 6747 6727 6726
f 6747 6748 6728 6727
f 6748 6749 6729 6728
f 6749 6750 6730 6729
f 6750 6751 6731 6730
f 6751 6752 6732 6731
f 6752 6753 6733 6732
f 6753 6754 6734 6733
f 6754 6755 6735 6734
f 6755 6756 6736 6735
f 6756 6757 6737 6736
f 6757 6758 6738 6737
f 6758 6759 6739 6738
f 6759 6760 6740 6739
f 6760 6741 6721 6740
f 6761 6762 6763 6764 6765 6766 6767 6768 6769 6770 6771 6772 6773 6774 6775 6776 6777 6778 6779 6780
f 6800 6799 6798 6797 6796 6795 6794 6793 6792 6791 6790 6789 6788 6787 6786 6785 6784 6783 6782 6781
f 6821 6822 6802 6801
f 6822 6823 6803 6802
f 6823 6824 6804 6803
f 6824 6825 6805 6804
f 6825 6826 6806 6805
f 6826 6827 6807 6806
f 6827 6828 6808 6807
f 6828 6829 6809 6808
f 6829 6830 6810 6809
f 6830 6831 6811 6810
f 6831 6832 6812 6811
f 6832 6833 6813 6812
f 6833 6834 6814 6813
f 6834 6835 6815 6814
f 6835 6836 6816 6815
f 6836 6837 6817 6816
f 6837 6838 6818 6817
f 6838 6839 6819 6818
f 6839 6840 6820 6819
f 6840 6821 6801 6820
f 6841 6842 6843 6844 6845 6846 6847 6848 6849 6850 6851 6852 6853 6854 6855 6856 6857 6858 6859 6860
f 6880 6879 6878 6877 6876 6875 6874 6873 6872 6871 6870 6869 6868 6867 6866 6865 6864 6863 6862 6861
f 6901 6902 6882 6881
f 6902 6903 6883 6882
f 6903 6904 6884 6883
f 6904 6905 6885 6884
f 6905 6906 6886 6885
f 6906 6907 6887 6886
f 6907 6908 6888 6887
f 6908 6909 6889 6888
f 6909 6910 6890 6889
f 6910 6911 6891 6890
f 6911 6912 6892 6891
f 6912 6913 6893 6892
f 6913 6914 6894 6893
f 6914 6915 6895 6894
f 6915 6916 6896 6895
f 6916 6917 6897 6896
f 6917 6918 6898 6897
f 6918 6919 6899 6898
f 6919 6920 6900 6899
f 6920 6901 6881 6900
f 6921 6922 6923 6924 6925 6926 6927 6928 6929 6930 6931 6932 6933 6934 6935 6936 6937 6938 6939 6940
f 6960 6959 6958 6957 6956 6955 6954 6953 6952 6951 6950 6949 6948 6947 6946 6945 6944 6943 6942 6941
f 6981 6982 6962 6961
f 6982 6983 6963 6962
f 6983 6984 6964 6963
f 6984 6985 6965 6964
f 6985 6986 6966 6965
f 6986 6987 6967 6966
f 6987 6988 6968 6967
f 6988 6989 6969 6968
f 6989 6990 6970 6969
f 6990 6991 6971 6970
f 6991 6992 6972 6971
f 6992 6993 6973 6972
f 6993 6994 6974 6973
f 6994 6995 6975 6974
f 6995 6996 6976 6975
f 6996 6997 6977 6976
f 6997 6998 6978 6977
f 6998 6999 6979 6978
f 6999 7000 6980 6979
f 7000 6981 6961 6980
f 7001 7002 7003 7004 7005 7006 7007 7008 7009 7010 7011 7012 7013 7014 7015 7016 7017 7018 7019 7020
f 7040 7039 7038 7037 7036 7035 7034 7033 7032 7031 7030 7029 7028 7027 7026 7025 7024 7023 7022 7021
f 7061 7062 7042 7041
f 7062 7063 7043 7042
f 7063 7064 7044 7043
f 7064 7065 7045 7044
f 7065 7066 7046 7045
f 7066 7067 7047 7046
f 7067 7068 7048 7047
f 7068 7069 7049 7048
f 7069 7070 7050 7049
f 7070 7071 7051 7050
f 7071 7072 7052 7051
f 7072 7073 7053 7052
f 7073 7074 7054 7053
f 7074 7075 7055 7054
f 7075 7076 7056 7055
f 7076 7077 7057 7056
f 7077 7078 7058 7057
f 7078 7079 7059 7058
f 7079 7080 7060 7059
f 7080 7061 7041 7060
f 7081 7082 7083 7084 7085 7086 7087 7088 7089 7090 7091 7092 7093 7094 7095 7096 7097 7098 7099 7100
f 7120 7119 7118 7117 7116 7115 7114 7113 7112 7111 7110 7109 7108 7107 7106 7105 7104 7103 7102 7101
f 7141 7142 7122 7121
f 7142 7143 7123 7122
f 7143 7144 7124 7123
f 7144 7145 7125 7124
f 7145 7146 7126 7125
f 7146 7147 7127 7126
f 7147 7148 7128 7127
f 7148 7149 7129 7128
f 7149 7150 7130 7129
f 7150 7151 7131 7130
f 7151 7152 7132 7131
f 7152 7153 7133 7132
f 7153 7154 7134 7133
f 7154 7155 7135 7134
f 7155 7156 7136 7135
f 7156 7157 7137 7136
f 7157 7158 7138 7137
f 7158 7159 7139 7138
f 7159 7160 7140 7139
f 7160 7141 7121 7140
f 7161 7162 7163 7164 7165 7166 7167 7168 7169 7170 7171 7172 7173 7174 7175 7176 7177 7178 7179 7180
f 7200 7199 7198 7197 7196 7195 7194 7193 7192 7191 7190 7189 7188 7187 7186 7185 7184 7183 7182 7181
f 7221 7222 7202 7201
f 7222 7223 7203 7202
f 7223 7224 7204 7203
f 7224 7225 7205 7204
f 7225 7226 7206 7205
f 7226 7227 7207 7206
f 7227 7228 7208 7207
f 7228 7229 7209 7208
f 7229 7230 7210 7209
f 7230 7231 7211 7210
f 7231 7232 7212 7211
f 7232 7233 7213 7212
f 7233 7234 7214 7213
f 7234 7235 7215 7214
f 7235 7236 7216 7215
f 7236 7237 7217 7216
f 7237 7238 7218 7217
f 7238 7239 7219 7218
f 7239 7240 7220 7219
f 7240 7221 7201 7220
f 7241 7242 7243 7244 7245 7246 7247 7248 7249 7250 7251 7252 7253 7254 7255 7256 7257 7258 7259 7260
f 7280 7279 7278 7277 7276 7275 7274 7273 7272 7271 7270 7269 7268 7267 7266 7265 7264 7263 7262 7261
f 7301 7302 7282 7281
f 7302 7303 7283 7282
f 7303 7304 7284 7283
f 7304 7305 7285 7284
f 7305 7306 7286 7285
f 7306 7307 7287 7286
f 7307 7308 7288 7287
f 7308 7309 7289 7288
f 7309 7310 7290 7289
f 7310 7311 7291 7290
f 7311 7312 7292 7291
f 7312 7313 7293 7292
f 7313 7314 7294 7293
f 7314 7315 7295 7294
f 7315 7316 7296 7295
f 7316 7317 7297 7296
f 7317 7318 7298 7297
f 7318 7319 7299 7298
f 7319 7320 7300 7299
f 7320 7301 7281 7300
f 7321 7322 7323 7324 7325 7326 7327 7328 7329 7330 7331 7332 7333 7334 7335 7336 7337 7338 7339 7340
f 7360 7359 7358 7357 7356 7355 7354 7353 7352 7351 7350 7349 7348 7347 7346 7345 7344 7343 7342 7341
f 7381 7382 7362 7361
f 7382 7383 7363 7362
f 7383 7384 7364 7363
f 7384 7385 7365 7364
f 7385 7386 7366 7365
f 7386 7387 7367 7366
f 7387 7388 7368 7367
f 7388 7389 7369 7368
f 7389 7390 7370 7369
f 7390 7391 7371 7370
f 7391 7392 7372 7371
f 7392 7393 7373 7372
f 7393 7394 7374 7373
f 7394 7395 7375 7374
f 7395 7396 7376 7375
f 7396 7397 7377 7376
f 7397 7398 7378 7377
f 7398 7399 7379 7378
f 7399 7400 7380 7379
f 7400 7381 7361 7380
f 7401 7402 7403 7404 7405 7406 7407 7408 7409 7410 7411 7412 7413 7414 7415 7416 7417 7418 7419 7420
f 7440 7439 7438 7437 7436 7435 7434 7433 7432 7431 7430 7429 7428 7427 7426 7425 7424 7423 7422 7421
f 7461 7462 7442 7441
f 7462 7463 7443 7442
f 7463 7464 7444 7443
f 7464 7465 7445 7444
f 7465 7466 7446 7445
f 7466 7467 7447 7446
f 7467 7468 7448 7447
f 7468 7469 7449 7448
f 7469 7470 7450 7449
f 7470 7471 7451 7450
f 7471 7472 7452 7451
f 7472 7473 7453 7452
f 7473 7474 7454 7453
f 7474 7475 7455 7454
f 7475 7476 7456 7455
f 7476 7477 7457 7456
f 7477 7478 7458 7457
f 7478 7479 7459 7458
f 7479 7480 7460 7459
f 7480 7461 7441 7460
f 7481 7482 7483 7484 7485 7486 7487 7488 7489 7490 7491 7492 7493 7494 7495 7496 7497 7498 7499 7500
f 7520 7519 7518 7517 7516 7515 7514 7513 7512 7511 7510 7509 7508 7507 7506 7505 7504 7503 7502 7501
f 7541 7542 7522 7521
f 7542 7543 7523 7522
f 7543 7544 7524 7523
f 7544 7545 7525 7524
f 7545 7546 7526 7525
f 7546 7547 7527 7526
f 7547 7548 7528 7527
f 7548 7549 7529 7528
f 7549 7550 7530 7529
f 7550 7551 7531 7530
f 7551 7552 7532 7531
f 7552 7553 7533 7532
f 7553 7554 7534 7533
f 7554 7555 7535 7534
f 7555 7556 7536 7535
f 7556 7557 7537 7536
f 7557 7558 7538 7537
f 7558 7559 7539 7538
f 7559 7560 7540 7539
f 7560 7541 7521 7540
f 7561 7562 7563 7564 7565 7566 7567 7568 7569 7570 7571 7572 7573 7574 7575 7576 7577 7578 7579 7580
f 7600 7599 7598 7597 7596 7595 7594 7593 7592 7591 7590 7589 7588 7587 7586 7585 7584 7583 7582 7581
f 7621 7622 7602 7601
f 7622 7623 7603 7602
f 7623 7624 7604 7603
f 7624 7625 7605 7604
f 7625 7626 7606 7605
f 7626 7627 7607 7606
f 7627 7628 7608 7607
f 7628 7629 7609 7608
f 7629 7630 7610 7609
f 7630 7631 7611 7610
f 7631 7632 7612 7611
f 7632 7633 7613 7612
f 7633 7634 7614 7613
f 7634 7635 7615 7614
f 7635 7636 7616 7615
f 7636 7637 7617 7616
f 7637 7638 7618 7617
f 7638 7639 7619 7618
f 7639 7640 7620 7619
f 7640 7621 7601 7620
f 7641 7642 7643 7644 7645 7646 7647 7648 7649 7650 7651 7652 7653 7654 7655 7656 7657 7658 7659 7660
f 7680 7679 7678 7677 7676 7675 7674 7673 7672 7671 7670 7669 7668 7667 7666 7665 7664 7663 7662 7661
f 7701 7702 7682 7681
f 7702 7703 7683 7682
f 7703 7704 7684 7683
f 7704 7705 7685 7684
f 7705 7706 7686 7685
f 7706 7707 7687 7686
f 7707 7708 7688 7687
f 7708 7709 7689 7688
f 7709 7710 7690 7689
f 7710 7711 7691 7690
f 7711 7712 7692 7691
f 7712 7713 7693 7692
f 7713 7714 7694 7693
f 7714 7715 7695 7694
f 7715 7716 7696 7695
f 7716 7717 7697 7696
f 7717 7718 7698 7697
f 7718 7719 7699 7698
f 7719 7720 7700 7699
f 7720 7701 7681 7700
f 7721 7722 7723 7724 7725 7726 7727 7728 7729 7730 7731 7732 7733 7734 7735 7736 7737 7738 7739 7740
f 7760 7759 7758 7757 7756 7755 7754 7753 7752 7751 7750 7749 7748 7747 7746 7745 7744 7743 7742 7741
f 7781 7782 7762 7761
f 7782 7783 7763 7762
f 7783 7784 7764 7763
f 7784 7785 7765 7764
f 7785 7786 7766 7765
f 7786 7787 7767 7766
f 7787 7788 7768 7767
f 7788 7789 7769 7768
f 7789 7790 7770 7769
f 7790 7791 7771 7770
f 7791 7792 7772 7771
f 7792 7793 7773 7772
f 7793 7794 7774 7773
f 7794 7795 7775 7774
f 7795 7796 7776 7775
f 7796 7797 7777 7776
f 7797 7798 7778 7777
f 7798 7799 7779 7778
f 7799 7800 7780 7779
f 7800 7781 7761 7780
f 7801 7802 7803 7804 7805 7806 7807 7808 7809 7810 7811 7812 7813 7814 7815 7816 7817 7818 7819 7820
f 7840 7839 7838 7837 7836 7835 7834 7833 7832 7831 7830 7829 7828 7827 7826 7825 7824 7823 7822 7821
f 7861 7862 7842 7841
f 7862 7863 7843 7842
f 7863 7864 7844 7843
f 7864 7865 7845 7844
f 7865 7866 7846 7845
f 7866 7867 7847 7846
f 7867 7868 7848 7847
f 7868 7869 7849 7848
f 7869 7870 7850 7849
f 7870 7871 7851 7850
f 7871 7872 7852 7851
f 7872 7873 7853 7852
f 7873 7874 7854 7853
f 7874 7875 7855 7854
f 7875 7876 7856 7855
f 7876 7877 7857 7856
f 7877 7878 7858 7857
f 7878 7879 7859 7858
f 7879 7880 7860 7859
f 7880 7861 7841 7860
f 7881 7882 7883 7884 7885 7886 7887 7888 7889 7890 7891 7892 7893 7894 7895 7896 7897 7898 7899 7900
f 7920 7919 7918 7917 7916 7915 7914 7913 7912 7911 7910 7909 7908 7907 7906 7905 7904 7903 7902 7901
f 7941 7942 7922 7921
f 7942 7943 7923 7922
f 7943 7944 7924 7923
f 7944 7945 7925 7924
f 7945 7946 7926 7925
f 7946 7947 7927 7926
f 7947 7948 7928 7927
f 7948 7949 7929 7928
f 7949 7950 7930 7929
f 7950 7951 7931 7930
f 7951 7952 7932 7931
f 7952 7953 7933 7932
f 7953 7954 7934 7933
f 7954 7955 7935 7934
f 7955 7956 7936 7935
f 7956 7957 7937 7936
f 7957 7958 7938 7937
f 7958 7959 7939 7938
f 7959 7960 7940 7939
f 7960 7941 7921 7940
f 7961 7962 7963 7964 7965 7966 7967 7968 7969 7970 7971 7972 7973 7974 7975 7976 7977 7978 7979 7980
f 8000 7999 7998 7997 7996 7995 7994 7993 7992 7991 7990 7989 7988 7987 7986 7985 7984 7983 7982 7981
f 8021 8022 8002 8001
f 8022 8023 8003 8002
f 8023 8024 8004 8003
f 8024 8025 8005 8004
f 8025 8026 8006 8005
f 8026 8027 8007 8006
f 8027 8028 8008 8007
f 8028 8029 8009 8008
f 8029 8030 8010 8009
f 8030 8031 8011 8010
f 8031 8032 8012 8011
f 8032 8033 8013 8012
f 8033 8034 8014 8013
f 8034 8035 8015 8014
f 8035 8036 8016 8015
f 8036 8037 8017 8016
f 8037 8038 8018 8017
f 8038 8039 8019 8018
f 8039 8040 8020 8019
f 8040 8021 8001 8020
f 8041 8042 8043 8044 8045 8046 8047 8048 8049 8050 8051 8052 8053 8054 8055 8056 8057 8058 8059 8060
f 8080 8079 8078 8077 8076 8075 8074 8073 8072 8071 8070 8069 8068 8067 8066 8065 8064 8063 8062 8061
f 8101 8102 8082 8081
f 8102 8103 8083 8082
f 8103 8104 8084 8083
f 8104 8105 8085 8084
f 8105 8106 8086 8085
f 8106 8107 8087 8086
f 8107 8108 8088 8087
f 8108 8109 8089 8088
f 8109 8110 8090 8089
f 8110 8111 8091 8090
f 8111 8112 8092 8091
f 8112 8113 8093 8092
f 8113 8114 8094 8093
f 8114 8115 8095 8094
f 8115 8116 8096 8095
f 8116 8117 8097 8096
f 8117 8118 8098 8097
f 8118 8119 8099 8098
f 8119 8120 8100 8099
f 8120 8101 8081 8100
f 8121 8122 8123 8124 8125 8126 8127 8128 8129 8130 8131 8132 8133 8134 8135 8136 8137 8138 8139 8140
f 8160 8159 8158 8157 8156 8155 8154 8153 8152 8151 8150 8149 8148 8147 8146 8145 8144 8143 8142 8141
f 8181 8182 8162 8161
f 8182 8183 8163 8162
f 8183 8184 8164 8163
f 8184 8185 8165 8164
f 8185 8186 8166 8165
f 8186 8187 8167 8166
f 8187 8188 8168 8167
f 8188 8189 8169 8168
f 8189 8190 8170 8169
f 8190 8191 8171 8170
f 8191 8192 8172 8171
f 8192 8193 8173 8172
f 8193 8194 8174 8173
f 8194 8195 8175 8174
f 8195 8196 8176 8175
f 8196 8197 8177 8176
f 8197 8198 8178 8177
f 8198 8199 8179 8178
f 8199 8200 8180 8179
f 8200 8181 8161 8180
f 8201 8202 8203 8204 8205 8206 8207 8208 8209 8210 8211 8212 8213 8214 8215 8216 8217 8218 8219 8220
f 8240 8239 8238 8237 8236 8235 8234 8233 8232 8231 8230 8229 8228 8227 8226 8225 8224 8223 8222 8221
f 8261 8262 8242 8241
f 8262 8263 8243 8242
f 8263 8264 8244 8243
f 8264 8265 8245 8244
f 8265 8266 8246 8245
f 8266 8267 8247 8246
f 8267 8268 8248 8247
f 8268 8269 8249 8248
f 8269 8270 8250 8249
f 8270 8271 8251 8250
f 8271 8272 8252 8251
f 8272 8273 8253 8252
f 8273 8274 8254 8253
f 8274 8275 8255 8254
f 8275 8276 8256 8255
f 8276 8277 8257 8256
f 8277 8278 8258 8257
f 8278 8279 8259 8258
f 8279 8280 8260 8259
f 8280 8261 8241 8260
f 8281 8282 8283 8284 8285 8286 8287 8288 8289 8290 8291 8292 8293 8294 8295 8296 8297 8298 8299 8300
f 8320 8319 8318 8317 8316 8315 8314 8313 8312 8311 8310 8309 8308 8307 8306 8305 8304 8303 8302 8301
f 8341 8342 8322 8321
f 8342 8343 8323 8322
f 8343 8344 8324 8323
f 8344 8345 8325 8324
f 8345 8346 8326 8325
f 8346 8347 8327 8326
f 8347 8348 8328 8327
f 8348 8349 8329 8328
f 8349 8350 8330 8329
f 8350 8351 8331 8330
f 8351 8352 8332 8331
f 8352 8353 8333 8332
f 8353 8354 8334 8333
f 8354 8355 8335 8334
f 8355 8356 8336 8335
f 8356 8357 8337 8336
f 8357 8358 8338 8337
f 8358 8359 8339 8338
f 8359 8360 8340 8339
f 8360 8341 8321 8340
f 8361 8362 8363 8364 8365 8366 8367 8368 8369 8370 8371 8372 8373 8374 8375 8376 8377 8378 8379 8380
f 8400 8399 8398 8397 8396 8395 8394 8393 8392 8391 8390 8389 8388 8387 8386 8385 8384 8383 8382 8381
f 8421 8422 8402 8401
f 8422 8423 8403 8402
f 8423 8424 8404 8403
f 8424 8425 8405 8404
f 8425 8426 8406 8405
f 8426 8427 8407 8406
f 8427 8428 8408 8407
f 8428 8429 8409 8408
f 8429 8430 8410 8409
f 8430 8431 8411 8410
f 8431 8432 8412 8411
f 8432 8433 8413 8412
f 8433 8434 8414 8413
f 8434 8435 8415 8414
f 8435 8436 8416 8415
f 8436 8437 8417 8416
f 8437 8438 8418 8417
f 8438 8439 8419 8418
f 8439 8440 8420 8419
f 8440 8421 8401 8420
f 8441 8442 8443 8444 8445 8446 8447 8448 8449 8450 8451 8452 8453 8454 8455 8456 8457 8458 8459 8460
f 8480 8479 8478 8477 8476 8475 8474 8473 8472 8471 8470 8469 8468 8467 8466 8465 8464 8463 8462 8461
f 8501 8502 8482 8481
f 8502 8503 8483 8482
f 8503 8504 8484 8483
f 8504 8505 8485 8484
f 8505 8506 8486 8485
f 8506 8507 8487 8486
f 8507 8508 8488 8487
f 8508 8509 8489 8488
f 8509 8510 8490 8489
f 8510 8511 8491 8490
f 8511 8512 8492 8491
f 8512 8513 8493 8492
f 8513 8514 8494 8493
f 8514 8515 8495 8494
f 8515 8516 8496 8495
f 8516 8517 8497 8496
f 8517 8518 8498 8497
f 8518 8519 8499 8498
f 8519 8520 8500 8499
f 8520 8501 8481 8500
f 8521 8522 8523 8524 8525 8526 8527 8528 8529 8530 8531 8532 8533 8534 8535 8536 8537 8538 8539 8540
f 8560 8559 8558 8557 8556 8555 8554 8553 8552 8551 8550 8549 8548 8547 8546 8545 8544 8543 8542 8541
f 8581 8582 8562 8561
f 8582 8583 8563 8562
f 8583 8584 8564 8563
f 8584 8585 8565 8564
f 8585 8586 8566 8565
f 8586 8587 8567 8566
f 8587 8588 8568 8567
f 8588 8589 8569 8568
f 8589 8590 8570 8569
f 8590 8591 8571 8570
f 8591 8592 8572 8571
f 8592 8593 8573 8572
f 8593 8594 8574 8573
f 8594 8595 8575 8574
f 8595 8596 8576 8575
f 8596 8597 8577 8576
f 8597 8598 8578 8577
f 8598 8599 8579 8578
f 8599 8600 8580 8579
f 8600 8581 8561 8580
f 8601 8602 8603 8604 8605 8606 8607 8608 8609 8610 8611 8612 8613 8614 8615 8616 8617 8618 8619 8620
f 8640 8639 8638 8637 8636 8635 8634 8633 8632 8631 8630 8629 8628 8627 8626 8625 8624 8623 8622 8621
f 8661 8662 8642 8641
f 8662 8663 8643 8642
f 8663 8664 8644 8643
f 8664 8665 8645 8644
f 8665 8666 8646 8645
f 8666 8667 8647 8646
f 8667 8668 8648 8647
f 8668 8669 8649 8648
f 8669 8670 8650 8649
f 8670 8671 8651 8650
f 8671 8672 8652 8651
f 8672 8673 8653 8652
f 8673 8674 8654 8653
f 8674 8675 8655 8654
f 8675 8676 8656 8655
f 8676 8677 8657 8656
f 8677 8678 8658 8657
f 8678 8679 8659 8658
f 8679 8680 8660 8659
f 8680 8661 8641 8660
f 8681 8682 8683 8684 8685 8686 8687 8688 8689 8690 8691 8692 8693 8694 8695 8696 8697 8698 8699 8700
f 8720 8719 8718 8717 8716 8715 8714 8713 8712 8711 8710 8709 8708 8707 8706 8705 8704 8703 8702 8701
f 8741 8742 8722 8721
f 8742 8743 8723 8722
f 8743 8744 8724 8723
f 8744 8745 8725 8724
f 8745 8746 8726 8725
f 8746 8747 8727 8726
f 8747 8748 8728 8727
f 8748 8749 8729 8728
f 8749 8750 8730 8729
f 8750 8751 8731 8730
f 8751 8752 8732 8731
f 8752 8753 8733 8732
f 8753 8754 8734 8733
f 8754 8755 8735 8734
f 8755 8756 8736 8735
f 8756 8757 8737 8736
f 8757 8758 8738 8737
f 8758 8759 8739 8738
f 8759 8760 8740 8739
f 8760 8741 8721 8740
f 8761 8762 8763 8764 8765 8766 8767 8768 8769 8770 8771 8772 8773 8774 8775 8776 8777 8778 8779 8780
f 8800 8799 8798 8797 8796 8795 8794 8793 8792 8791 8790 8789 8788 8787 8786 8785 8784 8783 8782 8781
f 8821 8822 8802 8801
f 8822 8823 8803 8802
f 8823 8824 8804 8803
f 8824 8825 8805 8804
f 8825 8826 8806 8805
f 8826 8827 8807 8806
f 8827 8828 8808 8807
f 8828 8829 8809 8808
f 8829 8830 8810 8809
f 8830 8831 8811 8810
f 8831 8832 8812 8811
f 8832 8833 8813 8812
f 8833 8834 8814 8813
f 8834 8835 8815 8814
f 8835 8836 8816 8815
f 8836 8837 8817 8816
f 8837 8838 8818 8817
f 8838 8839 8819 8818
f 8839 8840 8820 8819
f 8840 8821 8801 8820
f 8841 8842 8843 8844 8845 8846 8847 8848 8849 8850 8851 8852 8853 8854 8855 8856 8857 8858 8859 8860
f 8880 8879 8878 8877 8876 8875 8874 8873 8872 8871 8870 8869 8868 8867 8866 8865 8864 8863 8862 8861
f 8901 8902 8882 8881
f 8902 8903 8883 8882
f 8903 8904 8884 8883
f 8904 8905 8885 8884
f 8905 8906 8886 8885
f 8906 8907 8887 8886
f 8907 8908 8888 8887
f 8908 8909 8889 8888
f 8909 8910 8890 8889
f 8910 8911 8891 8890
f 8911 8912 8892 8891
f 8912 8913 8893 8892
f 8913 8914 8894 8893
f 8914 8915 8895 8894
f 8915 8916 8896 8895
f 8916 8917 8897 8896
f 8917 8918 8898 8897
f 8918 8919 8899 8898
f 8919 8920 8900 8899
f 8920 8901 8881 8900
f 8921 8922 8923 8924 8925 8926 8927 8928 8929 8930 8931 8932 8933 8934 8935 8936 8937 8938 8939 8940
f 8960 8959 8958 8957 8956 8955 8954 8953 8952 8951 8950 8949 8948 8947 8946 8945 8944 8943 8942 8941
f 8981 8982 8962 8961
f 8982 8983 8963 8962
f 8983 8984 8964 8963
f 8984 8985 8965 8964
f 8985 8986 8966 8965
f 8986 8987 8967 8966
f 8987 8988 8968 8967
f 8988 8989 8969 8968
f 8989 8990 8970 8969
f 8990 8991 8971 8970
f 8991 8992 8972 8971
f 8992 8993 8973 8972
f 8993 8994 8974 8973
f 8994 8995 8975 8974
f 8995 8996 8976 8975
f 8996 8997 8977 8976
f 8997 8998 8978 8977
f 8998 8999 8979 8978
f 8999 9000 8980 8979
f 9000 8981 8961 8980
f 9001 9002 9003 9004 9005 9006 9007 9008 9009 9010 9011 9012 9013 9014 9015 9016 9017 9018 9019 9020
f 9040 9039 9038 9037 9036 9035 9034 9033 9032 9031 9030 9029 9028 9027 9026 9025 9024 9023 9022 9021
f 9061 9062 9042 9041
f 9062 9063 9043 9042
f 9063 9064 9044 9043
f 9064 9065 9045 9044
f 9065 9066 9046 9045
f 9066 9067 9047 9046
f 9067 9068 9048 9047
f 9068 9069 9049 9048
f 9069 9070 9050 9049
f 9070 9071 9051 9050
f 9071 9072 9052 9051
f 9072 9073 9053 9052
f 9073 9074 9054 9053
f 9074 9075 9055 9054
f 9075 9076 9056 9055
f 9076 9077 9057 9056
f 9077 9078 9058 9057
f 9078 9079 9059 9058
f 9079 9080 9060 9059
f 9080 9061 9041 9060
f 9081 9082 9083 9084 9085 9086 9087 9088 9089 9090 9091 9092 9093 9094 9095 9096 9097 9098 9099 9100
f 9120 9119 9118 9117 9116 9115 9114 9113 9112 9111 9110 9109 9108 9107 9106 9105 9104 9103 9102 9101
f 9141 9142 9122 9121
f 9142 9143 9123 9122
f 9143 9144 9124 9123
f 9144 9145 9125 9124
f 9145 9146 9126 9125
f 9146 9147 9127 9126
f 9147 9148 9128 9127
f 9148 9149 9129 9128
f 9149 9150 9130 9129
f 9150 9151 9131 9130
f 9151 9152 9132 9131
f 9152 9153 9133 9132
f 9153 9154 9134 9133
f 9154 9155 9135 9134
f 9155 9156 9136 9135
f 9156 9157 9137 9136
f 9157 9158 9138 9137
f 9158 9159 9139 9138
f 9159 9160 9140 9139
f 9160 9141 9121 9140
f 9161 9162 9163 9164 9165 9166 9167 9168 9169 9170 9171 9172 9173 9174 9175 9176 9177 9178 9179 9180
f 9200 9199 9198 9197 9196 9195 9194 9193 9192 9191 9190 9189 9188 9187 9186 9185 9184 9183 9182 9181
f 9221 9222 9202 9201
f 9222 9223 9203 9202
f 9223 9224 9204 9203
f 9224 9225 9205 9204
f 9225 9226 9206 9205
f 9226 9227 9207 9206
f 9227 9228 9208 9207
f 9228 9229 9209 9208
f 9229 9230 9210 9209
f 9230 9231 9211 9210
f 9231 9232 9212 9211
f 9232 9233 9213 9212
f 9233 9234 9214 9213
f 9234 9235 9215 9214
f 9235 9236 9216 9215
f 9236 9237 9217 9216
f 9237 9238 9218 9217
f 9238 9239 9219 9218
f 9239 9240 9220 9219
f 9240 9221 9201 9220
f 9241 9242 9243 9244 9245 9246 9247 9248 9249 9250 9251 9252 9253 9254 9255 9256 9257 9258 9259 9260
f 9280 9279 9278 9277 9276 9275 9274 9273 9272 9271 9270 9269 9268 9267 9266 9265 9264 9263 9262 9261
f 9301 9302 9282 9281
f 9302 9303 9283 9282
f 9303 9304 9284 9283
f 9304 9305 9285 9284
f 9305 9306 9286 9285
f 9306 9307 9287 9286
f 9307 9308 9288 9287
f 9308 9309 9289 9288
f 9309 9310 9290 9289
f 9310 9311 9291 9290
f 9311 9312 9292 9291
f 9312 9313 9293 9292
f 9313 9314 9294 9293
f 9314 9315 9295 9294
f 9315 9316 9296 9295
f 9316 9317 9297 9296
f 9317 9318 9298 9297
f 9318 9319 9299 9298
f 9319 9320 9300 9299
f 9320 9301 9281 9300
f 9321 9322 9323 9324 9325 9326 9327 9328 9329 9330 9331 9332 9333 9334 9335 9336 9337 9338 9339 9340
f 9360 9359 9358 9357 9356 9355 9354 9353 9352 9351 9350 9349 9348 9347 9346 9345 9344 9343 9342 9341
f 9381 9382 9362 9361
f 9382 9383 9363 9362
f 9383 9384 9364 9363
f 9384 9385 9365 9364
f 9385 9386 9366 9365
f 9386 9387 9367 9366
f 9387 9388 9368 9367
f 9388 9389 9369 9368
f 9389 9390 9370 9369
f 9390 9391 9371 9370
f 9391 9392 9372 9371
f 9392 9393 9373 9372
f 9393 9394 9374 9373
f 9394 9395 9375 9374
f 9395 9396 9376 9375
f 9396 9397 9377 9376
f 9397 9398 9378 9377
f 9398 9399 9379 9378
f 9399 9400 9380 9379
f 9400 9381 9361 9380
f 9401 9402 9403 9404 9405 9406 9407 9408 9409 9410 9411 9412 9413 9414 9415 9416 9417 9418 9419 9420
f 9440 9439 9438 9437 9436 9435 9434 9433 9432 9431 9430 9429 9428 9427 9426 9425 9424 9423 9422 9421
f 9461 9462 9442 9441
f 9462 9463 9443 9442
f 9463 9464 9444 9443
f 9464 9465 9445 9444
f 9465 9466 9446 9445
f 9466 9467 9447 9446
f 9467 9468 9448 9447
f 9468 9469 9449 9448
f 9469 9470 9450 9449
f 9470 9471 9451 9450
f 9471 9472 9452 9451
f 9472 9473 9453 9452
f 9473 9474 9454 9453
f 9474 9475 9455 9454
f 9475 9476 9456 9455
f 9476 9477 9457 9456
f 9477 9478 9458 9457
f 9478 9479 9459 9458
f 9479 9480 9460 9459
f 9480 9461 9441 9460
f 9481 9482 9483 9484 9485 9486 9487 9488 9489 9490 9491 9492 9493 9494 9495 9496 9497 9498 9499 9500
f 9520 9519 9518 9517 9516 9515 9514 9513 9512 9511 9510 9509 9508 9507 9506 9505 9504 9503 9502 9501
f 9541 9542 9522 9521
f 9542 9543 9523 9522
f 9543 9544 9524 9523
f 9544 9545 9525 9524
f 9545 9546 9526 9525
f 9546 9547 9527 9526
f 9547 9548 9528 9527
f 9548 9549 9529 9528
f 9549 9550 9530 9529
f 9550 9551 9531 9530
f 9551 9552 9532 9531
f 9552 9553 9533 9532
f 9553 9554 9534 9533
f 9554 9555 9535 9534
f 9555 9556 9536 9535
f 9556 9557 9537 9536
f 9557 9558 9538 9537
f 9558 9559 9539 9538
f 9559 9560 9540 9539
f 9560 9541 9521 9540
f 9561 9562 9563 9564 9565 9566 9567 9568 9569 9570 9571 9572 9573 9574 9575 9576 9577 9578 9579 9580
f 9600 9599 9598 9597 9596 9595 9594 9593 9592 9591 9590 9589 9588 9587 9586 9585 9584 9583 9582 9581
f 9621 9622 9602 9601
f 9622 9623 9603 9602
f 9623 9624 9604 9603
f 9624 9625 9605 9604
f 9625 9626 9606 9605
f 9626 9627 9607 9606
f 9627 9628 9608 9607
f 9628 9629 9609 9608
f 9629 9630 9610 9609
f 9630 9631 9611 9610
f 9631 9632 9612 9611
f 9632 9633 9613 9612
f 9633 9634 9614 9613
f 9634 9635 9615 9614
f 9635 9636 9616 9615
f 9636 9637 9617 9616
f 9637 9638 9618 9617
f 9638 9639 9619 9618
f 9639 9640 9620 9619
f 9640 9621 9601 9620
f 9641 9642 9643 9644 9645 9646 9647 9648 9649 9650 9651 9652 9653 9654 9655 9656 9657 9658 9659 9660
f 9680 9679 9678 9677 9676 9675 9674 9673 9672 9671 9670 9669 9668 9667 9666 9665 9664 9663 9662 9661
f 9701 9702 9682 9681
f 9702 9703 9683 9682
f 9703 9704 9684 9683
f 9704 9705 9685 9684
f 9705 9706 9686 9685
f 9706 9707 9687 9686
f 9707 9708 9688 9687
f 9708 9709 9689 9688
f 9709 9710 9690 9689
f 9710 9711 9691 9690
f 9711 9712 9692 9691
f 9712 9713 9693 9692
f 9713 9714 9694 9693
f 9714 9715 9695 9694
f 9715 9716 9696 9695
f 9716 9717 9697 9696
f 9717 9718 9698 9697
f 9718 9719 9699 9698
f 9719 9720 9700 9699
f 9720 9701 9681 9700
f 9721 9722 9723 9724 9725 9726 9727 9728 9729 9730 9731 9732 9733 9734 9735 9736 9737 9738 9739 9740
f 9760 9759 9758 9757 9756 9755 9754 9753 9752 9751 9750 9749 9748 9747 9746 9745 9744 9743 9742 9741
f 9781 9782 9762 9761
f 9782 9783 9763 9762
f 9783 9784 9764 9763
f 9784 9785 9765 9764
f 9785 9786 9766 9765
f 9786 9787 9767 9766
f 9787 9788 9768 9767
f 9788 9789 9769 9768
f 9789 9790 9770 9769
f 9790 9791 9771 9770
f 9791 9792 9772 9771
f 9792 9793 9773 9772
f 9793 9794 9774 9773
f 9794 9795 9775 9774
f 9795 9796 9776 9775
f 9796 9797 9777 9776
f 9797 9798 9778 9777
f 9798 9799 9779 9778
f 9799 9800 9780 9779
f 9800 9781 9761 9780
f 9801 9802 9803 9804 9805 9806 9807 9808 9809 9810 9811 9812 9813 9814 9815 9816 9817 9818 9819 9820
f 9840 9839 9838 9837 9836 9835 9834 9833 9832 9831 9830 9829 9828 9827 9826 9825 9824 9823 9822 9821
f 9861 9862 9842 9841
f 9862 9863 9843 9842
f 9863 9864 9844 9843
f 9864 9865 9845 9844
f 9865 9866 9846 9845
f 9866 9867 9847 9846
f 9867 9868 9848 9847
f 9868 9869 9849 9848
f 9869 9870 9850 9849
f 9870 9871 9851 9850
f 9871 9872 9852 9851
f 9872 9873 9853 9852
f 9873 9874 9854 9853
f 9874 9875 9855 9854
f 9875 9876 9856 9855
f 9876 9877 9857 9856
f 9877 9878 9858 9857
f 9878 9879 9859 9858
f 9879 9880 9860 9859
f 9880 9861 9841 9860
f 9881 9882 9883 9884 9885 9886 9887 9888 9889 9890 9891 9892 9893 9894 9895 9896 9897 9898 9899 9900
f 9920 9919 9918 9917 9916 9915 9914 9913 9912 9911 9910 9909 9908 9907 9906 9905 9904 9903 9902 9901
f 9941 9942 9922 9921
f 9942 9943 9923 9922
f 9943 9944 9924 9923
f 9944 9945 9925 9924
f 9945 9946 9926 9925
f 9946 9947 9927 9926
f 9947 9948 9928 9927
f 9948 9949 9929 9928
f 9949 9950 9930 9929
f 9950 9951 9931 9930
f 9951 9952 9932 9931
f 9952 9953 9933 9932
f 9953 9954 9934 9933
f 9954 9955 9935 9934
f 9955 9956 9936 9935
f 9956 9957 9937 9936
f 9957 9958 9938 9937
f 9958 9959 9939 9938
f 9959 9960 9940 9939
f 9960 9941 9921 9940
f 9961 9962 9963 9964 9965 9966 9967 9968 9969 9970 9971 9972 9973 9974 9975 9976 9977 9978 9979 9980
f 10000 9999 9998 9997 9996 9995 9994 9993 9992 9991 9990 9989 9988 9987 9986 9985 9984 9983 9982 9981
f 10021 10022 10002 10001
f 10022 10023 10003 10002
f 10023 10024 10004 10003
f 10024 10025 10005 10004
f 10025 10026 10006 10005
f 10026 10027 10007 10006
f 10027 10028 10008 10007
f 10028 10029 10009 10008
f 10029 10030 10010 10009
f 10030 10031 10011 10010
f 10031 10032 10012 10011
f 10032 10033 10013 10012
f 10033 10034 10014 10013
f 10034 10035 10015 10014
f 10035 10036 10016 10015
f 10036 10037 10017 10016
f 10037 10038 10018 10017
f 10038 10039 10019 10018
f 10039 10040 10020 10019
f 10040 10021 10001 10020
f 10041 10042 10043 10044 10045 10046 10047 10048 10049 10050 10051 10052 10053 10054 10055 10056 10057 10058 10059 10060
f 10080 10079 10078 10077 10076 10075 10074 10073 10072 10071 10070 10069 10068 10067 10066 10065 10064 10063 10062 10061
f 10101 10102 10082 10081
f 10102 10103 10083 10082
f 10103 10104 10084 10083
f 10104 10105 10085 10084
f 10105 10106 10086 10085
f 10106 10107 10087 10086
f 10107 10108 10088 10087
f 10108 10109 10089 10088
f 10109 10110 10090 10089
f 10110 10111 10091 10090
f 10111 10112 10092 10091
f 10112 10113 10093 10092
f 10113 10114 10094 10093
f 10114 10115 10095 10094
f 10115 10116 10096 10095
f 10116 10117 10097 10096
f 10117 10118 10098 10097
f 10118 10119 10099 10098
f 10119 10120 10100 10099
f 10120 10101 10081 10100
f 10121 10122 10123 10124 10125 10126 10127 10128 10129 10130 10131 10132 10133 10134 10135 10136 10137 10138 10139 10140
f 10160 10159 10158 10157 10156 10155 10154 10153 10152 10151 10150 10149 10148 10147 10146 10145 10144 10143 10142 10141
f 10181 10182 10162 10161
f 10182 10183 10163 10162
f 10183 10184 10164 10163
f 10184 10185 10165 10164
f 10185 10186 10166 10165
f 10186 10187 10167 10166
f 10187 10188 10168 10167
f 10188 10189 10169 10168
f 10189 10190 10170 10169
f 10190 10191 10171 10170
f 10191 10192 10172 10171
f 10192 10193 10173 10172
f 10193 10194 10174 10173
f 10194 10195 10175 10174
f 10195 10196 10176 10175
f 10196 10197 10177 10176
f 10197 10198 10178 10177
f 10198 10199 10179 10178
f 10199 10200 10180 10179
f 10200 10181 10161 10180
f 10201 10202 10203 10204 10205 10206 10207 10208 10209 10210 10211 10212 10213 10214 10215 10216 10217 10218 10219 10220
f 10240 10239 10238 10237 10236 10235 10234 10233 10232 10231 10230 10229 10228 10227 10226 10225 10224 10223 10222 10221
f 10261 10262 10242 10241
f 10262 10263 10243 10242
f 10263 10264 10244 10243
f 10264 10265 10245 10244
f 10265 10266 10246 10245
f 10266 10267 10247 10246
f 10267 10268 10248 10247
f 10268 10269 10249 10248
f 10269 10270 10250 10249
f 10270 10271 10251 10250
f 10271 10272 10252 10251
f 10272 10273 10253 10252
f 10273 10274 10254 10253
f 10274 10275 10255 10254
f 10275 10276 10256 10255
f 10276 10277 10257 10256
f 10277 10278 10258 10257
f 10278 10279 10259 10258
f 10279 10280 10260 10259
f 10280 10261 10241 10260
f 10281 10282 10283 10284 10285 10286 10287 10288 10289 10290 10291 10292 10293 10294 10295 10296 10297 10298 10299 10300
f 10320 10319 10318 10317 10316 10315 10314 10313 10312 10311 10310 10309 10308 10307 10306 10305 10304 10303 10302 10301
f 10341 10342 10322 10321
f 10342 10343 10323 10322
f 10343 10344 10324 10323
f 10344 10345 10325 10324
f 10345 10346 10326 10325
f 10346 10347 10327 10326
f 10347 10348 10328 10327
f 10348 10349 10329 10328
f 10349 10350 10330 10329
f 10350 10351 10331 10330
f 10351 10352 10332 10331
f 10352 10353 10333 10332
f 10353 10354 10334 10333
f 10354 10355 10335 10334
f 10355 10356 10336 10335
f 10356 10357 10337 10336
f 10357 10358 10338 10337
f 10358 10359 10339 10338
f 10359 10360 10340 10339
f 10360 10341 10321 10340
f 10361 10362 10363 10364 10365 10366 10367 10368 10369 10370 10371 10372 10373 10374 10375 10376 10377 10378 10379 10380
f 10400 10399 10398 10397 10396 10395 10394 10393 10392 10391 10390 10389 10388 10387 10386 10385 10384 10383 10382 10381
f 10421 10422 10402 10401
f 10422 10423 10403 10402
f 10423 10424 10404 10403
f 10424 10425 10405 10404
f 10425 10426 10406 10405
f 10426 10427 10407 10406
f 10427 10428 10408 10407
f 10428 10429 10409 10408
f 10429 10430 10410 10409
f 10430 10431 10411 10410
f 10431 10432 10412 10411
f 10432 10433 10413 10412
f 10433 10434 10414 10413
f 10434 10435 10415 10414
f 10435 10436 10416 10415
f 10436 10437 10417 10416
f 10437 10438 10418 10417
f 10438 10439 10419 10418
f 10439 10440 10420 10419
f 10440 10421 10401 10420
f 10441 10442 10443 10444 10445 10446 10447 10448 10449 10450 10451 10452 10453 10454 10455 10456 10457 10458 10459 10460
f 10480 10479 10478 10477 10476 10475 10474 10473 10472 10471 10470 10469 10468 10467 10466 10465 10464 10463 10462 10461
f 10501 10502 10482 10481
f 10502 10503 10483 10482
f 10503 10504 10484 10483
f 10504 10505 10485 10484
f 10505 10506 10486 10485
f 10506 10507 10487 10486
f 10507 10508 10488 10487
f 10508 10509 10489 10488
f 10509 10510 10490 10489
f 10510 10511 10491 10490
f 10511 10512 10492 10491
f 10512 10513 10493 10492
f 10513 10514 10494 10493
f 10514 10515 10495 10494
f 10515 10516 10496 10495
f 10516 10517 10497 10496
f 10517 10518 10498 10497
f 10518 10519 10499 10498
f 10519 10520 10500 10499
f 10520 10501 10481 10500
f 10521 10522 10523 10524 10525 10526 10527 10528 10529 10530 10531 10532 10533 10534 10535 10536 10537 10538 10539 10540
f 10560 10559 10558 10557 10556 10555 10554 10553 10552 10551 10550 10549 10548 10547 10546 10545 10544 10543 10542 10541
f 10581 10582 10562 10561
f 10582 10583 10563 10562
f 10583 10584 10564 10563
f 10584 10585 10565 10564
f 10585 10586 10566 10565
f 10586 10587 10567 10566
f 10587 10588 10568 10567
f 10588 10589 10569 10568
f 10589 10590 10570 10569
f 10590 10591 10571 10570
f 10591 10592 10572 10571
f 10592 10593 10573 10572
f 10593 10594 10574 10573
f 10594 10595 10575 10574
f 10595 10596 10576 10575
f 10596 10597 10577 10576
f 10597 10598 10578 10577
f 10598 10599 10579 10578
f 10599 10600 10580 10579
f 10600 10581 10561 10580
f 10601 10602 10603 10604 10605 10606 10607 10608 10609 10610 10611 10612 10613 10614 10615 10616 10617 10618 10619 10620
f 10640 10639 10638 10637 10636 10635 10634 10633 10632 10631 10630 10629 10628 10627 10626 10625 10624 10623 10622 10621
f 10661 10662 10642 10641
f 10662 10663 10643 10642
f 10663 10664 10644 10643
f 10664 10665 10645 10644
f 10665 10666 10646 10645
f 10666 10667 10647 10646
f 10667 10668 10648 10647
f 10668 10669 10649 10648
f 10669 10670 10650 10649
f 10670 10671 10651 10650
f 10671 10672 10652 10651
f 10672 10673 10653 10652
f 10673 10674 10654 10653
f 10674 10675 10655 10654
f 10675 10676 10656 10655
f 10676 10677 10657 10656
f 10677 10678 10658 10657
f 10678 10679 10659 10658
f 10679 10680 10660 10659
f 10680 10661 10641 10660
f 10681 10682 10683 10684 10685 10686 10687 10688 10689 10690 10691 10692 10693 10694 10695 10696 10697 10698 10699 10700
f 10720 10719 10718 10717 10716 10715 10714 10713 10712 10711 10710 10709 10708 10707 10706 10705 10704 10703 10702 10701
f 10741 10742 10722 10721
f 10742 10743 10723 10722
f 10743 10744 10724 10723
f 10744 10745 10725 10724
f 10745 10746 10726 10725
f 10746 10747 10727 10726
f 10747 10748 10728 10727
f 10748 10749 10729 10728
f 10749 10750 10730 10729
f 10750 10751 10731 10730
f 10751 10752 10732 10731
f 10752 10753 10733 10732
f 10753 10754 10734 10733
f 10754 10755 10735 10734
f 10755 10756 10736 10735
f 10756 10757 10737 10736
f 10757 10758 10738 10737
f 10758 10759 10739 10738
f 10759 10760 10740 10739
f 10760 10741 10721 10740
f 10761 10762 10763 10764 10765 10766 10767 10768 10769 10770 10771 10772 10773 10774 10775 10776 10777 10778 10779 10780
f 10800 10799 10798 10797 10796 10795 10794 10793 10792 10791 10790 10789 10788 10787 10786 10785 10784 10783 10782 10781
f 10821 10822 10802 10801
f 10822 10823 10803 10802
f 10823 10824 10804 10803
f 10824 10825 10805 10804
f 10825 10826 10806 10805
f 10826 10827 10807 10806
f 10827 10828 10808 10807
f 10828 10829 10809 10808
f 10829 10830 10810 10809
f 10830 10831 10811 10810
f 10831 10832 10812 10811
f 10832 10833 10813 10812
f 10833 10834 10814 10813
f 10834 10835 10815 10814
f 10835 10836 10816 10815
f 10836 10837 10817 10816
f 10837 10838 10818 10817
f 10838 10839 10819 10818
f 10839 10840 10820 10819
f 10840 10821 10801 10820
f 10841 10842 10843 10844 10845 10846 10847 10848 10849 10850 10851 10852 10853 10854 10855 10856 10857 10858 10859 10860
f 10880 10879 10878 10877 10876 10875 10874 10873 10872 10871 10870 10869 10868 10867 10866 10865 10864 10863 10862 10861
f 10901 10902 10882 10881
f 10902 10903 10883 10882
f 10903 10904 10884 10883
f 10904 10905 10885 10884
f 10905 10906 10886 10885
f 10906 10907 10887 10886
f 10907 10908 10888 10887
f 10908 10909 10889 10888
f 10909 10910 10890 10889
f 10910 10911 10891 10890
f 10911 10912 10892 10891
f 10912 10913 10893 10892
f 10913 10914 10894 10893
f 10914 10915 10895 10894
f 10915 10916 10896 10895
f 10916 10917 10897 10896
f 10917 10918 10898 10897
f 10918 10919 10899 10898
f 10919 10920 10900 10899
f 10920 10901 10881 10900
f 10921 10922 10923 10924 10925 10926 10927 10928 10929 10930 10931 10932 10933 10934 10935 10936 10937 10938 10939 10940
f 10960 10959 10958 10957 10956 10955 10954 10953 10952 10951 10950 10949 10948 10947 10946 10945 10944 10943 10942 10941
f 10981 10982 10962 10961
f 10982 10983 10963 10962
f 10983 10984 10964 10963
f 10984 10985 10965 10964
f 10985 10986 10966 10965
f 10986 10987 10967 10966
f 10987 10988 10968 10967
f 10988 10989 10969 10968
f 10989 10990 10970 10969
f 10990 10991 10971 10970
f 10991 10992 10972 10971
f 10992 10993 10973 10972
f 10993 10994 10974 10973
f 10994 10995 10975 10974
f 10995 10996 10976 10975
f 10996 10997 10977 10976
f 10997 10998 10978 10977
f 10998 10999 10979 10978
f 10999 11000 10980 10979
f 11000 10981 10961 10980
f 11001 11002 11003 11004 11005 11006 11007 11008 11009 11010 11011 11012 11013 11014 11015 11016 11017 11018 11019 11020
f 11040 11039 11038 11037 11036 11035 11034 11033 11032 11031 11030 11029 11028 11027 11026 11025 11024 11023 11022 11021
f 11061 11062 11042 11041
f 11062 11063 11043 11042
f 11063 11064 11044 11043
f 11064 11065 11045 11044
f 11065 11066 11046 11045
f 11066 11067 11047 11046
f 11067 11068 11048 11047
f 11068 11069 11049 11048
f 11069 11070 11050 11049
f 11070 11071 11051 11050
f 11071 11072 11052 11051
f 11072 11073 11053 11052
f 11073 11074 11054 11053
f 11074 11075 11055 11054
f 11075 11076 11056 11055
f 11076 11077 11057 11056
f 11077 11078 11058 11057
f 11078 11079 11059 11058
f 11079 11080 11060 11059
f 11080 11061 11041 11060
f 11081 11082 11083 11084 11085 11086 11087 11088 11089 11090 11091 11092 11093 11094 11095 11096 11097 11098 11099 11100
f 11120 11119 11118 11117 11116 11115 11114 11113 11112 11111 11110 11109 11108 11107 11106 11105 11104 11103 11102 11101
f 11141 11142 11122 11121
f 11142 11143 11123 11122
f 11143 11144 11124 11123
f 11144 11145 11125 11124
f 11145 11146 11126 11125
f 11146 11147 11127 11126
f 11147 11148 11128 11127
f 11148 11149 11129 11128
f 11149 11150 11130 11129
f 11150 11151 11131 11130
f 11151 11152 11132 11131
f 11152 11153 11133 11132
f 11153 11154 11134 11133
f 11154 11155 11135 11134
f 11155 11156 11136 11135
f 11156 11157 11137 11136
f 11157 11158 11138 11137
f 11158 11159 11139 11138
f 11159 11160 11140 11139
f 11160 11141 11121 11140
f 11161 11162 11163 11164 11165 11166 11167 11168 11169 11170 11171 11172 11173 11174 11175 11176 11177 11178 11179 11180
f 11200 11199 11198 11197 11196 11195 11194 11193 11192 11191 11190 11189 11188 11187 11186 11185 11184 11183 11182 11181
f 11221 11222 11202 11201
f 11222 11223 11203 11202
f 11223 11224 11204 11203
f 11224 11225 11205 11204
f 11225 11226 11206 11205
f 11226 11227 11207 11206
f 11227 11228 11208 11207
f 11228 11229 11209 11208
f 11229 11230 11210 11209
f 11230 11231 11211 11210
f 11231 11232 11212 11211
f 11232 11233 11213 11212
f 11233 11234 11214 11213
f 11234 11235 11215 11214
f 11235 11236 11216 11215
f 11236 11237 11217 11216
f 11237 11238 11218 11217
f 11238 11239 11219 11218
f 11239 11240 11220 11219
f 11240 11221 11201 11220
f 11241 11242 11243 11244 11245 11246 11247 11248 11249 11250 11251 11252 11253 11254 11255 11256 11257 11258 11259 11260
f 11280 11279 11278 11277 11276 11275 11274 11273 11272 11271 11270 11269 11268 11267 11266 11265 11264 11263 11262 11261
f 11301 11302 11282 11281
f 11302 11303 11283 11282
f 11303 11304 11284 11283
f 11304 11305 11285 11284
f 11305 11306 11286 11285
f 11306 11307 11287 11286
f 11307 11308 11288 11287
f 11308 11309 11289 11288
f 11309 11310 11290 11289
f 11310 11311 11291 11290
f 11311 11312 11292 11291
f 11312 11313 11293 11292
f 11313 11314 11294 11293
f 11314 11315 11295 11294
f 11315 11316 11296 11295
f 11316 11317 11297 11296
f 11317 11318 11298 11297
f 11318 11319 11299 11298
f 11319 11320 11300 11299
f 11320 11301 11281 11300
f 11321 11322 11323 11324 11325 11326 11327 11328 11329 11330 11331 11332 11333 11334 11335 11336 11337 11338 11339 11340
f 11360 11359 11358 11357 11356 11355 11354 11353 11352 11351 11350 11349 11348 11347 11346 11345 11344 11343 11342 11341
f 11381 11382 11362 11361
f 11382 11383 11363 11362
f 11383 11384 11364 11363
f 11384 11385 11365 11364
f 11385 11386 11366 11365
f 11386 11387 11367 11366
f 11387 11388 11368 11367
f 11388 11389 11369 11368
f 11389 11390 11370 11369
f 11390 11391 11371 11370
f 11391 11392 11372 11371
f 11392 11393 11373 11372
f 11393 11394 11374 11373
f 11394 11395 11375 11374
f 11395 11396 11376 11375
f 11396 11397 11377 11376
f 11397 11398 11378 11377
f 11398 11399 11379 11378
f 11399 11400 11380 11379
f 11400 11381 11361 11380
f 11401 11402 11403 11404 11405 11406 11407 11408 11409 11410 11411 11412 11413 11414 11415 11416 11417 11418 11419 11420
f 11440 11439 11438 11437 11436 11435 11434 11433 11432 11431 11430 11429 11428 11427 11426 11425 11424 11423 11422 11421
f 11461 11462 11442 11441
f 11462 11463 11443 11442
f 11463 11464 11444 11443
f 11464 11465 11445 11444
f 11465 11466 11446 11445
f 11466 11467 11447 11446
f 11467 11468 11448 11447
f 11468 11469 11449 11448
f 11469 11470 11450 11449
f 11470 11471 11451 11450
f 11471 11472 11452 11451
f 11472 11473 11453 11452
f 11473 11474 11454 11453
f 11474 11475 11455 11454
f 11475 11476 11456 11455
f 11476 11477 11457 11456
f 11477 11478 11458 11457
f 11478 11479 11459 11458
f 11479 11480 11460 11459
f 11480 11461 11441 11460
f 11481 11482 11483 11484 11485 11486 11487 11488 11489 11490 11491 11492 11493 11494 11495 11496 11497 11498 11499 11500
f 11520 11519 11518 11517 11516 11515 11514 11513 11512 11511 11510 11509 11508 11507 11506 11505 11504 11503 11502 11501
f 11541 11542 11522 11521
f 11542 11543 11523 11522
f 11543 11544 11524 11523
f 11544 11545 11525 11524
f 11545 11546 11526 11525
f 11546 11547 11527 11526
f 11547 11548 11528 11527
f 11548 11549 11529 11528
f 11549 11550 11530 11529
f 11550 11551 11531 11530
f 11551 11552 11532 11531
f 11552 11553 11533 11532
f 11553 11554 11534 11533
f 11554 11555 11535 11534
f 11555 11556 11536 11535
f 11556 11557 11537 11536
f 11557 11558 11538 11537
f 11558 11559 11539 11538
f 11559 11560 11540 11539
f 11560 11541 11521 11540
f 11561 11562 11563 11564 11565 11566 11567 11568 11569 11570 11571 11572 11573 11574 11575 11576 11577 11578 11579 11580
f 11600 11599 11598 11597 11596 11595 11594 11593 11592 11591 11590 11589 11588 11587 11586 11585 11584 11583 11582 11581
f 11621 11622 11602 11601
f 11622 11623 11603 11602
f 11623 11624 11604 11603
f 11624 11625 11605 11604
f 11625 11626 11606 11605
f 11626 11627 11607 11606
f 11627 11628 11608 11607
f 11628 11629 11609 11608
f 11629 11630 11610 11609
f 11630 11631 11611 11610
f 11631 11632 11612 11611
f 11632 11633 11613 11612
f 11633 11634 11614 11613
f 11634 11635 11615 11614
f 11635 11636 11616 11615
f 11636 11637 11617 11616
f 11637 11638 11618 11617
f 11638 11639 11619 11618
f 11639 11640 11620 11619
f 11640 11621 11601 11620
f 11641 11642 11643 11644 11645 11646 11647 11648 11649 11650 11651 11652 11653 11654 11655 11656 11657 11658 11659 11660
f 11680 11679 11678 11677 11676 11675 11674 11673 11672 11671 11670 11669 11668 11667 11666 11665 11664 11663 11662 11661
f 11701 11702 11682 11681
f 11702 11703 11683 11682
f 11703 11704 11684 11683
f 11704 11705 11685 11684
f 11705 11706 11686 11685
f 11706 11707 11687 11686
f 11707 11708 11688 11687
f 11708 11709 11689 11688
f 11709 11710 11690 11689
f 11710 11711 11691 11690
f 11711 11712 11692 11691
f 11712 11713 11693 11692
f 11713 11714 11694 11693
f 11714 11715 11695 11694
f 11715 11716 11696 11695
f 11716 11717 11697 11696
f 11717 11718 11698 11697
f 11718 11719 11699 11698
f 11719 11720 11700 11699
f 11720 11701 11681 11700
f 11721 11722 11723 11724 11725 11726 11727 11728 11729 11730 11731 11732 11733 11734 11735 11736 11737 11738 11739 11740
f 11760 11759 11758 11757 11756 11755 11754 11753 11752 11751 11750 11749 11748 11747 11746 11745 11744 11743 11742 11741
f 11781 11782 11762 11761
f 11782 11783 11763 11762
f 11783 11784 11764 11763
f 11784 11785 11765 11764
f 11785 11786 11766 11765
f 11786 11787 11767 11766
f 11787 11788 11768 11767
f 11788 11789 11769 11768
f 11789 11790 11770 11769
f 11790 11791 11771 11770
f 11791 11792 11772 11771
f 11792 11793 11773 11772
f 11793 11794 11774 11773
f 11794 11795 11775 11774
f 11795 11796 11776 11775
f 11796 11797 11777 11776
f 11797 11798 11778 11777
f 11798 11799 11779 11778
f 11799 11800 11780 11779
f 11800 11781 11761 11780
f 11801 11802 11803 11804 11805 11806 11807 11808 11809 11810 11811 11812 11813 11814 11815 11816 11817 11818 11819 11820
f 11840 11839 11838 11837 11836 11835 11834 11833 11832 11831 11830 11829 11828 11827 11826 11825 11824 11823 11822 11821
f 11861 11862 11842 11841
f 11862 11863 11843 11842
f 11863 11864 11844 11843
f 11864 11865 11845 11844
f 11865 11866 11846 11845
f 11866 11867 11847 11846
f 11867 11868 11848 11847
f 11868 11869 11849 11848
f 11869 11870 11850 11849
f 11870 11871 11851 11850
f 11871 11872 11852 11851
f 11872 11873 11853 11852
f 11873 11874 11854 11853
f 11874 11875 11855 11854
f 11875 11876 11856 11855
f 11876 11877 11857 11856
f 11877 11878 11858 11857
f 11878 11879 11859 11858
f 11879 11880 11860 11859
f 11880 11861 11841 11860
f 11881 11882 11883 11884 11885 11886 11887 11888 11889 11890 11891 11892 11893 11894 11895 11896 11897 11898 11899 11900
f 11920 11919 11918 11917 11916 11915 11914 11913 11912 11911 11910 11909 11908 11907 11906 11905 11904 11903 11902 11901
f 11941 11942 11922 11921
f 11942 11943 11923 11922
f 11943 11944 11924 11923
f 11944 11945 11925 11924
f 11945 11946 11926 11925
f 11946 11947 11927 11926
f 11947 11948 11928 11927
f 11948 11949 11929 11928
f 11949 11950 11930 11929
f 11950 11951 11931 11930
f 11951 11952 11932 11931
f 11952 11953 11933 11932
f 11953 11954 11934 11933
f 11954 11955 11935 11934
f 11955 11956 11936 11935
f 11956 11957 11937 11936
f 11957 11958 11938 11937
f 11958 11959 11939 11938
f 11959 11960 11940 11939
f 11960 11941 11921 11940
f 11961 11962 11963 11964 11965 11966 11967 11968 11969 11970 11971 11972 11973 11974 11975 11976 11977 11978 11979 11980
f 12000 11999 11998 11997 11996 11995 11994 11993 11992 11991 11990 11989 11988 11987 11986 11985 11984 11983 11982 11981
f 12021 12022 12002 12001
f 12022 12023 12003 12002
f 12023 12024 12004 12003
f 12024 12025 12005 12004
f 12025 12026 12006 12005
f 12026 12027 12007 12006
f 12027 12028 12008 12007
f 12028 12029 12009 12008
f 12029 12030 12010 12009
f 12030 12031 12011 12010
f 12031 12032 12012 12011
f 12032 12033 12013 12012
f 12033 12034 12014 12013
f 12034 12035 12015 12014
f 12035 12036 12016 12015
f 12036 12037 12017 12016
f 12037 12038 12018 12017
f 12038 12039 12019 12018
f 12039 12040 12020 12019
f 12040 12021 12001 12020
f 12041 12042 12043 12044 12045 12046 12047 12048 12049 12050 12051 12052 12053 12054 12055 12056 12057 12058 12059 12060
f 12080 12079 12078 12077 12076 12075 12074 12073 12072 12071 12070 12069 12068 12067 12066 12065 12064 12063 12062 12061
f 12101 12102 12082 12081
f 12102 12103 12083 12082
f 12103 12104 12084 12083
f 12104 12105 12085 12084
f 12105 12106 12086 12085
f 12106 12107 12087 12086
f 12107 12108 12088 12087
f 12108 12109 12089 12088
f 12109 12110 12090 12089
f 12110 12111 12091 12090
f 12111 12112 12092 12091
f 12112 12113 12093 12092
f 12113 12114 12094 12093
f 12114 12115 12095 12094
f 12115 12116 12096 12095
f 12116 12117 12097 12096
f 12117 12118 12098 12097
f 12118 12119 12099 12098
f 12119 12120 12100 12099
f 12120 12101 12081 12100
f 12121 12122 12123 12124 12125 12126 12127 12128 12129 12130 12131 12132 12133 12134 12135 12136 12137 12138 12139 12140
f 12160 12159 12158 12157 12156 12155 12154 12153 12152 12151 12150 12149 12148 12147 12146 12145 12144 12143 12142 12141
f 12181 12182 12162 12161
f 12182 12183 12163 12162
f 12183 12184 12164 12163
f 12184 12185 12165 12164
f 12185 12186 12166 12165
f 12186 12187 12167 12166
f 12187 12188 12168 12167
f 12188 12189 12169 12168
f 12189 12190 12170 12169
f 12190 12191 12171 12170
f 12191 12192 12172 12171
f 12192 12193 12173 12172
f 12193 12194 12174 12173
f 12194 12195 12175 12174
f 12195 12196 12176 12175
f 12196 12197 12177 12176
f 12197 12198 12178 12177
f 12198 12199 12179 12178
f 12199 12200 12180 12179
f 12200 12181 12161 12180
f 12201 12202 12203 12204 12205 12206 12207 12208 12209 12210 12211 12212 12213 12214 12215 12216 12217 12218 12219 12220
f 12240 12239 12238 12237 12236 12235 12234 12233 12232 12231 12230 12229 12228 12227 12226 12225 12224 12223 12222 12221
f 12261 12262 12242 12241
f 12262 12263 12243 12242
f 12263 12264 12244 12243
f 12264 12265 12245 12244
f 12265 12266 12246 12245
f 12266 12267 12247 12246
f 12267 12268 12248 12247
f 12268 12269 12249 12248
f 12269 12270 12250 12249
f 12270 12271 12251 12250
f 12271 12272 12252 12251
f 12272 12273 12253 12252
f 12273 12274 12254 12253
f 12274 12275 12255 12254
f 12275 12276 12256 12255
f 12276 12277 12257 12256
f 12277 12278 12258 12257
f 12278 12279 12259 12258
f 12279 12280 12260 12259
f 12280 12261 12241 12260
f 12281 12282 12283 12284 12285 12286 12287 12288 12289 12290 12291 12292 12293 12294 12295 12296 12297 12298 12299 12300
f 12320 12319 12318 12317 12316 12315 12314 12313 12312 12311 12310 12309 12308 12307 12306 12305 12304 12303 12302 12301
f 12341 12342 12322 12321
f 12342 12343 12323 12322
f 12343 12344 12324 12323
f 12344 12345 12325 12324
f 12345 12346 12326 12325
f 12346 12347 12327 12326
f 12347 12348 12328 12327
f 12348 12349 12329 12328
f 12349 12350 12330 12329
f 12350 12351 12331 12330
f 12351 12352 12332 12331
f 12352 12353 12333 12332
f 12353 12354 12334 12333
f 12354 12355 12335 12334
f 12355 12356 12336 12335
f 12356 12357 12337 12336
f 12357 12358 12338 12337
f 12358 12359 12339 12338
f 12359 12360 12340 12339
f 12360 12341 12321 12340
f 12361 12362 12363 12364 12365 12366 12367 12368 12369 12370 12371 12372 12373 12374 12375 12376 12377 12378 12379 12380
f 12400 12399 12398 12397 12396 12395 12394 12393 12392 12391 12390 12389 12388 12387 12386 12385 12384 12383 12382 12381
f 12421 12422 12402 12401
f 12422 12423 12403 12402
f 12423 12424 12404 12403
f 12424 12425 12405 12404
f 12425 12426 12406 12405
f 12426 12427 12407 12406
f 12427 12428 12408 12407
f 12428 12429 12409 12408
f 12429 12430 12410 12409
f 12430 12431 12411 12410
f 12431 12432 12412 12411
f 12432 12433 12413 12412
f 12433 12434 12414 12413
f 12434 12435 12415 12414
f 12435 12436 12416 12415
f 12436 12437 12417 12416
f 12437 12438 12418 12417
f 12438 12439 12419 12418
f 12439 12440 12420 12419
f 12440 12421 12401 12420
f 12441 12442 12443 12444 12445 12446 12447 12448 12449 12450 12451 12452 12453 12454 12455 12456 12457 12458 12459 12460
f 12480 12479 12478 12477 12476 12475 12474 12473 12472 12471 12470 12469 12468 12467 12466 12465 12464 12463 12462 12461
f 12501 12502 12482 12481
f 12502 12503 12483 12482
f 12503 12504 12484 12483
f 12504 12505 12485 12484
f 12505 12506 12486 12485
f 12506 12507 12487 12486
f 12507 12508 12488 12487
f 12508 12509 12489 12488
f 12509 12510 12490 12489
f 12510 12511 12491 12490
f 12511 12512 12492 12491
f 12512 12513 12493 12492
f 12513 12514 12494 12493
f 12514 12515 12495 12494
f 12515 12516 12496 12495
f 12516 12517 12497 12496
f 12517 12518 12498 12497
f 12518 12519 12499 12498
f 12519 12520 12500 12499
f 12520 12501 12481 12500
f 12521 12522 12523 12524 12525 12526 12527 12528 12529 12530 12531 12532 12533 12534 12535 12536 12537 12538 12539 12540
f 12560 12559 12558 12557 12556 12555 12554 12553 12552 12551 12550 12549 12548 12547 12546 12545 12544 12543 12542 12541
f 12581 12582 12562 12561
f 12582 12583 12563 12562
f 12583 12584 12564 12563
f 12584 12585 12565 12564
f 12585 12586 12566 12565
f 12586 12587 12567 12566
f 12587 12588 12568 12567
f 12588 12589 12569 12568
f 12589 12590 12570 12569
f 12590 12591 12571 12570
f 12591 12592 12572 12571
f 12592 12593 12573 12572
f 12593 12594 12574 12573
f 12594 12595 12575 12574
f 12595 12596 12576 12575
f 12596 12597 12577 12576
f 12597 12598 12578 12577
f 12598 12599 12579 12578
f 12599 12600 12580 12579
f 12600 12581 12561 12580
f 12601 12602 12603 12604 12605 12606 12607 12608 12609 12610 12611 12612 12613 12614 12615 12616 12617 12618 12619 12620
f 12640 12639 12638 12637 12636 12635 12634 12633 12632 12631 12630 12629 12628 12627 12626 12625 12624 12623 12622 12621
f 12661 12662 12642 12641
f 12662 12663 12643 12642
f 12663 12664 12644 12643
f 12664 12665 12645 12644
f 12665 12666 12646 12645
f 12666 12667 12647 12646
f 12667 12668 12648 12647
f 12668 12669 12649 12648
f 12669 12670 12650 12649
f 12670 12671 12651 12650
f 12671 12672 12652 12651
f 12672 12673 12653 12652
f 12673 12674 12654 12653
f 12674 12675 12655 12654
f 12675 12676 12656 12655
f 12676 12677 12657 12656
f 12677 12678 12658 12657
f 12678 12679 12659 12658
f 12679 12680 12660 12659
f 12680 12661 12641 12660
f 12681 12682 12683 12684 12685 12686 12687 12688 12689 12690 12691 12692 12693 12694 12695 12696 12697 12698 12699 12700
f 12720 12719 12718 12717 12716 12715 12714 12713 12712 12711 12710 12709 12708 12707 12706 12705 12704 12703 12702 12701
f 12741 12742 12722 12721
f 12742 12743 12723 12722
f 12743 12744 12724 12723
f 12744 12745 12725 12724
f 12745 12746 12726 12725
f 12746 12747 12727 12726
f 12747 12748 12728 12727
f 12748 12749 12729 12728
f 12749 12750 12730 12729
f 12750 12751 12731 12730
f 12751 12752 12732 12731
f 12752 12753 12733 12732
f 12753 12754 12734 12733
f 12754 12755 12735 12734
f 12755 12756 12736 12735
f 12756 12757 12737 12736
f 12757 12758 12738 12737
f 12758 12759 12739 12738
f 12759 12760 12740 12739
f 12760 12741 12721 12740
f 12761 12762 12763 12764 12765 12766 12767 12768 12769 12770 12771 12772 12773 12774 12775 12776 12777 12778 12779 12780
f 12800 12799 12798 12797 12796 12795 12794 12793 12792 12791 12790 12789 12788 12787 12786 12785 12784 12783 12782 12781
f 12821 12822 12802 12801
f 12822 12823 12803 12802
f 12823 12824 12804 12803
f 12824 12825 12805 12804
f 12825 12826 12806 12805
f 12826 12827 12807 12806
f 12827 12828 12808 12807
f 12828 12829 12809 12808
f 12829 12830 12810 12809
f 12830 12831 12811 12810
f 12831 12832 12812 12811
f 12832 12833 12813 12812
f 12833 12834 12814 12813
f 12834 12835 12815 12814
f 12835 12836 12816 12815
f 12836 12837 12817 12816
f 12837 12838 12818 12817
f 12838 12839 12819 12818
f 12839 12840 12820 12819
f 12840 12821 12801 12820
f 12841 12842 12843 12844 12845 12846 12847 12848 12849 12850 12851 12852 12853 12854 12855 12856 12857 12858 12859 12860
f 12880 12879 12878 12877 12876 12875 12874 12873 12872 12871 12870 12869 12868 12867 12866 12865 12864 12863 12862 12861
f 12901 12902 12882 12881
f 12902 12903 12883 12882
f 12903 12904 12884 12883
f 12904 12905 12885 12884
f 12905 12906 12886 12885
f 12906 12907 12887 12886
f 12907 12908 12888 12887
f 12908 12909 12889 12888
f 12909 12910 12890 12889
f 12910 12911 12891 12890
f 12911 12912 12892 12891
f 12912 12913 12893 12892
f 12913 12914 12894 12893
f 12914 12915 12895 12894
f 12915 12916 12896 12895
f 12916 12917 12897 12896
f 12917 12918 12898 12897
f 12918 12919 12899 12898
f 12919 12920 12900 12899
f 12920 12901 12881 12900
f 12921 12922 12923 12924 12925 12926 12927 12928 12929 12930 12931 12932 12933 12934 12935 12936 12937 12938 12939 12940
f 12960 12959 12958 12957 12956 12955 12954 12953 12952 12951 12950 12949 12948 12947 12946 12945 12944 12943 12942 12941
f 12981 12982 12962 12961
f 12982 12983 12963 12962
f 12983 12984 12964 12963
f 12984 12985 12965 12964
f 12985 12986 12966 12965
f 12986 12987 12967 12966
f 12987 12988 12968 12967
f 12988 12989 12969 12968
f 12989 12990 12970 12969
f 12990 12991 12971 12970
f 12991 12992 12972 12971
f 12992 12993 12973 12972
f 12993 12994 12974 12973
f 12994 12995 12975 12974
f 12995 12996 12976 12975
f 12996 12997 12977 12976
f 12997 12998 12978 12977
f 12998 12999 12979 12978
f 12999 13000 12980 12979
f 13000 12981 12961 12980
f 13001 13002 13003 13004 13005 13006 13007 13008 13009 13010 13011 13012 13013 13014 13015 13016 13017 13018 13019 13020
f 13040 13039 13038 13037 13036 13035 13034 13033 13032 13031 13030 13029 13028 13027 13026 13025 13024 13023 13022 13021
f 13061 13062 13042 13041
f 13062 13063 13043 13042
f 13063 13064 13044 13043
f 13064 13065 13045 13044
f 13065 13066 13046 13045
f 13066 13067 13047 13046
f 13067 13068 13048 13047
f 13068 13069 13049 13048
f 13069 13070 13050 13049
f 13070 13071 13051 13050
f 13071 13072 13052 13051
f 13072 13073 13053 13052
f 13073 13074 13054 13053
f 13074 13075 13055 13054
f 13075 13076 13056 13055
f 13076 13077 13057 13056
f 13077 13078 13058 13057
f 13078 13079 13059 13058
f 13079 13080 13060 13059
f 13080 13061 13041 13060
f 13081 13082 13083 13084 13085 13086 13087 13088 13089 13090 13091 13092 13093 13094 13095 13096 13097 13098 13099 13100
f 13120 13119 13118 13117 13116 13115 13114 13113 13112 13111 13110 13109 13108 13107 13106 13105 13104 13103 13102 13101
f 13141 13142 13122 13121
f 13142 13143 13123 13122
f 13143 13144 13124 13123
f 13144 13145 13125 13124
f 13145 13146 13126 13125
f 13146 13147 13127 13126
f 13147 13148 13128 13127
f 13148 13149 13129 13128
f 13149 13150 13130 13129
f 13150 13151 13131 13130
f 13151 13152 13132 13131
f 13152 13153 13133 13132
f 13153 13154 13134 13133
f 13154 13155 13135 13134
f 13155 13156 13136 13135
f 13156 13157 13137 13136
f 13157 13158 13138 13137
f 13158 13159 13139 13138
f 13159 13160 13140 13139
f 13160 13141 13121 13140
f 13161 13162 13163 13164 13165 13166 13167 13168 13169 13170 13171 13172 13173 13174 13175 13176 13177 13178 13179 13180
f 13200 13199 13198 13197 13196 13195 13194 13193 13192 13191 13190 13189 13188 13187 13186 13185 13184 13183 13182 13181
f 13221 13222 13202 13201
f 13222 13223 13203 13202
f 13223 13224 13204 13203
f 13224 13225 13205 13204
f 13225 13226 13206 13205
f 13226 13227 13207 13206
f 13227 13228 13208 13207
f 13228 13229 13209 13208
f 13229 13230 13210 13209
f 13230 13231 13211 13210
f 13231 13232 13212 13211
f 13232 13233 13213 13212
f 13233 13234 13214 13213
f 13234 13235 13215 13214
f 13235 13236 13216 13215
f 13236 13237 13217 13216
f 13237 13238 13218 13217
f 13238 13239 13219 13218
f 13239 13240 13220 13219
f 13240 13221 13201 13220
f 13241 13242 13243 13244 13245 13246 13247 13248 13249 13250 13251 13252 13253 13254 13255 13256 13257 13258 13259 13260
f 13280 13279 13278 13277 13276 13275 13274 13273 13272 13271 13270 13269 13268 13267 13266 13265 13264 13263 13262 13261
f 13301 13302 13282 13281
f 13302 13303 13283 13282
f 13303 13304 13284 13283
f 13304 13305 13285 13284
f 13305 13306 13286 13285
f 13306 13307 13287 13286
f 13307 13308 13288 13287
f 13308 13309 13289 13288
f 13309 13310 13290 13289
f 13310 13311 13291 13290
f 13311 13312 13292 13291
f 13312 13313 13293 13292
f 13313 13314 13294 13293
f 13314 13315 13295 13294
f 13315 13316 13296 13295
f 13316 13317 13297 13296
f 13317 13318 13298 13297
f 13318 13319 13299 13298
f 13319 13320 13300 13299
f 13320 13301 13281 13300
f 13321 13322 13323 13324 13325 13326 13327 13328 13329 13330 13331 13332 13333 13334 13335 13336 13337 13338 13339 13340
f 13360 13359 13358 13357 13356 13355 13354 13353 13352 13351 13350 13349 13348 13347 13346 13345 13344 13343 13342 13341
f 13381 13382 13362 13361
f 13382 13383 13363 13362
f 13383 13384 13364 13363
f 13384 13385 13365 13364
f 13385 13386 13366 13365
f 13386 13387 13367 13366
f 13387 13388 13368 13367
f 13388 13389 13369 13368
f 13389 13390 13370 13369
f 13390 13391 13371 13370
f 13391 13392 13372 13371
f 13392 13393 13373 13372
f 13393 13394 13374 13373
f 13394 13395 13375 13374
f 13395 13396 13376 13375
f 13396 13397 13377 13376
f 13397 13398 13378 13377
f 13398 13399 13379 13378
f 13399 13400 13380 13379
f 13400 13381 13361 13380
f 13401 13402 13403 13404 13405 13406 13407 13408 13409 13410 13411 13412 13413 13414 13415 13416 13417 13418 13419 13420
f 13440 13439 13438 13437 13436 13435 13434 13433 13432 13431 13430 13429 13428 13427 13426 13425 13424 13423 13422 13421
f 13461 13462 13442 13441
f 13462 13463 13443 13442
f 13463 13464 13444 13443
f 13464 13465 13445 13444
f 13465 13466 13446 13445
f 13466 13467 13447 13446
f 13467 13468 13448 13447
f 13468 13469 13449 13448
f 13469 13470 13450 13449
f 13470 13471 13451 13450
f 13471 13472 13452 13451
f 13472 13473 13453 13452
f 13473 13474 13454 13453
f 13474 13475 13455 13454
f 13475 13476 13456 13455
f 13476 13477 13457 13456
f 13477 13478 13458 13457
f 13478 13479 13459 13458
f 13479 13480 13460 13459
f 13480 13461 13441 13460
f 13481 13482 13483 13484 13485 13486 13487 13488 13489 13490 13491 13492 13493 13494 13495 13496 13497 13498 13499 13500
f 13520 13519 13518 13517 13516 13515 13514 13513 13512 13511 13510 13509 13508 13507 13506 13505 13504 13503 13502 13501
f 13541 13542 13522 13521
f 13542 13543 13523 13522
f 13543 13544 13524 13523
f 13544 13545 13525 13524
f 13545 13546 13526 13525
f 13546 13547 13527 13526
f 13547 13548 13528 13527
f 13548 13549 13529 13528
f 13549 13550 13530 13529
f 13550 13551 13531 13530
f 13551 13552 13532 13531
f 13552 13553 13533 13532
f 13553 13554 13534 13533
f 13554 13555 13535 13534
f 13555 13556 13536 13535
f 13556 13557 13537 13536
f 13557 13558 13538 13537
f 13558 13559 13539 13538
f 13559 13560 13540 13539
f 13560 13541 13521 13540
f 13561 13562 13563 13564 13565 13566 13567 13568 13569 13570 13571 13572 13573 13574 13575 13576 13577 13578 13579 13580
f 13600 13599 13598 13597 13596 13595 13594 13593 13592 13591 13590 13589 13588 13587 13586 13585 13584 13583 13582 13581
f 13621 13622 13602 13601
f 13622 13623 13603 13602
f 13623 13624 13604 13603
f 13624 13625 13605 13604
f 13625 13626 13606 13605
f 13626 13627 13607 13606
f 13627 13628 13608 13607
f 13628 13629 13609 13608
f 13629 13630 13610 13609
f 13630 13631 13611 13610
f 13631 13632 13612 13611
f 13632 13633 13613 13612
f 13633 13634 13614 13613
f 13634 13635 13615 13614
f 13635 13636 13616 13615
f 13636 13637 13617 13616
f 13637 13638 13618 13617
f 13638 13639 13619 13618
f 13639 13640 13620 13619
f 13640 13621 13601 13620
f 13641 13642 13643 13644 13645 13646 13647 13648 13649 13650 13651 13652 13653 13654 13655 13656 13657 13658 13659 13660
f 13680 13679 13678 13677 13676 13675 13674 13673 13672 13671 13670 13669 13668 13667 13666 13665 13664 13663 13662 13661
f 13701 13702 13682 13681
f 13702 13703 13683 13682
f 13703 13704 13684 13683
f 13704 13705 13685 13684
f 13705 13706 13686 13685
f 13706 13707 13687 13686
f 13707 13708 13688 13687
f 13708 13709 13689 13688
f 13709 13710 13690 13689
f 13710 13711 13691 13690
f 13711 13712 13692 13691
f 13712 13713 13693 13692
f 13713 13714 13694 13693
f 13714 13715 13695 13694
f 13715 13716 13696 13695
f 13716 13717 13697 13696
f 13717 13718 13698 13697
f 13718 13719 13699 13698
f 13719 13720 13700 13699
f 13720 13701 13681 13700
f 13721 13722 13723 13724 13725 13726 13727 13728 13729 13730 13731 13732 13733 13734 13735 13736 13737 13738 13739 13740
f 13760 13759 13758 13757 13756 13755 13754 13753 13752 13751 13750 13749 13748 13747 13746 13745 13744 13743 13742 13741
f 13781 13782 13762 13761
f 13782 13783 13763 13762
f 13783 13784 13764 13763
f 13784 13785 13765 13764
f 13785 13786 13766 13765
f 13786 13787 13767 13766
f 13787 13788 13768 13767
f 13788 13789 13769 13768
f 13789 13790 13770 13769
f 13790 13791 13771 13770
f 13791 13792 13772 13771
f 13792 13793 13773 13772
f 13793 13794 13774 13773
f 13794 13795 13775 13774
f 13795 13796 13776 13775
f 13796 13797 13777 13776
f 13797 13798 13778 13777
f 13798 13799 13779 13778
f 13799 13800 13780 13779
f 13800 13781 13761 13780
f 13801 13802 13803 13804 13805 13806 13807 13808 13809 13810 13811 13812 13813 13814 13815 13816 13817 13818 13819 13820
f 13840 13839 13838 13837 13836 13835 13834 13833 13832 13831 13830 13829 13828 13827 13826 13825 13824 13823 13822 13821
f 13861 13862 13842 13841
f 13862 13863 13843 13842
f 13863 13864 13844 13843
f 13864 13865 13845 13844
f 13865 13866 13846 13845
f 13866 13867 13847 13846
f 13867 13868 13848 13847
f 13868 13869 13849 13848
f 13869 13870 13850 13849
f 13870 13871 13851 13850
f 13871 13872 13852 13851
f 13872 13873 13853 13852
f 13873 13874 13854 13853
f 13874 13875 13855 13854
f 13875 13876 13856 13855
f 13876 13877 13857 13856
f 13877 13878 13858 13857
f 13878 13879 13859 13858
f 13879 13880 13860 13859
f 13880 13861 13841 13860
f 13881 13882 13883 13884 13885 13886 13887 13888 13889 13890 13891 13892 13893 13894 13895 13896 13897 13898 13899 13900
f 13920 13919 13918 13917 13916 13915 13914 13913 13912 13911 13910 13909 13908 13907 13906 13905 13904 13903 13902 13901
f 13941 13942 13922 13921
f 13942 13943 13923 13922
f 13943 13944 13924 13923
f 13944 13945 13925 13924
f 13945 13946 13926 13925
f 13946 13947 13927 13926
f 13947 13948 13928 13927
f 13948 13949 13929 13928
f 13949 13950 13930 13929
f 13950 13951 13931 13930
f 13951 13952 13932 13931
f 13952 13953 13933 13932
f 13953 13954 13934 13933
f 13954 13955 13935 13934
f 13955 13956 13936 13935
f 13956 13957 13937 13936
f 13957 13958 13938 13937
f 13958 13959 13939 13938
f 13959 13960 13940 13939
f 13960 13941 13921 13940
f 13961 13962 13963 13964 13965 13966 13967 13968 13969 13970 13971 13972 13973 13974 13975 13976 13977 13978 13979 13980
f 14000 13999 13998 13997 13996 13995 13994 13993 13992 13991 13990 13989 13988 13987 13986 13985 13984 13983 13982 13981
f 14021 14022 14002 14001
f 14022 14023 14003 14002
f 14023 14024 14004 14003
f 14024 14025 14005 14004
f 14025 14026 14006 14005
f 14026 14027 14007 14006
f 14027 14028 14008 14007
f 14028 14029 14009 14008
f 14029 14030 14010 14009
f 14030 14031 14011 14010
f 14031 14032 14012 14011
f 14032 14033 14013 14012
f 14033 14034 14014 14013
f 14034 14035 14015 14014
f 14035 14036 14016 14015
f 14036 14037 14017 14016
f 14037 14038 14018 14017
f 14038 14039 14019 14018
f 14039 14040 14020 14019
f 14040 14021 14001 14020
f 14041 14042 14043 14044 14045 14046 14047 14048 14049 14050 14051 14052 14053 14054 14055 14056 14057 14058 14059 14060
f 14080 14079 14078 14077 14076 14075 14074 14073 14072 14071 14070 14069 14068 14067 14066 14065 14064 14063 14062 14061
f 14101 14102 14082 14081
f 14102 14103 14083 14082
f 14103 14104 14084 14083
f 14104 14105 14085 14084
f 14105 14106 14086 14085
f 14106 14107 14087 14086
f 14107 14108 14088 14087
f 14108 14109 14089 14088
f 14109 14110 14090 14089
f 14110 14111 14091 14090
f 14111 14112 14092 14091
f 14112 14113 14093 14092
f 14113 14114 14094 14093
f 14114 14115 14095 14094
f 14115 14116 14096 14095
f 14116 14117 14097 14096
f 14117 14118 14098 14097
f 14118 14119 14099 14098
f 14119 14120 14100 14099
f 14120 14101 14081 14100
f 14121 14122 14123 14124 14125 14126 14127 14128 14129 14130 14131 14132 14133 14134 14135 14136 14137 14138 14139 14140
f 14160 14159 14158 14157 14156 14155 14154 14153 14152 14151 14150 14149 14148 14147 14146 14145 14144 14143 14142 14141
f 14181 14182 14162 14161
f 14182 14183 14163 14162
f 14183 14184 14164 14163
f 14184 14185 14165 14164
f 14185 14186 14166 14165
f 14186 14187 14167 14166
f 14187 14188 14168 14167
f 14188 14189 14169 14168
f 14189 14190 14170 14169
f 14190 14191 14171 14170
f 14191 14192 14172 14171
f 14192 14193 14173 14172
f 14193 14194 14174 14173
f 14194 14195 14175 14174
f 14195 14196 14176 14175
f 14196 14197 14177 14176
f 14197 14198 14178 14177
f 14198 14199 14179 14178
f 14199 14200 14180 14179
f 14200 14181 14161 14180
f 14201 14202 14203 14204 14205 14206 14207 14208 14209 14210 14211 14212 14213 14214 14215 14216 14217 14218 14219 14220
f 14240 14239 14238 14237 14236 14235 14234 14233 14232 14231 14230 14229 14228 14227 14226 14225 14224 14223 14222 14221
f 14261 14262 14242 14241
f 14262 14263 14243 14242
f 14263 14264 14244 14243
f 14264 14265 14245 14244
f 14265 14266 14246 14245
f 14266 14267 14247 14246
f 14267 14268 14248 14247
f 14268 14269 14249 14248
f 14269 14270 14250 14249
f 14270 14271 14251 14250
f 14271 14272 14252 14251
f 14272 14273 14253 14252
f 14273 14274 14254 14253
f 14274 14275 14255 14254
f 14275 14276 14256 14255
f 14276 14277 14257 14256
f 14277 14278 14258 14257
f 14278 14279 14259 14258
f 14279 14280 14260 14259
f 14280 14261 14241 14260
f 14281 14282 14283 14284 14285 14286 14287 14288 14289 14290 14291 14292 14293 14294 14295 14296 14297 14298 14299 14300
f 14320 14319 14318 14317 14316 14315 14314 14313 14312 14311 14310 14309 14308 14307 14306 14305 14304 14303 14302 14301
f 14341 14342 14322 14321
f 14342 14343 14323 14322
f 14343 14344 14324 14323
f 14344 14345 14325 14324
f 14345 14346 14326 14325
f 14346 14347 14327 14326
f 14347 14348 14328 14327
f 14348 14349 14329 14328
f 14349 14350 14330 14329
f 14350 14351 14331 14330
f 14351 14352 14332 14331
f 14352 14353 14333 14332
f 14353 14354 14334 14333
f 14354 14355 14335 14334
f 14355 14356 14336 14335
f 14356 14357 14337 14336
f 14357 14358 14338 14337
f 14358 14359 14339 14338
f 14359 14360 14340 14339
f 14360 14341 14321 14340
f 14361 14362 14363 14364 14365 14366 14367 14368 14369 14370 14371 14372 14373 14374 14375 14376 14377 14378 14379 14380
f 14400 14399 14398 14397 14396 14395 14394 14393 14392 14391 14390 14389 14388 14387 14386 14385 14384 14383 14382 14381
f 14421 14422 14402 14401
f 14422 14423 14403 14402
f 14423 14424 14404 14403
f 14424 14425 14405 14404
f 14425 14426 14406 14405
f 14426 14427 14407 14406
f 14427 14428 14408 14407
f 14428 14429 14409 14408
f 14429 14430 14410 14409
f 14430 14431 14411 14410
f 14431 14432 14412 14411
f 14432 14433 14413 14412
f 14433 14434 14414 14413
f 14434 14435 14415 14414
f 14435 14436 14416 14415
f 14436 14437 14417 14416
f 14437 14438 14418 14417
f 14438 14439 14419 14418
f 14439 14440 14420 14419
f 14440 14421 14401 14420
f 14441 14442 14443 14444 14445 14446 14447 14448 14449 14450 14451 14452 14453 14454 14455 14456 14457 14458 14459 14460
f 14480 14479 14478 14477 14476 14475 14474 14473 14472 14471 14470 14469 14468 14467 14466 14465 14464 14463 14462 14461
f 14501 14502 14482 14481
f 14502 14503 14483 14482
f 14503 14504 14484 14483
f 14504 14505 14485 14484
f 14505 14506 14486 14485
f 14506 14507 14487 14486
f 14507 14508 14488 14487
f 14508 14509 14489 14488
f 14509 14510 14490 14489
f 14510 14511 14491 14490
f 14511 14512 14492 14491
f 14512 14513 14493 14492
f 14513 14514 14494 14493
f 14514 14515 14495 14494
f 14515 14516 14496 14495
f 14516 14517 14497 14496
f 14517 14518 14498 14497
f 14518 14519 14499 14498
f 14519 14520 14500 14499
f 14520 14501 14481 14500
f 14521 14522 14523 14524 14525 14526 14527 14528 14529 14530 14531 14532 14533 14534 14535 14536 14537 14538 14539 14540
f 14560 14559 14558 14557 14556 14555 14554 14553 14552 14551 14550 14549 14548 14547 14546 14545 14544 14543 14542 14541
f 14581 14582 14562 14561
f 14582 14583 14563 14562
f 14583 14584 14564 14563
f 14584 14585 14565 14564
f 14585 14586 14566 14565
f 14586 14587 14567 14566
f 14587 14588 14568 14567
f 14588 14589 14569 14568
f 14589 14590 14570 14569
f 14590 14591 14571 14570
f 14591 14592 14572 14571
f 14592 14593 14573 14572
f 14593 14594 14574 14573
f 14594 14595 14575 14574
f 14595 14596 14576 14575
f 14596 14597 14577 14576
f 14597 14598 14578 14577
f 14598 14599 14579 14578
f 14599 14600 14580 14579
f 14600 14581 14561 14580
f 14601 14602 14603 14604 14605 14606 14607 14608 14609 14610 14611 14612 14613 14614 14615 14616 14617 14618 14619 14620
f 14640 14639 14638 14637 14636 14635 14634 14633 14632 14631 14630 14629 14628 14627 14626 14625 14624 14623 14622 14621
f 14661 14662 14642 14641
f 14662 14663 14643 14642
f 14663 14664 14644 14643
f 14664 14665 14645 14644
f 14665 14666 14646 14645
f 14666 14667 14647 14646
f 14667 14668 14648 14647
f 14668 14669 14649 14648
f 14669 14670 14650 14649
f 14670 14671 14651 14650
f 14671 14672 14652 14651
f 14672 14673 14653 14652
f 14673 14674 14654 14653
f 14674 14675 14655 14654
f 14675 14676 14656 14655
f 14676 14677 14657 14656
f 14677 14678 14658 14657
f 14678 14679 14659 14658
f 14679 14680 14660 14659
f 14680 14661 14641 14660
f 14681 14682 14683 14684 14685 14686 14687 14688 14689 14690 14691 14692 14693 14694 14695 14696 14697 14698 14699 14700
f 14720 14719 14718 14717 14716 14715 14714 14713 14712 14711 14710 14709 14708 14707 14706 14705 14704 14703 14702 14701
f 14741 14742 14722 14721
f 14742 14743 14723 14722
f 14743 14744 14724 14723
f 14744 14745 14725 14724
f 14745 14746 14726 14725
f 14746 14747 14727 14726
f 14747 14748 14728 14727
f 14748 14749 14729 14728
f 14749 14750 14730 14729
f 14750 14751 14731 14730
f 14751 14752 14732 14731
f 14752 14753 14733 14732
f 14753 14754 14734 14733
f 14754 14755 14735 14734
f 14755 14756 14736 14735
f 14756 14757 14737 14736
f 14757 14758 14738 14737
f 14758 14759 14739 14738
f 14759 14760 14740 14739
f 14760 14741 14721 14740
f 14761 14762 14763 14764 14765 14766 14767 14768 14769 14770 14771 14772 14773 14774 14775 14776 14777 14778 14779 14780
f 14800 14799 14798 14797 14796 14795 14794 14793 14792 14791 14790 14789 14788 14787 14786 14785 14784 14783 14782 14781
f 14821 14822 14802 14801
f 14822 14823 14803 14802
f 14823 14824 14804 14803
f 14824 14825 14805 14804
f 14825 14826 14806 14805
f 14826 14827 14807 14806
f 14827 14828 14808 14807
f 14828 14829 14809 14808
f 14829 14830 14810 14809
f 14830 14831 14811 14810
f 14831 14832 14812 14811
f 14832 14833 14813 14812
f 14833 14834 14814 14813
f 14834 14835 14815 14814
f 14835 14836 14816 14815
f 14836 14837 14817 14816
f 14837 14838 14818 14817
f 14838 14839 14819 14818
f 14839 14840 14820 14819
f 14840 14821 14801 14820
f 14841 14842 14843 14844 14845 14846 14847 14848 14849 14850 14851 14852 14853 14854 14855 14856 14857 14858 14859 14860
f 14880 14879 14878 14877 14876 14875 14874 14873 14872 14871 14870 14869 14868 14867 14866 14865 14864 14863 14862 14861
f 14901 14902 14882 14881
f 14902 14903 14883 14882
f 14903 14904 14884 14883
f 14904 14905 14885 14884
f 14905 14906 14886 14885
f 14906 14907 14887 14886
f 14907 14908 14888 14887
f 14908 14909 14889 14888
f 14909 14910 14890 14889
f 14910 14911 14891 14890
f 14911 14912 14892 14891
f 14912 14913 14893 14892
f 14913 14914 14894 14893
f 14914 14915 14895 14894
f 14915 14916 14896 14895
f 14916 14917 14897 14896
f 14917 14918 14898 14897
f 14918 14919 14899 14898
f 14919 14920 14900 14899
f 14920 14901 14881 14900
f 14921 14922 14923 14924 14925 14926 14927 14928 14929 14930 14931 14932 14933 14934 14935 14936 14937 14938 14939 14940
f 14960 14959 14958 14957 14956 14955 14954 14953 14952 14951 14950 14949 14948 14947 14946 14945 14944 14943 14942 14941
f 14981 14982 14962 14961
f 14982 14983 14963 14962
f 14983 14984 14964 14963
f 14984 14985 14965 14964
f 14985 14986 14966 14965
f 14986 14987 14967 14966
f 14987 14988 14968 14967
f 14988 14989 14969 14968
f 14989 14990 14970 14969
f 14990 14991 14971 14970
f 14991 14992 14972 14971
f 14992 14993 14973 14972
f 14993 14994 14974 14973
f 14994 14995 14975 14974
f 14995 14996 14976 14975
f 14996 14997 14977 14976
f 14997 14998 14978 14977
f 14998 14999 14979 14978
f 14999 15000 14980 14979
f 15000 14981 14961 14980
f 15001 15002 15003 15004 15005 15006 15007 15008 15009 15010 15011 15012 15013 15014 15015 15016 15017 15018 15019 15020
f 15040 15039 15038 15037 15036 15035 15034 15033 15032 15031 15030 15029 15028 15027 15026 15025 15024 15023 15022 15021
f 15061 15062 15042 15041
f 15062 15063 15043 15042
f 15063 15064 15044 15043
f 15064 15065 15045 15044
f 15065 15066 15046 15045
f 15066 15067 15047 15046
f 15067 15068 15048 15047
f 15068 15069 15049 15048
f 15069 15070 15050 15049
f 15070 15071 15051 15050
f 15071 15072 15052 15051
f 15072 15073 15053 15052
f 15073 15074 15054 15053
f 15074 15075 15055 15054
f 15075 15076 15056 15055
f 15076 15077 15057 15056
f 15077 15078 15058 15057
f 15078 15079 15059 15058
f 15079 15080 15060 15059
f 15080 15061 15041 15060
f 15081 15082 15083 15084 15085 15086 15087 15088 15089 15090 15091 15092 15093 15094 15095 15096 15097 15098 15099 15100
f 15120 15119 15118 15117 15116 15115 15114 15113 15112 15111 15110 15109 15108 15107 15106 15105 15104 15103 15102 15101
f 15141 15142 15122 15121
f 15142 15143 15123 15122
f 15143 15144 15124 15123
f 15144 15145 15125 15124
f 15145 15146 15126 15125
f 15146 15147 15127 15126
f 15147 15148 15128 15127
f 15148 15149 15129 15128
f 15149 15150 15130 15129
f 15150 15151 15131 15130
f 15151 15152 15132 15131
f 15152 15153 15133 15132
f 15153 15154 15134 15133
f 15154 15155 15135 15134
f 15155 15156 15136 15135
f 15156 15157 15137 15136
f 15157 15158 15138 15137
f 15158 15159 15139 15138
f 15159 15160 15140 15139
f 15160 15141 15121 15140
f 15161 15162 15163 15164 15165 15166 15167 15168 15169 15170 15171 15172 15173 15174 15175 15176 15177 15178 15179 15180
f 15200 15199 15198 15197 15196 15195 15194 15193 15192 15191 15190 15189 15188 15187 15186 15185 15184 15183 15182 15181
f 15221 15222 15202 15201
f 15222 15223 15203 15202
f 15223 15224 15204 15203
f 15224 15225 15205 15204
f 15225 15226 15206 15205
f 15226 15227 15207 15206
f 15227 15228 15208 15207
f 15228 15229 15209 15208
f 15229 15230 15210 15209
f 15230 15231 15211 15210
f 15231 15232 15212 15211
f 15232 15233 15213 15212
f 15233 15234 15214 15213
f 15234 15235 15215 15214
f 15235 15236 15216 15215
f 15236 15237 15217 15216
f 15237 15238 15218 15217
f 15238 15239 15219 15218
f 15239 15240 15220 15219
f 15240 15221 15201 15220
f 15241 15242 15243 15244 15245 15246 15247 15248 15249 15250 15251 15252 15253 15254 15255 15256 15257 15258 15259 15260
f 15280 15279 15278 15277 15276 15275 15274 15273 15272 15271 15270 15269 15268 15267 15266 15265 15264 15263 15262 15261
f 15301 15302 15282 15281
f 15302 15303 15283 15282
f 15303 15304 15284 15283
f 15304 15305 15285 15284
f 15305 15306 15286 15285
f 15306 15307 15287 15286
f 15307 15308 15288 15287
f 15308 15309 15289 15288
f 15309 15310 15290 15289
f 15310 15311 15291 15290
f 15311 15312 15292 15291
f 15312 15313 15293 15292
f 15313 15314 15294 15293
f 15314 15315 15295 15294
f 15315 15316 15296 15295
f 15316 15317 15297 15296
f 15317 15318 15298 15297
f 15318 15319 15299 15298
f 15319 15320 15300 15299
f 15320 15301 15281 15300
f 15321 15322 15323 15324 15325 15326 15327 15328 15329 15330 15331 15332 15333 15334 15335 15336 15337 15338 15339 15340
f 15360 15359 15358 15357 15356 15355 15354 15353 15352 15351 15350 15349 15348 15347 15346 15345 15344 15343 15342 15341
f 15381 15382 15362 15361
f 15382 15383 15363 15362
f 15383 15384 15364 15363
f 15384 15385 15365 15364
f 15385 15386 15366 15365
f 15386 15387 15367 15366
f 15387 15388 15368 15367
f 15388 15389 15369 15368
f 15389 15390 15370 15369
f 15390 15391 15371 15370
f 15391 15392 15372 15371
f 15392 15393 15373 15372
f 15393 15394 15374 15373
f 15394 15395 15375 15374
f 15395 15396 15376 15375
f 15396 15397 15377 15376
f 15397 15398 15378 15377
f 15398 15399 15379 15378
f 15399 15400 15380 15379
f 15400 15381 15361 15380
f 15401 15402 15403 15404 15405 15406 15407 15408 15409 15410 15411 15412 15413 15414 15415 15416 15417 15418 15419 15420
f 15440 15439 15438 15437 15436 15435 15434 15433 15432 15431 15430 15429 15428 15427 15426 15425 15424 15423 15422 15421
f 15461 15462 15442 15441
f 15462 15463 15443 15442
f 15463 15464 15444 15443
f 15464 15465 15445 15444
f 15465 15466 15446 15445
f 15466 15467 15447 15446
f 15467 15468 15448 15447
f 15468 15469 15449 15448
f 15469 15470 15450 15449
f 15470 15471 15451 15450
f 15471 15472 15452 15451
f 15472 15473 15453 15452
f 15473 15474 15454 15453
f 15474 15475 15455 15454
f 15475 15476 15456 15455
f 15476 15477 15457 15456
f 15477 15478 15458 15457
f 15478 15479 15459 15458
f 15479 15480 15460 15459
f 15480 15461 15441 15460
f 15481 15482 15483 15484 15485 15486 15487 15488 15489 15490 15491 15492 15493 15494 15495 15496 15497 15498 15499 15500
f 15520 15519 15518 15517 15516 15515 15514 15513 15512 15511 15510 15509 15508 15507 15506 15505 15504 15503 15502 15501
f 15541 15542 15522 15521
f 15542 15543 15523 15522
f 15543 15544 15524 15523
f 15544 15545 15525 15524
f 15545 15546 15526 15525
f 15546 15547 15527 15526
f 15547 15548 15528 15527
f 15548 15549 15529 15528
f 15549 15550 15530 15529
f 15550 15551 15531 15530
f 15551 15552 15532 15531
f 15552 15553 15533 15532
f 15553 15554 15534 15533
f 15554 15555 15535 15534
f 15555 15556 15536 15535
f 15556 15557 15537 15536
f 15557 15558 15538 15537
f 15558 15559 15539 15538
f 15559 15560 15540 15539
f 15560 15541 15521 15540
f 15561 15562 15563 15564 15565 15566 15567 15568 15569 15570 15571 15572 15573 15574 15575 15576 15577 15578 15579 15580
f 15600 15599 15598 15597 15596 15595 15594 15593 15592 15591 15590 15589 15588 15587 15586 15585 15584 15583 15582 15581
f 15621 15622 15602 15601
f 15622 15623 15603 15602
f 15623 15624 15604 15603
f 15624 15625 15605 15604
f 15625 15626 15606 15605
f 15626 15627 15607 15606
f 15627 15628 15608 15607
f 15628 15629 15609 15608
f 15629 15630 15610 15609
f 15630 15631 15611 15610
f 15631 15632 15612 15611
f 15632 15633 15613 15612
f 15633 15634 15614 15613
f 15634 15635 15615 15614
f 15635 15636 15616 15615
f 15636 15637 15617 15616
f 15637 15638 15618 15617
f 15638 15639 15619 15618
f 15639 15640 15620 15619
f 15640 15621 15601 15620
f 15641 15642 15643 15644 15645 15646 15647 15648 15649 15650 15651 15652 15653 15654 15655 15656 15657 15658 15659 15660
f 15680 15679 15678 15677 15676 15675 15674 15673 15672 15671 15670 15669 15668 15667 15666 15665 15664 15663 15662 15661
f 15701 15702 15682 15681
f 15702 15703 15683 15682
f 15703 15704 15684 15683
f 15704 15705 15685 15684
f 15705 15706 15686 15685
f 15706 15707 15687 15686
f 15707 15708 15688 15687
f 15708 15709 15689 15688
f 15709 15710 15690 15689
f 15710 15711 15691 15690
f 15711 15712 15692 15691
f 15712 15713 15693 15692
f 15713 15714 15694 15693
f 15714 15715 15695 15694
f 15715 15716 15696 15695
f 15716 15717 15697 15696
f 15717 15718 15698 15697
f 15718 15719 15699 15698
f 15719 15720 15700 15699
f 15720 15701 15681 15700
f 15721 15722 15723 15724 15725 15726 15727 15728 15729 15730 15731 15732 15733 15734 15735 15736 15737 15738 15739 15740
f 15760 15759 15758 15757 15756 15755 15754 15753 15752 15751 15750 15749 15748 15747 15746 15745 15744 15743 15742 15741
f 15781 15782 15762 15761
f 15782 15783 15763 15762
f 15783 15784 15764 15763
f 15784 15785 15765 15764
f 15785 15786 15766 15765
f 15786 15787 15767 15766
f 15787 15788 15768 15767
f 15788 15789 15769 15768
f 15789 15790 15770 15769
f 15790 15791 15771 15770
f 15791 15792 15772 15771
f 15792 15793 15773 15772
f 15793 15794 15774 15773
f 15794 15795 15775 15774
f 15795 15796 15776 15775
f 15796 15797 15777 15776
f 15797 15798 15778 15777
f 15798 15799 15779 15778
f 15799 15800 15780 15779
f 15800 15781 15761 15780
f 15801 15802 15803 15804 15805 15806 15807 15808 15809 15810 15811 15812 15813 15814 15815 15816 15817 15818 15819 15820
f 15840 15839 15838 15837 15836 15835 15834 15833 15832 15831 15830 15829 15828 15827 15826 15825 15824 15823 15822 15821
f 15861 15862 15842 15841
f 15862 15863 15843 15842
f 15863 15864 15844 15843
f 15864 15865 15845 15844
f 15865 15866 15846 15845
f 15866 15867 15847 15846
f 15867 15868 15848 15847
f 15868 15869 15849 15848
f 15869 15870 15850 15849
f 15870 15871 15851 15850
f 15871 15872 15852 15851
f 15872 15873 15853 15852
f 15873 15874 15854 15853
f 15874 15875 15855 15854
f 15875 15876 15856 15855
f 15876 15877 15857 15856
f 15877 15878 15858 15857
f 15878 15879 15859 15858
f 15879 15880 15860 15859
f 15880 15861 15841 15860
f 15881 15882 15883 15884 15885 15886 15887 15888 15889 15890 15891 15892 15893 15894 15895 15896 15897 15898 15899 15900
f 15920 15919 15918 15917 15916 15915 15914 15913 15912 15911 15910 15909 15908 15907 15906 15905 15904 15903 15902 15901
f 15941 15942 15922 15921
f 15942 15943 15923 15922
f 15943 15944 15924 15923
f 15944 15945 15925 15924
f 15945 15946 15926 15925
f 15946 15947 15927 15926
f 15947 15948 15928 15927
f 15948 15949 15929 15928
f 15949 15950 15930 15929
f 15950 15951 15931 15930
f 15951 15952 15932 15931
f 15952 15953 15933 15932
f 15953 15954 15934 15933
f 15954 15955 15935 15934
f 15955 15956 15936 15935
f 15956 15957 15937 15936
f 15957 15958 15938 15937
f 15958 15959 15939 15938
f 15959 15960 15940 15939
f 15960 15941 15921 15940
f 15961 15962 15963 15964 15965 15966 15967 15968 15969 15970 15971 15972 15973 15974 15975 15976 15977 15978 15979 15980
f 16000 15999 15998 15997 15996 15995 15994 15993 15992 15991 15990 15989 15988 15987 15986 15985 15984 15983 15982 15981
f 16021 16022 16002 16001
f 16022 16023 16003 16002
f 16023 16024 16004 16003
f 16024 16025 16005 16004
f 16025 16026 16006 16005
f 16026 16027 16007 16006
f 16027 16028 16008 16007
f 16028 16029 16009 16008
f 16029 16030 16010 16009
f 16030 16031 16011 16010
f 16031 16032 16012 16011
f 16032 16033 16013 16012
f 16033 16034 16014 16013
f 16034 16035 16015 16014
f 16035 16036 16016 16015
f 16036 16037 16017 16016
f 16037 16038 16018 16017
f 16038 16039 16019 16018
f 16039 16040 16020 16019
f 16040 16021 16001 16020
f 16041 16042 16043 16044 16045 16046 16047 16048 16049 16050 16051 16052 16053 16054 16055 16056 16057 16058 16059 16060
f 16080 16079 16078 16077 16076 16075 16074 16073 16072 16071 16070 16069 16068 16067 16066 16065 16064 16063 16062 16061
f 16101 16102 16082 16081
f 16102 16103 16083 16082
f 16103 16104 16084 16083
f 16104 16105 16085 16084
f 16105 16106 16086 16085
f 16106 16107 16087 16086
f 16107 16108 16088 16087
f 16108 16109 16089 16088
f 16109 16110 16090 16089
f 16110 16111 16091 16090
f 16111 16112 16092 16091
f 16112 16113 16093 16092
f 16113 16114 16094 16093
f 16114 16115 16095 16094
f 16115 16116 16096 16095
f 16116 16117 16097 16096
f 16117 16118 16098 16097
f 16118 16119 16099 16098
f 16119 16120 16100 16099
f 16120 16101 16081 16100
f 16121 16122 16123 16124 16125 16126 16127 16128 16129 16130 16131 16132 16133 16134 16135 16136 16137 16138 16139 16140
f 16160 16159 16158 16157 16156 16155 16154 16153 16152 16151 16150 16149 16148 16147 16146 16145 16144 16143 16142 16141
f 16181 16182 16162 16161
f 16182 16183 16163 16162
f 16183 16184 16164 16163
f 16184 16185 16165 16164
f 16185 16186 16166 16165
f 16186 16187 16167 16166
f 16187 16188 16168 16167
f 16188 16189 16169 16168
f 16189 16190 16170 16169
f 16190 16191 16171 16170
f 16191 16192 16172 16171
f 16192 16193 16173 16172
f 16193 16194 16174 16173
f 16194 16195 16175 16174
f 16195 16196 16176 16175
f 16196 16197 16177 16176
f 16197 16198 16178 16177
f 16198 16199 16179 16178
f 16199 16200 16180 16179
f 16200 16181 16161 16180
f 16201 16202 16203 16204 16205 16206 16207 16208 16209 16210 16211 16212 16213 16214 16215 16216 16217 16218 16219 16220
f 16240 16239 16238 16237 16236 16235 16234 16233 16232 16231 16230 16229 16228 16227 16226 16225 16224 16223 16222 16221
f 16261 16262 16242 16241
f 16262 16263 16243 16242
f 16263 16264 16244 16243
f 16264 16265 16245 16244
f 16265 16266 16246 16245
f 16266 16267 16247 16246
f 16267 16268 16248 16247
f 16268 16269 16249 16248
f 16269 16270 16250 16249
f 16270 16271 16251 16250
f 16271 16272 16252 16251
f 16272 16273 16253 16252
f 16273 16274 16254 16253
f 16274 16275 16255 16254
f 16275 16276 16256 16255
f 16276 16277 16257 16256
f 16277 16278 16258 16257
f 16278 16279 16259 16258
f 16279 16280 16260 16259
f 16280 16261 16241 16260
f 16281 16282 16283 16284 16285 16286 16287 16288 16289 16290 16291 16292 16293 16294 16295 16296 16297 16298 16299 16300
f 16320 16319 16318 16317 16316 16315 16314 16313 16312 16311 16310 16309 16308 16307 16306 16305 16304 16303 16302 16301
f 16341 16342 16322 16321
f 16342 16343 16323 16322
f 16343 16344 16324 16323
f 16344 16345 16325 16324
f 16345 16346 16326 16325
f 16346 16347 16327 16326
f 16347 16348 16328 16327
f 16348 16349 16329 16328
f 16349 16350 16330 16329
f 16350 16351 16331 16330
f 16351 16352 16332 16331
f 16352 16353 16333 16332
f 16353 16354 16334 16333
f 16354 16355 16335 16334
f 16355 16356 16336 16335
f 16356 16357 16337 16336
f 16357 16358 16338 16337
f 16358 16359 16339 16338
f 16359 16360 16340 16339
f 16360 16341 16321 16340
f 16361 16362 16363 16364 16365 16366 16367 16368 16369 16370 16371 16372 16373 16374 16375 16376 16377 16378 16379 16380
f 16400 16399 16398 16397 16396 16395 16394 16393 16392 16391 16390 16389 16388 16387 16386 16385 16384 16383 16382 16381
f 16421 16422 16402 16401
f 16422 16423 16403 16402
f 16423 16424 16404 16403
f 16424 16425 16405 16404
f 16425 16426 16406 16405
f 16426 16427 16407 16406
f 16427 16428 16408 16407
f 16428 16429 16409 16408
f 16429 16430 16410 16409
f 16430 16431 16411 16410
f 16431 16432 16412 16411
f 16432 16433 16413 16412
f 16433 16434 16414 16413
f 16434 16435 16415 16414
f 16435 16436 16416 16415
f 16436 16437 16417 16416
f 16437 16438 16418 16417
f 16438 16439 16419 16418
f 16439 16440 16420 16419
f 16440 16421 16401 16420
f 16441 16442 16443 16444 16445 16446 16447 16448 16449 16450 16451 16452 16453 16454 16455 16456 16457 16458 16459 16460
f 16480 16479 16478 16477 16476 16475 16474 16473 16472 16471 16470 16469 16468 16467 16466 16465 16464 16463 16462 16461
f 16501 16502 16482 16481
f 16502 16503 16483 16482
f 16503 16504 16484 16483
f 16504 16505 16485 16484
f 16505 16506 16486 16485
f 16506 16507 16487 16486
f 16507 16508 16488 16487
f 16508 16509 16489 16488
f 16509 16510 16490 16489
f 16510 16511 16491 16490
f 16511 16512 16492 16491
f 16512 16513 16493 16492
f 16513 16514 16494 16493
f 16514 16515 16495 16494
f 16515 16516 16496 16495
f 16516 16517 16497 16496
f 16517 16518 16498 16497
f 16518 16519 16499 16498
f 16519 16520 16500 16499
f 16520 16501 16481 16500
f 16521 16522 16523 16524 16525 16526 16527 16528 16529 16530 16531 16532 16533 16534 16535 16536 16537 16538 16539 16540
f 16560 16559 16558 16557 16556 16555 16554 16553 16552 16551 16550 16549 16548 16547 16546 16545 16544 16543 16542 16541
f 16581 16582 16562 16561
f 16582 16583 16563 16562
f 16583 16584 16564 16563
f 16584 16585 16565 16564
f 16585 16586 16566 16565
f 16586 16587 16567 16566
f 16587 16588 16568 16567
f 16588 16589 16569 16568
f 16589 16590 16570 16569
f 16590 16591 16571 16570
f 16591 16592 16572 16571
f 16592 16593 16573 16572
f 16593 16594 16574 16573
f 16594 16595 16575 16574
f 16595 16596 16576 16575
f 16596 16597 16577 16576
f 16597 16598 16578 16577
f 16598 16599 16579 16578
f 16599 16600 16580 16579
f 16600 16581 16561 16580
f 16601 16602 16603 16604 16605 16606 16607 16608 16609 16610 16611 16612 16613 16614 16615 16616 16617 16618 16619 16620
f 16640 16639 16638 16637 16636 16635 16634 16633 16632 16631 16630 16629 16628 16627 16626 16625 16624 16623 16622 16621
f 16661 16662 16642 16641
f 16662 16663 16643 16642
f 16663 16664 16644 16643
f 16664 16665 16645 16644
f 16665 16666 16646 16645
f 16666 16667 16647 16646
f 16667 16668 16648 16647
f 16668 16669 16649 16648
f 16669 16670 16650 16649
f 16670 16671 16651 16650
f 16671 16672 16652 16651
f 16672 16673 16653 16652
f 16673 16674 16654 16653
f 16674 16675 16655 16654
f 16675 16676 16656 16655
f 16676 16677 16657 16656
f 16677 16678 16658 16657
f 16678 16679 16659 16658
f 16679 16680 16660 16659
f 16680 16661 16641 16660
f 16681 16682 16683 16684 16685 16686 16687 16688 16689 16690 16691 16692 16693 16694 16695 16696 16697 16698 16699 16700
f 16720 16719 16718 16717 16716 16715 16714 16713 16712 16711 16710 16709 16708 16707 16706 16705 16704 16703 16702 16701
f 16741 16742 16722 16721
f 16742 16743 16723 16722
f 16743 16744 16724 16723
f 16744 16745 16725 16724
f 16745 16746 16726 16725
f 16746 16747 16727 16726
f 16747 16748 16728 16727
f 16748 16749 16729 16728
f 16749 16750 16730 16729
f 16750 16751 16731 16730
f 16751 16752 16732 16731
f 16752 16753 16733 16732
f 16753 16754 16734 16733
f 16754 16755 16735 16734
f 16755 16756 16736 16735
f 16756 16757 16737 16736
f 16757 16758 16738 16737
f 16758 16759 16739 16738
f 16759 16760 16740 16739
f 16760 16741 16721 16740
f 16761 16762 16763 16764 16765 16766 16767 16768 16769 16770 16771 16772 16773 16774 16775 16776 16777 16778 16779 16780
f 16800 16799 16798 16797 16796 16795 16794 16793 16792 16791 16790 16789 16788 16787 16786 16785 16784 16783 16782 16781
f 16821 16822 16802 16801
f 16822 16823 16803 16802
f 16823 16824 16804 16803
f 16824 16825 16805 16804
f 16825 16826 16806 16805
f 16826 16827 16807 16806
f 16827 16828 16808 16807
f 16828 16829 16809 16808
f 16829 16830 16810 16809
f 16830 16831 16811 16810
f 16831 16832 16812 16811
f 16832 16833 16813 16812
f 16833 16834 16814 16813
f 16834 16835 16815 16814
f 16835 16836 16816 16815
f 16836 16837 16817 16816
f 16837 16838 16818 16817
f 16838 16839 16819 16818
f 16839 16840 16820 16819
f 16840 16821 16801 16820
f 16841 16842 16843 16844 16845 16846 16847 16848 16849 16850 16851 16852 16853 16854 16855 16856 16857 16858 16859 16860
f 16880 16879 16878 16877 16876 16875 16874 16873 16872 16871 16870 16869 16868 16867 16866 16865 16864 16863 16862 16861
f 16901 16902 16882 16881
f 16902 16903 16883 16882
f 16903 16904 16884 16883
f 16904 16905 16885 16884
f 16905 16906 16886 16885
f 16906 16907 16887 16886
f 16907 16908 16888 16887
f 16908 16909 16889 16888
f 16909 16910 16890 16889
f 16910 16911 16891 16890
f 16911 16912 16892 16891
f 16912 16913 16893 16892
f 16913 16914 16894 16893
f 16914 16915 16895 16894
f 16915 16916 16896 16895
f 16916 16917 16897 16896
f 16917 16918 16898 16897
f 16918 16919 16899 16898
f 16919 16920 16900 16899
f 16920 16901 16881 16900
f 16921 16922 16923 16924 16925 16926 16927 16928 16929 16930 16931 16932 16933 16934 16935 16936 16937 16938 16939 16940
f 16960 16959 16958 16957 16956 16955 16954 16953 16952 16951 16950 16949 16948 16947 16946 16945 16944 16943 16942 16941
f 16981 16982 16962 16961
f 16982 16983 16963 16962
f 16983 16984 16964 16963
f 16984 16985 16965 16964
f 16985 16986 16966 16965
f 16986 16987 16967 16966
f 16987 16988 16968 16967
f 16988 16989 16969 16968
f 16989 16990 16970 16969
f 16990 16991 16971 16970
f 16991 16992 16972 16971
f 16992 16993 16973 16972
f 16993 16994 16974 16973
f 16994 16995 16975 16974
f 16995 16996 16976 16975
f 16996 16997 16977 16976
f 16997 16998 16978 16977
f 16998 16999 16979 16978
f 16999 17000 16980 16979
f 17000 16981 16961 16980
f 17001 17002 17003 17004 17005 17006 17007 17008 17009 17010 17011 17012 17013 17014 17015 17016 17017 17018 17019 17020
f 17040 17039 17038 17037 17036 17035 17034 17033 17032 17031 17030 17029 17028 17027 17026 17025 17024 17023 17022 17021
f 17061 17062 17042 17041
f 17062 17063 17043 17042
f 17063 17064 17044 17043
f 17064 17065 17045 17044
f 17065 17066 17046 17045
f 17066 17067 17047 17046
f 17067 17068 17048 17047
f 17068 17069 17049 17048
f 17069 17070 17050 17049
f 17070 17071 17051 17050
f 17071 17072 17052 17051
f 17072 17073 17053 17052
f 17073 17074 17054 17053
f 17074 17075 17055 17054
f 17075 17076 17056 17055
f 17076 17077 17057 17056
f 17077 17078 17058 17057
f 17078 17079 17059 17058
f 17079 17080 17060 17059
f 17080 17061 17041 17060
f 17081 17082 17083 17084 17085 17086 17087 17088 17089 17090 17091 17092 17093 17094 17095 17096 17097 17098 17099 17100
f 17120 17119 17118 17117 17116 17115 17114 17113 17112 17111 17110 17109 17108 17107 17106 17105 17104 17103 17102 17101
f 17141 17142 17122 17121
f 17142 17143 17123 17122
f 17143 17144 17124 17123
f 17144 17145 17125 17124
f 17145 17146 17126 17125
f 17146 17147 17127 17126
f 17147 17148 17128 17127
f 17148 17149 17129 17128
f 17149 17150 17130 17129
f 17150 17151 17131 17130
f 17151 17152 17132 17131
f 17152 17153 17133 17132
f 17153 17154 17134 17133
f 17154 17155 17135 17134
f 17155 17156 17136 17135
f 17156 17157 17137 17136
f 17157 17158 17138 17137
f 17158 17159 17139 17138
f 17159 17160 17140 17139
f 17160 17141 17121 17140
f 17161 17162 17163 17164 17165 17166 17167 17168 17169 17170 17171 17172 17173 17174 17175 17176 17177 17178 17179 17180
f 17200 17199 17198 17197 17196 17195 17194 17193 17192 17191 17190 17189 17188 17187 17186 17185 17184 17183 17182 17181
f 17221 17222 17202 17201
f 17222 17223 17203 17202
f 17223 17224 17204 17203
f 17224 17225 17205 17204
f 17225 17226 17206 17205
f 17226 17227 17207 17206
f 17227 17228 17208 17207
f 17228 17229 17209 17208
f 17229 17230 17210 17209
f 17230 17231 17211 17210
f 17231 17232 17212 17211
f 17232 17233 17213 17212
f 17233 17234 17214 17213
f 17234 17235 17215 17214
f 17235 17236 17216 17215
f 17236 17237 17217 17216
f 17237 17238 17218 17217
f 17238 17239 17219 17218
f 17239 17240 17220 17219
f 17240 17221 17201 17220
f 17241 17242 17243 17244 17245 17246 17247 17248 17249 17250 17251 17252 17253 17254 17255 17256 17257 17258 17259 17260
f 17280 17279 17278 17277 17276 17275 17274 17273 17272 17271 17270 17269 17268 17267 17266 17265 17264 17263 17262 17261
f 17301 17302 17282 17281
f 17302 17303 17283 17282
f 17303 17304 17284 17283
f 17304 17305 17285 17284
f 17305 17306 17286 17285
f 17306 17307 17287 17286
f 17307 17308 17288 17287
f 17308 17309 17289 17288
f 17309 17310 17290 17289
f 17310 17311 17291 17290
f 17311 17312 17292 17291
f 17312 17313 17293 17292
f 17313 17314 17294 17293
f 17314 17315 17295 17294
f 17315 17316 17296 17295
f 17316 17317 17297 17296
f 17317 17318 17298 17297
f 17318 17319 17299 17298
f 17319 17320 17300 17299
f 17320 17301 17281 17300
f 17321 17322 17323 17324 17325 17326 17327 17328 17329 17330 17331 17332 17333 17334 17335 17336 17337 17338 17339 17340
f 17360 17359 17358 17357 17356 17355 17354 17353 17352 17351 17350 17349 17348 17347 17346 17345 17344 17343 17342 17341
f 17381 17382 17362 17361
f 17382 17383 17363 17362
f 17383 17384 17364 17363
f 17384 17385 17365 17364
f 17385 17386 17366 17365
f 17386 17387 17367 17366
f 17387 17388 17368 17367
f 17388 17389 17369 17368
f 17389 17390 17370 17369
f 17390 17391 17371 17370
f 17391 17392 17372 17371
f 17392 17393 17373 17372
f 17393 17394 17374 17373
f 17394 17395 17375 17374
f 17395 17396 17376 17375
f 17396 17397 17377 17376
f 17397 17398 17378 17377
f 17398 17399 17379 17378
f 17399 17400 17380 17379
f 17400 17381 17361 17380
f 17401 17402 17403 17404 17405 17406 17407 17408 17409 17410 17411 17412 17413 17414 17415 17416 17417 17418 17419 17420
f 17440 17439 17438 17437 17436 17435 17434 17433 17432 17431 17430 17429 17428 17427 17426 17425 17424 17423 17422 17421
f 17461 17462 17442 17441
f 17462 17463 17443 17442
f 17463 17464 17444 17443
f 17464 17465 17445 17444
f 17465 17466 17446 17445
f 17466 17467 17447 17446
f 17467 17468 17448 17447
f 17468 17469 17449 17448
f 17469 17470 17450 17449
f 17470 17471 17451 17450
f 17471 17472 17452 17451
f 17472 17473 17453 17452
f 17473 17474 17454 17453
f 17474 17475 17455 17454
f 17475 17476 17456 17455
f 17476 17477 17457 17456
f 17477 17478 17458 17457
f 17478 17479 17459 17458
f 17479 17480 17460 17459
f 17480 17461 17441 17460
f 17481 17482 17483 17484 17485 17486 17487 17488 17489 17490 17491 17492 17493 17494 17495 17496 17497 17498 17499 17500
f 17520 17519 17518 17517 17516 17515 17514 17513 17512 17511 17510 17509 17508 17507 17506 17505 17504 17503 17502 17501
f 17541 17542 17522 17521
f 17542 17543 17523 17522
f 17543 17544 17524 17523
f 17544 17545 17525 17524
f 17545 17546 17526 17525
f 17546 17547 17527 17526
f 17547 17548 17528 17527
f 17548 17549 17529 17528
f 17549 17550 17530 17529
f 17550 17551 17531 17530
f 17551 17552 17532 17531
f 17552 17553 17533 17532
f 17553 17554 17534 17533
f 17554 17555 17535 17534
f 17555 17556 17536 17535
f 17556 17557 17537 17536
f 17557 17558 17538 17537
f 17558 17559 17539 17538
f 17559 17560 17540 17539
f 17560 17541 17521 17540
f 17561 17562 17563 17564 17565 17566 17567 17568 17569 17570 17571 17572 17573 17574 17575 17576 17577 17578 17579 17580
f 17600 17599 17598 17597 17596 17595 17594 17593 17592 17591 17590 17589 17588 17587 17586 17585 17584 17583 17582 17581
f 17621 17622 17602 17601
f 17622 17623 17603 17602
f 17623 17624 17604 17603
f 17624 17625 17605 17604
f 17625 17626 17606 17605
f 17626 17627 17607 17606
f 17627 17628 17608 17607
f 17628 17629 17609 17608
f 17629 17630 17610 17609
f 17630 17631 17611 17610
f 17631 17632 17612 17611
f 17632 17633 17613 17612
f 17633 17634 17614 17613
f 17634 17635 17615 17614
f 17635 17636 17616 17615
f 17636 17637 17617 17616
f 17637 17638 17618 17617
f 17638 17639 17619 17618
f 17639 17640 17620 17619
f 17640 17621 17601 17620
f 17641 17642 17643 17644 17645 17646 17647 17648 17649 17650 17651 17652 17653 17654 17655 17656 17657 17658 17659 17660
f 17680 17679 17678 17677 17676 17675 17674 17673 17672 17671 17670 17669 17668 17667 17666 17665 17664 17663 17662 17661
f 17701 17702 17682 17681
f 17702 17703 17683 17682
f 17703 17704 17684 17683
f 17704 17705 17685 17684
f 17705 17706 17686 17685
f 17706 17707 17687 17686
f 17707 17708 17688 17687
f 17708 17709 17689 17688
f 17709 17710 17690 17689
f 17710 17711 17691 17690
f 17711 17712 17692 17691
f 17712 17713 17693 17692
f 17713 17714 17694 17693
f 17714 17715 17695 17694
f 17715 17716 17696 17695
f 17716 17717 17697 17696
f 17717 17718 17698 17697
f 17718 17719 17699 17698
f 17719 17720 17700 17699
f 17720 17701 17681 17700
f 17721 17722 17723 17724 17725 17726 17727 17728 17729 17730 17731 17732 17733 17734 17735 17736 17737 17738 17739 17740
f 17760 17759 17758 17757 17756 17755 17754 17753 17752 17751 17750 17749 17748 17747 17746 17745 17744 17743 17742 17741
f 17781 17782 17762 17761
f 17782 17783 17763 17762
f 17783 17784 17764 17763
f 17784 17785 17765 17764
f 17785 17786 17766 17765
f 17786 17787 17767 17766
f 17787 17788 17768 17767
f 17788 17789 17769 17768
f 17789 17790 17770 17769
f 17790 17791 17771 17770
f 17791 17792 17772 17771
f 17792 17793 17773 17772
f 17793 17794 17774 17773
f 17794 17795 17775 17774
f 17795 17796 17776 17775
f 17796 17797 17777 17776
f 17797 17798 17778 17777
f 17798 17799 17779 17778
f 17799 17800 17780 17779
f 17800 17781 17761 17780
f 17801 17802 17803 17804 17805 17806 17807 17808 17809 17810 17811 17812 17813 17814 17815 17816 17817 17818 17819 17820
f 17840 17839 17838 17837 17836 17835 17834 17833 17832 17831 17830 17829 17828 17827 17826 17825 17824 17823 17822 17821
f 17861 17862 17842 17841
f 17862 17863 17843 17842
f 17863 17864 17844 17843
f 17864 17865 17845 17844
f 17865 17866 17846 17845
f 17866 17867 17847 17846
f 17867 17868 17848 17847
f 17868 17869 17849 17848
f 17869 17870 17850 17849
f 17870 17871 17851 17850
f 17871 17872 17852 17851
f 17872 17873 17853 17852
f 17873 17874 17854 17853
f 17874 17875 17855 17854
f 17875 17876 17856 17855
f 17876 17877 17857 17856
f 17877 17878 17858 17857
f 17878 17879 17859 17858
f 17879 17880 17860 17859
f 17880 17861 17841 17860
f 17881 17882 17883 17884 17885 17886 17887 17888 17889 17890 17891 17892 17893 17894 17895 17896 17897 17898 17899 17900
f 17920 17919 17918 17917 17916 17915 17914 17913 17912 17911 17910 17909 17908 17907 17906 17905 17904 17903 17902 17901
f 17941 17942 17922 17921
f 17942 17943 17923 17922
f 17943 17944 17924 17923
f 17944 17945 17925 17924
f 17945 17946 17926 17925
f 17946 17947 17927 17926
f 17947 17948 17928 17927
f 17948 17949 17929 17928
f 17949 17950 17930 17929
f 17950 17951 17931 17930
f 17951 17952 17932 17931
f 17952 17953 17933 17932
f 17953 17954 17934 17933
f 17954 17955 17935 17934
f 17955 17956 17936 17935
f 17956 17957 17937 17936
f 17957 17958 17938 17937
f 17958 17959 17939 17938
f 17959 17960 17940 17939
f 17960 17941 17921 17940
f 17961 17962 17963 17964 17965 17966 17967 17968 17969 17970 17971 17972 17973 17974 17975 17976 17977 17978 17979 17980
f 18000 17999 17998 17997 17996 17995 17994 17993 17992 17991 17990 17989 17988 17987 17986 17985 17984 17983 17982 17981
f 18021 18022 18002 18001
f 18022 18023 18003 18002
f 18023 18024 18004 18003
f 18024 18025 18005 18004
f 18025 18026 18006 18005
f 18026 18027 18007 18006
f 18027 18028 18008 18007
f 18028 18029 18009 18008
f 18029 18030 18010 18009
f 18030 18031 18011 18010
f 18031 18032 18012 18011
f 18032 18033 18013 18012
f 18033 18034 18014 18013
f 18034 18035 18015 18014
f 18035 18036 18016 18015
f 18036 18037 18017 18016
f 18037 18038 18018 18017
f 18038 18039 18019 18018
f 18039 18040 18020 18019
f 18040 18021 18001 18020
f 18041 18042 18043 18044 18045 18046 18047 18048 18049 18050 18051 18052 18053 18054 18055 18056 18057 18058 18059 18060
f 18080 18079 18078 18077 18076 18075 18074 18073 18072 18071 18070 18069 18068 18067 18066 18065 18064 18063 18062 18061
f 18101 18102 18082 18081
f 18102 18103 18083 18082
f 18103 18104 18084 18083
f 18104 18105 18085 18084
f 18105 18106 18086 18085
f 18106 18107 18087 18086
f 18107 18108 18088 18087
f 18108 18109 18089 18088
f 18109 18110 18090 18089
f 18110 18111 18091 18090
f 18111 18112 18092 18091
f 18112 18113 18093 18092
f 18113 18114 18094 18093
f 18114 18115 18095 18094
f 18115 18116 18096 18095
f 18116 18117 18097 18096
f 18117 18118 18098 18097
f 18118 18119 18099 18098
f 18119 18120 18100 18099
f 18120 18101 18081 18100
f 18121 18122 18123 18124 18125 18126 18127 18128 18129 18130 18131 18132 18133 18134 18135 18136 18137 18138 18139 18140
f 18160 18159 18158 18157 18156 18155 18154 18153 18152 18151 18150 18149 18148 18147 18146 18145 18144 18143 18142 18141
f 18181 18182 18162 18161
f 18182 18183 18163 18162
f 18183 18184 18164 18163
f 18184 18185 18165 18164
f 18185 18186 18166 18165
f 18186 18187 18167 18166
f 18187 18188 18168 18167
f 18188 18189 18169 18168
f 18189 18190 18170 18169
f 18190 18191 18171 18170
f 18191 18192 18172 18171
f 18192 18193 18173 18172
f 18193 18194 18174 18173
f 18194 18195 18175 18174
f 18195 18196 18176 18175
f 18196 18197 18177 18176
f 18197 18198 18178 18177
f 18198 18199 18179 18178
f 18199 18200 18180 18179
f 18200 18181 18161 18180
f 18201 18202 18203 18204 18205 18206 18207 18208 18209 18210 18211 18212 18213 18214 18215 18216 18217 18218 18219 18220
f 18240 18239 18238 18237 18236 18235 18234 18233 18232 18231 18230 18229 18228 18227 18226 18225 18224 18223 18222 18221
f 18261 18262 18242 18241
f 18262 18263 18243 18242
f 18263 18264 18244 18243
f 18264 18265 18245 18244
f 18265 18266 18246 18245
f 18266 18267 18247 18246
f 18267 18268 18248 18247
f 18268 18269 18249 18248
f 18269 18270 18250 18249
f 18270 18271 18251 18250
f 18271 18272 18252 18251
f 18272 18273 18253 18252
f 18273 18274 18254 18253
f 18274 18275 18255 18254
f 18275 18276 18256 18255
f 18276 18277 18257 18256
f 18277 18278 18258 18257
f 18278 18279 18259 18258
f 18279 18280 18260 18259
f 18280 18261 18241 18260
f 18281 18282 18283 18284 18285 18286 18287 18288 18289 18290 18291 18292 18293 18294 18295 18296 18297 18298 18299 18300
f 18320 18319 18318 18317 18316 18315 18314 18313 18312 18311 18310 18309 18308 18307 18306 18305 18304 18303 18302 18301
f 18341 18342 18322 18321
f 18342 18343 18323 18322
f 18343 18344 18324 18323
f 18344 18345 18325 18324
f 18345 18346 18326 18325
f 18346 18347 18327 18326
f 18347 18348 18328 18327
f 18348 18349 18329 18328
f 18349 18350 18330 18329
f 18350 18351 18331 18330
f 18351 18352 18332 18331
f 18352 18353 18333 18332
f 18353 18354 18334 18333
f 18354 18355 18335 18334
f 18355 18356 18336 18335
f 18356 18357 18337 18336
f 18357 18358 18338 18337
f 18358 18359 18339 18338
f 18359 18360 18340 18339
f 18360 18341 18321 18340
f 18361 18362 18363 18364 18365 18366 18367 18368 18369 18370 18371 18372 18373 18374 18375 18376 18377 18378 18379 18380
f 18400 18399 18398 18397 18396 18395 18394 18393 18392 18391 18390 18389 18388 18387 18386 18385 18384 18383 18382 18381
f 18421 18422 18402 18401
f 18422 18423 18403 18402
f 18423 18424 18404 18403
f 18424 18425 18405 18404
f 18425 18426 18406 18405
f 18426 18427 18407 18406
f 18427 18428 18408 18407
f 18428 18429 18409 18408
f 18429 18430 18410 18409
f 18430 18431 18411 18410
f 18431 18432 18412 18411
f 18432 18433 18413 18412
f 18433 18434 18414 18413
f 18434 18435 18415 18414
f 18435 18436 18416 18415
f 18436 18437 18417 18416
f 18437 18438 18418 18417
f 18438 18439 18419 18418
f 18439 18440 18420 18419
f 18440 18421 18401 18420
f 18441 18442 18443 18444 18445 18446 18447 18448 18449 18450 18451 18452 18453 18454 18455 18456 18457 18458 18459 18460
f 18480 18479 18478 18477 18476 18475 18474 18473 18472 18471 18470 18469 18468 18467 18466 18465 18464 18463 18462 18461
f 18501 18502 18482 18481
f 18502 18503 18483 18482
f 18503 18504 18484 18483
f 18504 18505 18485 18484
f 18505 18506 18486 18485
f 18506 18507 18487 18486
f 18507 18508 18488 18487
f 18508 18509 18489 18488
f 18509 18510 18490 18489
f 18510 18511 18491 18490
f 18511 18512 18492 18491
f 18512 18513 18493 18492
f 18513 18514 18494 18493
f 18514 18515 18495 18494
f 18515 18516 18496 18495
f 18516 18517 18497 18496
f 18517 18518 18498 18497
f 18518 18519 18499 18498
f 18519 18520 18500 18499
f 18520 18501 18481 18500
f 18521 18522 18523 18524 18525 18526 18527 18528 18529 18530 18531 18532 18533 18534 18535 18536 18537 18538 18539 18540
f 18560 18559 18558 18557 18556 18555 18554 18553 18552 18551 18550 18549 18548 18547 18546 18545 18544 18543 18542 18541
f 18581 18582 18562 18561
f 18582 18583 18563 18562
f 18583 18584 18564 18563
f 18584 18585 18565 18564
f 18585 18586 18566 18565
f 18586 18587 18567 18566
f 18587 18588 18568 18567
f 18588 18589 18569 18568
f 18589 18590 18570 18569
f 18590 18591 18571 18570
f 18591 18592 18572 18571
f 18592 18593 18573 18572
f 18593 18594 18574 18573
f 18594 18595 18575 18574
f 18595 18596 18576 18575
f 18596 18597 18577 18576
f 18597 18598 18578 18577
f 18598 18599 18579 18578
f 18599 18600 18580 18579
f 18600 18581 18561 18580
f 18601 18602 18603 18604 18605 18606 18607 18608 18609 18610 18611 18612 18613 18614 18615 18616 18617 18618 18619 18620
f 18640 18639 18638 18637 18636 18635 18634 18633 18632 18631 18630 18629 18628 18627 18626 18625 18624 18623 18622 18621
f 18661 18662 18642 18641
f 18662 18663 18643 18642
f 18663 18664 18644 18643
f 18664 18665 18645 18644
f 18665 18666 18646 18645
f 18666 18667 18647 18646
f 18667 18668 18648 18647
f 18668 18669 18649 18648
f 18669 18670 18650 18649
f 18670 18671 18651 18650
f 18671 18672 18652 18651
f 18672 18673 18653 18652
f 18673 18674 18654 18653
f 18674 18675 18655 18654
f 18675 18676 18656 18655
f 18676 18677 18657 18656
f 18677 18678 18658 18657
f 18678 18679 18659 18658
f 18679 18680 18660 18659
f 18680 18661 18641 18660
f 18681 18682 18683 18684 18685 18686 18687 18688 18689 18690 18691 18692 18693 18694 18695 18696 18697 18698 18699 18700
f 18720 18719 18718 18717 18716 18715 18714 18713 18712 18711 18710 18709 18708 18707 18706 18705 18704 18703 18702 18701
f 18741 18742 18722 18721
f 18742 18743 18723 18722
f 18743 18744 18724 18723
f 18744 18745 18725 18724
f 18745 18746 18726 18725
f 18746 18747 18727 18726
f 18747 18748 18728 18727
f 18748 18749 18729 18728
f 18749 18750 18730 18729
f 18750 18751 18731 18730
f 18751 18752 18732 18731
f 18752 18753 18733 18732
f 18753 18754 18734 18733
f 18754 18755 18735 18734
f 18755 18756 18736 18735
f 18756 18757 18737 18736
f 18757 18758 18738 18737
f 18758 18759 18739 18738
f 18759 18760 18740 18739
f 18760 18741 18721 18740
f 18761 18762 18763 18764 18765 18766 18767 18768 18769 18770 18771 18772 18773 18774 18775 18776 18777 18778 18779 18780
f 18800 18799 18798 18797 18796 18795 18794 18793 18792 18791 18790 18789 18788 18787 18786 18785 18784 18783 18782 18781
f 18821 18822 18802 18801
f 18822 18823 18803 18802
f 18823 18824 18804 18803
f 18824 18825 18805 18804
f 18825 18826 18806 18805
f 18826 18827 18807 18806
f 18827 18828 18808 18807
f 18828 18829 18809 18808
f 18829 18830 18810 18809
f 18830 18831 18811 18810
f 18831 18832 18812 18811
f 18832 18833 18813 18812
f 18833 18834 18814 18813
f 18834 18835 18815 18814
f 18835 18836 18816 18815
f 18836 18837 18817 18816
f 18837 18838 18818 18817
f 18838 18839 18819 18818
f 18839 18840 18820 18819
f 18840 18821 18801 18820
f 18841 18842 18843 18844 18845 18846 18847 18848 18849 18850 18851 18852 18853 18854 18855 18856 18857 18858 18859 18860
f 18880 18879 18878 18877 18876 18875 18874 18873 18872 18871 18870 18869 18868 18867 18866 18865 18864 18863 18862 18861
f 18901 18902 18882 18881
f 18902 18903 18883 18882
f 18903 18904 18884 18883
f 18904 18905 18885 18884
f 18905 18906 18886 18885
f 18906 18907 18887 18886
f 18907 18908 18888 18887
f 18908 18909 18889 18888
f 18909 18910 18890 18889
f 18910 18911 18891 18890
f 18911 18912 18892 18891
f 18912 18913 18893 18892
f 18913 18914 18894 18893
f 18914 18915 18895 18894
f 18915 18916 18896 18895
f 18916 18917 18897 18896
f 18917 18918 18898 18897
f 18918 18919 18899 18898
f 18919 18920 18900 18899
f 18920 18901 18881 18900
f 18921 18922 18923 18924 18925 18926 18927 18928 18929 18930 18931 18932 18933 18934 18935 18936 18937 18938 18939 18940
f 18960 18959 18958 18957 18956 18955 18954 18953 18952 18951 18950 18949 18948 18947 18946 18945 18944 18943 18942 18941
f 18981 18982 18962 18961
f 18982 18983 18963 18962
f 18983 18984 18964 18963
f 18984 18985 18965 18964
f 18985 18986 18966 18965
f 18986 18987 18967 18966
f 18987 18988 18968 18967
f 18988 18989 18969 18968
f 18989 18990 18970 18969
f 18990 18991 18971 18970
f 18991 18992 18972 18971
f 18992 18993 18973 18972
f 18993 18994 18974 18973
f 18994 18995 18975 18974
f 18995 18996 18976 18975
f 18996 18997 18977 18976
f 18997 18998 18978 18977
f 18998 18999 18979 18978
f 18999 19000 18980 18979
f 19000 18981 18961 18980
f 19001 19002 19003 19004 19005 19006 19007 19008 19009 19010 19011 19012 19013 19014 19015 19016 19017 19018 19019 19020
f 19040 19039 19038 19037 19036 19035 19034 19033 19032 19031 19030 19029 19028 19027 19026 19025 19024 19023 19022 19021
f 19061 19062 19042 19041
f 19062 19063 19043 19042
f 19063 19064 19044 19043
f 19064 19065 19045 19044
f 19065 19066 19046 19045
f 19066 19067 19047 19046
f 19067 19068 19048 19047
f 19068 19069 19049 19048
f 19069 19070 19050 19049
f 19070 19071 19051 19050
f 19071 19072 19052 19051
f 19072 19073 19053 19052
f 19073 19074 19054 19053
f 19074 19075 19055 19054
f 19075 19076 19056 19055
f 19076 19077 19057 19056
f 19077 19078 19058 19057
f 19078 19079 19059 19058
f 19079 19080 19060 19059
f 19080 19061 19041 19060
f 19081 19082 19083 19084 19085 19086 19087 19088 19089 19090 19091 19092 19093 19094 19095 19096 19097 19098 19099 19100
f 19120 19119 19118 19117 19116 19115 19114 19113 19112 19111 19110 19109 19108 19107 19106 19105 19104 19103 19102 19101
f 19141 19142 19122 19121
f 19142 19143 19123 19122
f 19143 19144 19124 19123
f 19144 19145 19125 19124
f 19145 19146 19126 19125
f 19146 19147 19127 19126
f 19147 19148 19128 19127
f 19148 19149 19129 19128
f 19149 19150 19130 19129
f 19150 19151 19131 19130
f 19151 19152 19132 19131
f 19152 19153 19133 19132
f 19153 19154 19134 19133
f 19154 19155 19135 19134
f 19155 19156 19136 19135
f 19156 19157 19137 19136
f 19157 19158 19138 19137
f 19158 19159 19139 19138
f 19159 19160 19140 19139
f 19160 19141 19121 19140
f 19161 19162 19163 19164 19165 19166 19167 19168 19169 19170 19171 19172 19173 19174 19175 19176 19177 19178 19179 19180
f 19200 19199 19198 19197 19196 19195 19194 19193 19192 19191 19190 19189 19188 19187 19186 19185 19184 19183 19182 19181
f 19221 19222 19202 19201
f 19222 19223 19203 19202
f 19223 19224 19204 19203
f 19224 19225 19205 19204
f 19225 19226 19206 19205
f 19226 19227 19207 19206
f 19227 19228 19208 19207
f 19228 19229 19209 19208
f 19229 19230 19210 19209
f 19230 19231 19211 19210
f 19231 19232 19212 19211
f 19232 19233 19213 19212
f 19233 19234 19214 19213
f 19234 19235 19215 19214
f 19235 19236 19216 19215
f 19236 19237 19217 19216
f 19237 19238 19218 19217
f 19238 19239 19219 19218
f 19239 19240 19220 19219
f 19240 19221 19201 19220
f 19241 19242 19243 19244 19245 19246 19247 19248 19249 19250 19251 19252 19253 19254 19255 19256 19257 19258 19259 19260
f 19280 19279 19278 19277 19276 19275 19274 19273 19272 19271 19270 19269 19268 19267 19266 19265 19264 19263 19262 19261
f 19301 19302 19282 19281
f 19302 19303 19283 19282
f 19303 19304 19284 19283
f 19304 19305 19285 19284
f 19305 19306 19286 19285
f 19306 19307 19287 19286
f 19307 19308 19288 19287
f 19308 19309 19289 19288
f 19309 19310 19290 19289
f 19310 19311 19291 19290
f 19311 19312 19292 19291
f 19312 19313 19293 19292
f 19313 19314 19294 19293
f 19314 19315 19295 19294
f 19315 19316 19296 19295
f 19316 19317 19297 19296
f 19317 19318 19298 19297
f 19318 19319 19299 19298
f 19319 19320 19300 19299
f 19320 19301 19281 19300
f 19321 19322 19323 19324 19325 19326 19327 19328 19329 19330 19331 19332 19333 19334 19335 19336 19337 19338 19339 19340
f 19360 19359 19358 19357 19356 19355 19354 19353 19352 19351 19350 19349 19348 19347 19346 19345 19344 19343 19342 19341
f 19381 19382 19362 19361
f 19382 19383 19363 19362
f 19383 19384 19364 19363
f 19384 19385 19365 19364
f 19385 19386 19366 19365
f 19386 19387 19367 19366
f 19387 19388 19368 19367
f 19388 19389 19369 19368
f 19389 19390 19370 19369
f 19390 19391 19371 19370
f 19391 19392 19372 19371
f 19392 19393 19373 19372
f 19393 19394 19374 19373
f 19394 19395 19375 19374
f 19395 19396 19376 19375
f 19396 19397 19377 19376
f 19397 19398 19378 19377
f 19398 19399 19379 19378
f 19399 19400 19380 19379
f 19400 19381 19361 19380
f 19401 19402 19403 19404 19405 19406 19407 19408 19409 19410 19411 19412 19413 19414 19415 19416 19417 19418 19419 19420
f 19440 19439 19438 19437 19436 19435 19434 19433 19432 19431 19430 19429 19428 19427 19426 19425 19424 19423 19422 19421
f 19461 19462 19442 19441
f 19462 19463 19443 19442
f 19463 19464 19444 19443
f 19464 19465 19445 19444
f 19465 19466 19446 19445
f 19466 19467 19447 19446
f 19467 19468 19448 19447
f 19468 19469 19449 19448
f 19469 19470 19450 19449
f 19470 19471 19451 19450
f 19471 19472 19452 19451
f 19472 19473 19453 19452
f 19473 19474 19454 19453
f 19474 19475 19455 19454
f 19475 19476 19456 19455
f 19476 19477 19457 19456
f 19477 19478 19458 19457
f 19478 19479 19459 19458
f 19479 19480 19460 19459
f 19480 19461 19441 19460
f 19481 19482 19483 19484 19485 19486 19487 19488 19489 19490 19491 19492 19493 19494 19495 19496 19497 19498 19499 19500
f 19520 19519 19518 19517 19516 19515 19514 19513 19512 19511 19510 19509 19508 19507 19506 19505 19504 19503 19502 19501
f 19541 19542 19522 19521
f 19542 19543 19523 19522
f 19543 19544 19524 19523
f 19544 19545 19525 19524
f 19545 19546 19526 19525
f 19546 19547 19527 19526
f 19547 19548 19528 19527
f 19548 19549 19529 19528
f 19549 19550 19530 19529
f 19550 19551 19531 19530
f 19551 19552 19532 19531
f 19552 19553 19533 19532
f 19553 19554 19534 19533
f 19554 19555 19535 19534
f 19555 19556 19536 19535
f 19556 19557 19537 19536
f 19557 19558 19538 19537
f 19558 19559 19539 19538
f 19559 19560 19540 19539
f 19560 19541 19521 19540
f 19561 19562 19563 19564 19565 19566 19567 19568 19569 19570 19571 19572 19573 19574 19575 19576 19577 19578 19579 19580
f 19600 19599 19598 19597 19596 19595 19594 19593 19592 19591 19590 19589 19588 19587 19586 19585 19584 19583 19582 19581
f 19621 19622 19602 19601
f 19622 19623 19603 19602
f 19623 19624 19604 19603
f 19624 19625 19605 19604
f 19625 19626 19606 19605
f 19626 19627 19607 19606
f 19627 19628 19608 19607
f 19628 19629 19609 19608
f 19629 19630 19610 19609
f 19630 19631 19611 19610
f 19631 19632 19612 19611
f 19632 19633 19613 19612
f 19633 19634 19614 19613
f 19634 19635 19615 19614
f 19635 19636 19616 19615
f 19636 19637 19617 19616
f 19637 19638 19618 19617
f 19638 19639 19619 19618
f 19639 19640 19620 19619
f 19640 19621 19601 19620
f 19641 19642 19643 19644 19645 19646 19647 19648 19649 19650 19651 19652 19653 19654 19655 19656 19657 19658 19659 19660
f 19680 19679 19678 19677 19676 19675 19674 19673 19672 19671 19670 19669 19668 19667 19666 19665 19664 19663 19662 19661
f 19701 19702 19682 19681
f 19702 19703 19683 19682
f 19703 19704 19684 19683
f 19704 19705 19685 19684
f 19705 19706 19686 19685
f 19706 19707 19687 19686
f 19707 19708 19688 19687
f 19708 19709 19689 19688
f 19709 19710 19690 19689
f 19710 19711 19691 19690
f 19711 19712 19692 19691
f 19712 19713 19693 19692
f 19713 19714 19694 19693
f 19714 19715 19695 19694
f 19715 19716 19696 19695
f 19716 19717 19697 19696
f 19717 19718 19698 19697
f 19718 19719 19699 19698
f 19719 19720 19700 19699
f 19720 19701 19681 19700
f 19721 19722 19723 19724 19725 19726 19727 19728 19729 19730 19731 19732 19733 19734 19735 19736 19737 19738 19739 19740
f 19760 19759 19758 19757 19756 19755 19754 19753 19752 19751 19750 19749 19748 19747 19746 19745 19744 19743 19742 19741
f 19781 19782 19762 19761
f 19782 19783 19763 19762
f 19783 19784 19764 19763
f 19784 19785 19765 19764
f 19785 19786 19766 19765
f 19786 19787 19767 19766
f 19787 19788 19768 19767
f 19788 19789 19769 19768
f 19789 19790 19770 19769
f 19790 19791 19771 19770
f 19791 19792 19772 19771
f 19792 19793 19773 19772
f 19793 19794 19774 19773
f 19794 19795 19775 19774
f 19795 19796 19776 19775
f 19796 19797 19777 19776
f 19797 19798 19778 19777
f 19798 19799 19779 19778
f 19799 19800 19780 19779
f 19800 19781 19761 19780
f 19801 19802 19803 19804 19805 19806 19807 19808 19809 19810 19811 19812 19813 19814 19815 19816 19817 19818 19819 19820
f 19840 19839 19838 19837 19836 19835 19834 19833 19832 19831 19830 19829 19828 19827 19826 19825 19824 19823 19822 19821
f 19861 19862 19842 19841
f 19862 19863 19843 19842
f 19863 19864 19844 19843
f 19864 19865 19845 19844
f 19865 19866 19846 19845
f 19866 19867 19847 19846
f 19867 19868 19848 19847
f 19868 19869 19849 19848
f 19869 19870 19850 19849
f 19870 19871 19851 19850
f 19871 19872 19852 19851
f 19872 19873 19853 19852
f 19873 19874 19854 19853
f 19874 19875 19855 19854
f 19875 19876 19856 19855
f 19876 19877 19857 19856
f 19877 19878 19858 19857
f 19878 19879 19859 19858
f 19879 19880 19860 19859
f 19880 19861 19841 19860
f 19881 19882 19883 19884 19885 19886 19887 19888 19889 19890 19891 19892 19893 19894 19895 19896 19897 19898 19899 19900
f 19920 19919 19918 19917 19916 19915 19914 19913 19912 19911 19910 19909 19908 19907 19906 19905 19904 19903 19902 19901
f 19941 19942 19922 19921
f 19942 19943 19923 19922
f 19943 19944 19924 19923
f 19944 19945 19925 19924
f 19945 19946 19926 19925
f 19946 19947 19927 19926
f 19947 19948 19928 19927
f 19948 19949 19929 19928
f 19949 19950 19930 19929
f 19950 19951 19931 19930
f 19951 19952 19932 19931
f 19952 19953 19933 19932
f 19953 19954 19934 19933
f 19954 19955 19935 19934
f 19955 19956 19936 19935
f 19956 19957 19937 19936
f 19957 19958 19938 19937
f 19958 19959 19939 19938
f 19959 19960 19940 19939
f 19960 19941 19921 19940
f 19961 19962 19963 19964 19965 19966 19967 19968 19969 19970 19971 19972 19973 19974 19975 19976 19977 19978 19979 19980
f 20000 19999 19998 19997 19996 19995 19994 19993 19992 19991 19990 19989 19988 19987 19986 19985 19984 19983 19982 19981
f 20021 20022 20002 20001
f 20022 20023 20003 20002
f 20023 20024 20004 20003
f 20024 20025 20005 20004
f 20025 20026 20006 20005
f 20026 20027 20007 20006
f 20027 20028 20008 20007
f 20028 20029 20009 20008
f 20029 20030 20010 20009
f 20030 20031 20011 20010
f 20031 20032 20012 20011
f 20032 20033 20013 20012
f 20033 20034 20014 20013
f 20034 20035 20015 20014
f 20035 20036 20016 20015
f 20036 20037 20017 20016
f 20037 20038 20018 20017
f 20038 20039 20019 20018
f 20039 20040 20020 20019
f 20040 20021 20001 20020
f 20041 20042 20043 20044 20045 20046 20047 20048 20049 20050 20051 20052 20053 20054 20055 20056 20057 20058 20059 20060
f 20080 20079 20078 20077 20076 20075 20074 20073 20072 20071 20070 20069 20068 20067 20066 20065 20064 20063 20062 20061
f 20101 20102 20082 20081
f 20102 20103 20083 20082
f 20103 20104 20084 20083
f 20104 20105 20085 20084
f 20105 20106 20086 20085
f 20106 20107 20087 20086
f 20107 20108 20088 20087
f 20108 20109 20089 20088
f 20109 20110 20090 20089
f 20110 20111 20091 20090
f 20111 20112 20092 20091
f 20112 20113 20093 20092
f 20113 20114 20094 20093
f 20114 20115 20095 20094
f 20115 20116 20096 20095
f 20116 20117 20097 20096
f 20117 20118 20098 20097
f 20118 20119 20099 20098
f 20119 20120 20100 20099
f 20120 20101 20081 20100
f 20121 20122 20123 20124 20125 20126 20127 20128 20129 20130 20131 20132 20133 20134 20135 20136 20137 20138 20139 20140
f 20160 20159 20158 20157 20156 20155 20154 20153 20152 20151 20150 20149 20148 20147 20146 20145 20144 20143 20142 20141
f 20181 20182 20162 20161
f 20182 20183 20163 20162
f 20183 20184 20164 20163
f 20184 20185 20165 20164
f 20185 20186 20166 20165
f 20186 20187 20167 20166
f 20187 20188 20168 20167
f 20188 20189 20169 20168
f 20189 20190 20170 20169
f 20190 20191 20171 20170
f 20191 20192 20172 20171
f 20192 20193 20173 20172
f 20193 20194 20174 20173
f 20194 20195 20175 20174
f 20195 20196 20176 20175
f 20196 20197 20177 20176
f 20197 20198 20178 20177
f 20198 20199 20179 20178
f 20199 20200 20180 20179
f 20200 20181 20161 20180
f 20201 20202 20203 20204 20205 20206 20207 20208 20209 20210 20211 20212 20213 20214 20215 20216 20217 20218 20219 20220
f 20240 20239 20238 20237 20236 20235 20234 20233 20232 20231 20230 20229 20228 20227 20226 20225 20224 20223 20222 20221
f 20261 20262 20242 20241
f 20262 20263 20243 20242
f 20263 20264 20244 20243
f 20264 20265 20245 20244
f 20265 20266 20246 20245
f 20266 20267 20247 20246
f 20267 20268 20248 20247
f 20268 20269 20249 20248
f 20269 20270 20250 20249
f 20270 20271 20251 20250
f 20271 20272 20252 20251
f 20272 20273 20253 20252
f 20273 20274 20254 20253
f 20274 20275 20255 20254
f 20275 20276 20256 20255
f 20276 20277 20257 20256
f 20277 20278 20258 20257
f 20278 20279 20259 20258
f 20279 20280 20260 20259
f 20280 20261 20241 20260
f 20281 20282 20283 20284 20285 20286 20287 20288 20289 20290 20291 20292 20293 20294 20295 20296 20297 20298 20299 20300
f 20320 20319 20318 20317 20316 20315 20314 20313 20312 20311 20310 20309 20308 20307 20306 20305 20304 20303 20302 20301
f 20341 20342 20322 20321
f 20342 20343 20323 20322
f 20343 20344 20324 20323
f 20344 20345 20325 20324
f 20345 20346 20326 20325
f 20346 20347 20327 20326
f 20347 20348 20328 20327
f 20348 20349 20329 20328
f 20349 20350 20330 20329
f 20350 20351 20331 20330
f 20351 20352 20332 20331
f 20352 20353 20333 20332
f 20353 20354 20334 20333
f 20354 20355 20335 20334
f 20355 20356 20336 20335
f 20356 20357 20337 20336
f 20357 20358 20338 20337
f 20358 20359 20339 20338
f 20359 20360 20340 20339
f 20360 20341 20321 20340
f 20361 20362 20363 20364 20365 20366 20367 20368 20369 20370 20371 20372 20373 20374 20375 20376 20377 20378 20379 20380
f 20400 20399 20398 20397 20396 20395 20394 20393 20392 20391 20390 20389 20388 20387 20386 20385 20384 20383 20382 20381
f 20421 20422 20402 20401
f 20422 20423 20403 20402
f 20423 20424 20404 20403
f 20424 20425 20405 20404
f 20425 20426 20406 20405
f 20426 20427 20407 20406
f 20427 20428 20408 20407
f 20428 20429 20409 20408
f 20429 20430 20410 20409
f 20430 20431 20411 20410
f 20431 20432 20412 20411
f 20432 20433 20413 20412
f 20433 20434 20414 20413
f 20434 20435 20415 20414
f 20435 20436 20416 20415
f 20436 20437 20417 20416
f 20437 20438 20418 20417
f 20438 20439 20419 20418
f 20439 20440 20420 20419
f 20440 20421 20401 20420
f 20441 20442 20443 20444 20445 20446 20447 20448 20449 20450 20451 20452 20453 20454 20455 20456 20457 20458 20459 20460
f 20480 20479 20478 20477 20476 20475 20474 20473 20472 20471 20470 20469 20468 20467 20466 20465 20464 20463 20462 20461
f 20501 20502 20482 20481
f 20502 20503 20483 20482
f 20503 20504 20484 20483
f 20504 20505 20485 20484
f 20505 20506 20486 20485
f 20506 20507 20487 20486
f 20507 20508 20488 20487
f 20508 20509 20489 20488
f 20509 20510 20490 20489
f 20510 20511 20491 20490
f 20511 20512 20492 20491
f 20512 20513 20493 20492
f 20513 20514 20494 20493
f 20514 20515 20495 20494
f 20515 20516 20496 20495
f 20516 20517 20497 20496
f 20517 20518 20498 20497
f 20518 20519 20499 20498
f 20519 20520 20500 20499
f 20520 20501 20481 20500
f 20521 20522 20523 20524 20525 20526 20527 20528 20529 20530 20531 20532 20533 20534 20535 20536 20537 20538 20539 20540
f 20560 20559 20558 20557 20556 20555 20554 20553 20552 20551 20550 20549 20548 20547 20546 20545 20544 20543 20542 20541
f 20581 20582 20562 20561
f 20582 20583 20563 20562
f 20583 20584 20564 20563
f 20584 20585 20565 20564
f 20585 20586 20566 20565
f 20586 20587 20567 20566
f 20587 20588 20568 20567
f 20588 20589 20569 20568
f 20589 20590 20570 20569
f 20590 20591 20571 20570
f 20591 20592 20572 20571
f 20592 20593 20573 20572
f 20593 20594 20574 20573
f 20594 20595 20575 20574
f 20595 20596 20576 20575
f 20596 20597 20577 20576
f 20597 20598 20578 20577
f 20598 20599 20579 20578
f 20599 20600 20580 20579
f 20600 20581 20561 20580
f 20601 20602 20603 20604 20605 20606 20607 20608 20609 20610 20611 20612 20613 20614 20615 20616 20617 20618 20619 20620
f 20640 20639 20638 20637 20636 20635 20634 20633 20632 20631 20630 20629 20628 20627 20626 20625 20624 20623 20622 20621
f 20661 20662 20642 20641
f 20662 20663 20643 20642
f 20663 20664 20644 20643
f 20664 20665 20645 20644
f 20665 20666 20646 20645
f 20666 20667 20647 20646
f 20667 20668 20648 20647
f 20668 20669 20649 20648
f 20669 20670 20650 20649
f 20670 20671 20651 20650
f 20671 20672 20652 20651
f 20672 20673 20653 20652
f 20673 20674 20654 20653
f 20674 20675 20655 20654
f 20675 20676 20656 20655
f 20676 20677 20657 20656
f 20677 20678 20658 20657
f 20678 20679 20659 20658
f 20679 20680 20660 20659
f 20680 20661 20641 20660
f 20681 20682 20683 20684 20685 20686 20687 20688 20689 20690 20691 20692 20693 20694 20695 20696 20697 20698 20699 20700
f 20720 20719 20718 20717 20716 20715 20714 20713 20712 20711 20710 20709 20708 20707 20706 20705 20704 20703 20702 20701
f 20741 20742 20722 20721
f 20742 20743 20723 20722
f 20743 20744 20724 20723
f 20744 20745 20725 20724
f 20745 20746 20726 20725
f 20746 20747 20727 20726
f 20747 20748 20728 20727
f 20748 20749 20729 20728
f 20749 20750 20730 20729
f 20750 20751 20731 20730
f 20751 20752 20732 20731
f 20752 20753 20733 20732
f 20753 20754 20734 20733
f 20754 20755 20735 20734
f 20755 20756 20736 20735
f 20756 20757 20737 20736
f 20757 20758 20738 20737
f 20758 20759 20739 20738
f 20759 20760 20740 20739
f 20760 20741 20721 20740
f 20761 20762 20763 20764 20765 20766 20767 20768 20769 20770 20771 20772 20773 20774 20775 20776 20777 20778 20779 20780
f 20800 20799 20798 20797 20796 20795 20794 20793 20792 20791 20790 20789 20788 20787 20786 20785 20784 20783 20782 20781
f 20821 20822 20802 20801
f 20822 20823 20803 20802
f 20823 20824 20804 20803
f 20824 20825 20805 20804
f 20825 20826 20806 20805
f 20826 20827 20807 20806
f 20827 20828 20808 20807
f 20828 20829 20809 20808
f 20829 20830 20810 20809
f 20830 20831 20811 20810
f 20831 20832 20812 20811
f 20832 20833 20813 20812
f 20833 20834 20814 20813
f 20834 20835 20815 20814
f 20835 20836 20816 20815
f 20836 20837 20817 20816
f 20837 20838 20818 20817
f 20838 20839 20819 20818
f 20839 20840 20820 20819
f 20840 20821 20801 20820
f 20841 20842 20843 20844 20845 20846 20847 20848 20849 20850 20851 20852 20853 20854 20855 20856 20857 20858 20859 20860
f 20880 20879 20878 20877 20876 20875 20874 20873 20872 20871 20870 20869 20868 20867 20866 20865 20864 20863 20862 20861
f 20901 20902 20882 20881
f 20902 20903 20883 20882
f 20903 20904 20884 20883
f 20904 20905 20885 20884
f 20905 20906 20886 20885
f 20906 20907 20887 20886
f 20907 20908 20888 20887
f 20908 20909 20889 20888
f 20909 20910 20890 20889
f 20910 20911 20891 20890
f 20911 20912 20892 20891
f 20912 20913 20893 20892
f 20913 20914 20894 20893
f 20914 20915 20895 20894
f 20915 20916 20896 20895
f 20916 20917 20897 20896
f 20917 20918 20898 20897
f 20918 20919 20899 20898
f 20919 20920 20900 20899
f 20920 20901 20881 20900
f 20921 20922 20923 20924 20925 20926 20927 20928 20929 20930 20931 20932 20933 20934 20935 20936 20937 20938 20939 20940
f 20960 20959 20958 20957 20956 20955 20954 20953 20952 20951 20950 20949 20948 20947 20946 20945 20944 20943 20942 20941
f 20981 20982 20962 20961
f 20982 20983 20963 20962
f 20983 20984 20964 20963
f 20984 20985 20965 20964
f 20985 20986 20966 20965
f 20986 20987 20967 20966
f 20987 20988 20968 20967
f 20988 20989 20969 20968
f 20989 20990 20970 20969
f 20990 20991 20971 20970
f 20991 20992 20972 20971
f 20992 20993 20973 20972
f 20993 20994 20974 20973
f 20994 20995 20975 20974
f 20995 20996 20976 20975
f 20996 20997 20977 20976
f 20997 20998 20978 20977
f 20998 20999 20979 20978
f 20999 21000 20980 20979
f 21000 20981 20961 20980
f 21001 21002 21003 21004 21005 21006 21007 21008 21009 21010 21011 21012 21013 21014 21015 21016 21017 21018 21019 21020
f 21040 21039 21038 21037 21036 21035 21034 21033 21032 21031 21030 21029 21028 21027 21026 21025 21024 21023 21022 21021
f 21061 21062 21042 21041
f 21062 21063 21043 21042
f 21063 21064 21044 21043
f 21064 21065 21045 21044
f 21065 21066 21046 21045
f 21066 21067 21047 21046
f 21067 21068 21048 21047
f 21068 21069 21049 21048
f 21069 21070 21050 21049
f 21070 21071 21051 21050
f 21071 21072 21052 21051
f 21072 21073 21053 21052
f 21073 21074 21054 21053
f 21074 21075 21055 21054
f 21075 21076 21056 21055
f 21076 21077 21057 21056
f 21077 21078 21058 21057
f 21078 21079 21059 21058
f 21079 21080 21060 21059
f 21080 21061 21041 21060
f 21081 21082 21083 21084 21085 21086 21087 21088 21089 21090 21091 21092 21093 21094 21095 21096 21097 21098 21099 21100
f 21120 21119 21118 21117 21116 21115 21114 21113 21112 21111 21110 21109 21108 21107 21106 21105 21104 21103 21102 21101
o guide_tubes
v -31.6800 50.0000 -75.6000
v -31.9795 50.0000 -73.7088
v -32.8488 50.0000 -72.0028
v -34.2028 50.0000 -70.6488
v -35.9088 50.0000 -69.7795
v -37.8000 50.0000 -69.4800
v -39.6912 50.0000 -69.7795
v -41.3972 50.0000 -70.6488
v -42.7512 50.0000 -72.0028
v -43.6205 50.0000 -73.7088
v -43.9200 50.0000 -75.6000
v -43.6205 50.0000 -77.4912
v -42.7512 50.0000 -79.1972
v -41.3972 50.0000 -80.5512
v -39.6912 50.0000 -81.4205
v -37.8000 50.0000 -81.7200
v -35.9088 50.0000 -81.4205
v -34.2028 50.0000 -80.5512
v -32.8488 50.0000 -79.1972
v -31.9795 50.0000 -77.4912
v -31.6800 1010.0000 -75.6000
v -31.9795 1010.0000 -73.7088
v -32.8488 1010.0000 -72.0028
v -34.2028 1010.0000 -70.6488
v -35.9088 1010.0000 -69.7795
v -37.8000 1010.0000 -69.4800
v -39.6912 1010.0000 -69.7795
v -41.3972 1010.0000 -70.6488
v -42.7512 1010.0000 -72.0028
v -43.6205 1010.0000 -73.7088
v -43.9200 1010.0000 -75.6000
v -43.6205 1010.0000 -77.4912
v -42.7512 1010.0000 -79.1972
v -41.3972 1010.0000 -80.5512
v -39.6912 1010.0000 -81.4205
v -37.8000 1010.0000 -81.7200
v -35.9088 1010.0000 -81.4205
v -34.2028 1010.0000 -80.5512
v -32.8488 1010.0000 -79.1972
v -31.9795 1010.0000 -77.4912
v -31.6800 50.0000 -75.6000
v -31.9795 50.0000 -73.7088
v -32.8488 50.0000 -72.0028
v -34.2028 50.0000 -70.6488
v -35.9088 50.0000 -69.7795
v -37.8000 50.0000 -69.4800
v -39.6912 50.0000 -69.7795
v -41.3972 50.0000 -70.6488
v -42.7512 50.0000 -72.0028
v -43.6205 50.0000 -73.7088
v -43.9200 50.0000 -75.6000
v -43.6205 50.0000 -77.4912
v -42.7512 50.0000 -79.1972
v -41.3972 50.0000 -80.5512
v -39.6912 50.0000 -81.4205
v -37.8000 50.0000 -81.7200
v -35.9088 50.0000 -81.4205
v -34.2028 50.0000 -80.5512
v -32.8488 50.0000 -79.1972
v -31.9795 50.0000 -77.4912
v -31.6800 1010.0000 -75.6000
v -31.9795 1010.0000 -73.7088
v -32.8488 1010.0000 -72.0028
v -34.2028 1010.0000 -70.6488
v -35.9088 1010.0000 -69.7795
v -37.8000 1010.0000 -69.4800
v -39.6912 1010.0000 -69.7795
v -41.3972 1010.0000 -70.6488
v -42.7512 1010.0000 -72.0028
v -43.6205 1010.0000 -73.7088
v -43.9200 1010.0000 -75.6000
v -43.6205 1010.0000 -77.4912
v -42.7512 1010.0000 -79.1972
v -41.3972 1010.0000 -80.5512
v -39.6912 1010.0000 -81.4205
v -37.8000 1010.0000 -81.7200
v -35.9088 1010.0000 -81.4205
v -34.2028 1010.0000 -80.5512
v -32.8488 1010.0000 -79.1972
v -31.9795 1010.0000 -77.4912
v 6.1200 50.0000 -75.6000
v 5.8205 50.0000 -73.7088
v 4.9512 50.0000 -72.0028
v 3.5972 50.0000 -70.6488
v 1.8912 50.0000 -69.7795
v 0.0000 50.0000 -69.4800
v -1.8912 50.0000 -69.7795
v -3.5972 50.0000 -70.6488
v -4.9512 50.0000 -72.0028
v -5.8205 50.0000 -73.7088
v -6.1200 50.0000 -75.6000
v -5.8205 50.0000 -77.4912
v -4.9512 50.0000 -79.1972
v -3.5972 50.0000 -80.5512
v -1.8912 50.0000 -81.4205
v -0.0000 50.0000 -81.7200
v 1.8912 50.0000 -81.4205
v 3.5972 50.0000 -80.5512
v 4.9512 50.0000 -79.1972
v 5.8205 50.0000 -77.4912
v 6.1200 1010.0000 -75.6000
v 5.8205 1010.0000 -73.7088
v 4.9512 1010.0000 -72.0028
v 3.5972 1010.0000 -70.6488
v 1.8912 1010.0000 -69.7795
v 0.0000 1010.0000 -69.4800
v -1.8912 1010.0000 -69.7795
v -3.5972 1010.0000 -70.6488
v -4.9512 1010.0000 -72.0028
v -5.8205 1010.0000 -73.7088
v -6.1200 1010.0000 -75.6000
v -5.8205 1010.0000 -77.4912
v -4.9512 1010.0000 -79.1972
v -3.5972 1010.0000 -80.5512
v -1.8912 1010.0000 -81.4205
v -0.0000 1010.0000 -81.7200
v 1.8912 1010.0000 -81.4205
v 3.5972 1010.0000 -80.5512
v 4.9512 1010.0000 -79.1972
v 5.8205 1010.0000 -77.4912
v 6.1200 50.0000 -75.6000
v 5.8205 50.0000 -73.7088
v 4.9512 50.0000 -72.0028
v 3.5972 50.0000 -70.6488
v 1.8912 50.0000 -69.7795
v 0.0000 50.0000 -69.4800
v -1.8912 50.0000 -69.7795
v -3.5972 50.0000 -70.6488
v -4.9512 50.0000 -72.0028
v -5.8205 50.0000 -73.7088
v -6.1200 50.0000 -75.6000
v -5.8205 50.0000 -77.4912
v -4.9512 50.0000 -79.1972
v -3.5972 50.0000 -80.5512
v -1.8912 50.0000 -81.4205
v -0.0000 50.0000 -81.7200
v 1.8912 50.0000 -81.4205
v 3.5972 50.0000 -80.5512
v 4.9512 50.0000 -79.1972
v 5.8205 50.0000 -77.4912
v 6.1200 1010.0000 -75.6000
v 5.8205 1010.0000 -73.7088
v 4.9512 1010.0000 -72.0028
v 3.5972 1010.0000 -70.6488
v 1.8912 1010.0000 -69.7795
v 0.0000 1010.0000 -69.4800
v -1.8912 1010.0000 -69.7795
v -3.5972 1010.0000 -70.6488
v -4.9512 1010.0000 -72.0028
v -5.8205 1010.0000 -73.7088
v -6.1200 1010.0000 -75.6000
v -5.8205 1010.0000 -77.4912
v -4.9512 1010.0000 -79.1972
v -3.5972 1010.0000 -80.5512
v -1.8912 1010.0000 -81.4205
v -0.0000 1010.0000 -81.7200
v 1.8912 1010.0000 -81.4205
v 3.5972 1010.0000 -80.5512
v 4.9512 1010.0000 -79.1972
v 5.8205 1010.0000 -77.4912
v 43.9200 50.0000 -75.6000
v 43.6205 50.0000 -73.7088
v 42.7512 50.0000 -72.0028
v 41.3972 50.0000 -70.6488
v 39.6912 50.0000 -69.7795
v 37.8000 50.0000 -69.4800
v 35.9088 50.0000 -69.7795
v 34.2028 50.0000 -70.6488
v 32.8488 50.0000 -72.0028
v 31.9795 50.0000 -73.7088
v 31.6800 50.0000 -75.6000
v 31.9795 50.0000 -77.4912
v 32.8488 50.0000 -79.1972
v 34.2028 50.0000 -80.5512
v 35.9088 50.0000 -81.4205
v 37.8000 50.0000 -81.7200
v 39.6912 50.0000 -81.4205
v 41.3972 50.0000 -80.5512
v 42.7512 50.0000 -79.1972
v 43.6205 50.0000 -77.4912
v 43.9200 1010.0000 -75.6000
v 43.6205 1010.0000 -73.7088
v 42.7512 1010.0000 -72.0028
v 41.3972 1010.0000 -70.6488
v 39.6912 1010.0000 -69.7795
v 37.8000 1010.0000 -69.4800
v 35.9088 1010.0000 -69.7795
v 34.2028 1010.0000 -70.6488
v 32.8488 1010.0000 -72.0028
v 31.9795 1010.0000 -73.7088
v 31.6800 1010.0000 -75.6000
v 31.9795 1010.0000 -77.4912
v 32.8488 1010.0000 -79.1972
v 34.2028 1010.0000 -80.5512
v 35.9088 1010.0000 -81.4205
v 37.8000 1010.0000 -81.7200
v 39.6912 1010.0000 -81.4205
v 41.3972 1010.0000 -80.5512
v 42.7512 1010.0000 -79.1972
v 43.6205 1010.0000 -77.4912
v 43.9200 50.0000 -75.6000
v 43.6205 50.0000 -73.7088
v 42.7512 50.0000 -72.0028
v 41.3972 50.0000 -70.6488
v 39.6912 50.0000 -69.7795
v 37.8000 50.0000 -69.4800
v 35.9088 50.0000 -69.7795
v 34.2028 50.0000 -70.6488
v 32.8488 50.0000 -72.0028
v 31.9795 50.0000 -73.7088
v 31.6800 50.0000 -75.6000
v 31.9795 50.0000 -77.4912
v 32.8488 50.0000 -79.1972
v 34.2028 50.0000 -80.5512
v 35.9088 50.0000 -81.4205
v 37.8000 50.0000 -81.7200
v 39.6912 50.0000 -81.4205
v 41.3972 50.0000 -80.5512
v 42.7512 50.0000 -79.1972
v 43.6205 50.0000 -77.4912
v 43.9200 1010.0000 -75.6000
v 43.6205 1010.0000 -73.7088
v 42.7512 1010.0000 -72.0028
v 41.3972 1010.0000 -70.6488
v 39.6912 1010.0000 -69.7795
v 37.8000 1010.0000 -69.4800
v 35.9088 1010.0000 -69.7795
v 34.2028 1010.0000 -70.6488
v 32.8488 1010.0000 -72.0028
v 31.9795 1010.0000 -73.7088
v 31.6800 1010.0000 -75.6000
v 31.9795 1010.0000 -77.4912
v 32.8488 1010.0000 -79.1972
v 34.2028 1010.0000 -80.5512
v 35.9088 1010.0000 -81.4205
v 37.8000 1010.0000 -81.7200
v 39.6912 1010.0000 -81.4205
v 41.3972 1010.0000 -80.5512
v 42.7512 1010.0000 -79.1972
v 43.6205 1010.0000 -77.4912
v -56.8800 50.0000 -63.0000
v -57.1795 50.0000 -61.1088
v -58.0488 50.0000 -59.4028
v -59.4028 50.0000 -58.0488
v -61.1088 50.0000 -57.1795
v -63.0000 50.0000 -56.8800
v -64.8912 50.0000 -57.1795
v -66.5972 50.0000 -58.0488
v -67.9512 50.0000 -59.4028
v -68.8205 50.0000 -61.1088
v -69.1200 50.0000 -63.0000
v -68.8205 50.0000 -64.8912
v -67.9512 50.0000 -66.5972
v -66.5972 50.0000 -67.9512
v -64.8912 50.0000 -68.8205
v -63.0000 50.0000 -69.1200
v -61.1088 50.0000 -68.8205
v -59.4028 50.0000 -67.9512
v -58.0488 50.0000 -66.5972
v -57.1795 50.0000 -64.8912
v -56.8800 1010.0000 -63.0000
v -57.1795 1010.0000 -61.1088
v -58.0488 1010.0000 -59.4028
v -59.4028 1010.0000 -58.0488
v -61.1088 1010.0000 -57.1795
v -63.0000 1010.0000 -56.8800
v -64.8912 1010.0000 -57.1795
v -66.5972 1010.0000 -58.0488
v -67.9512 1010.0000 -59.4028
v -68.8205 1010.0000 -61.1088
v -69.1200 1010.0000 -63.0000
v -68.8205 1010.0000 -64.8912
v -67.9512 1010.0000 -66.5972
v -66.5972 1010.0000 -67.9512
v -64.8912 1010.0000 -68.8205
v -63.0000 1010.0000 -69.1200
v -61.1088 1010.0000 -68.8205
v -59.4028 1010.0000 -67.9512
v -58.0488 1010.0000 -66.5972
v -57.1795 1010.0000 -64.8912
v -56.8800 50.0000 -63.0000
v -57.1795 50.0000 -61.1088
v -58.0488 50.0000 -59.4028
v -59.4028 50.0000 -58.0488
v -61.1088 50.0000 -57.1795
v -63.0000 50.0000 -56.8800
v -64.8912 50.0000 -57.1795
v -66.5972 50.0000 -58.0488
v -67.9512 50.0000 -59.4028
v -68.8205 50.0000 -61.1088
v -69.1200 50.0000 -63.0000
v -68.8205 50.0000 -64.8912
v -67.9512 50.0000 -66.5972
v -66.5972 50.0000 -67.9512
v -64.8912 50.0000 -68.8205
v -63.0000 50.0000 -69.1200
v -61.1088 50.0000 -68.8205
v -59.4028 50.0000 -67.9512
v -58.0488 50.0000 -66.5972
v -57.1795 50.0000 -64.8912
v -56.8800 1010.0000 -63.0000
v -57.1795 1010.0000 -61.1088
v -58.0488 1010.0000 -59.4028
v -59.4028 1010.0000 -58.0488
v -61.1088 1010.0000 -57.1795
v -63.0000 1010.0000 -56.8800
v -64.8912 1010.0000 -57.1795
v -66.5972 1010.0000 -58.0488
v -67.9512 1010.0000 -59.4028
v -68.8205 1010.0000 -61.1088
v -69.1200 1010.0000 -63.0000
v -68.8205 1010.0000 -64.8912
v -67.9512 1010.0000 -66.5972
v -66.5972 1010.0000 -67.9512
v -64.8912 1010.0000 -68.8205
v -63.0000 1010.0000 -69.1200
v -61.1088 1010.0000 -68.8205
v -59.4028 1010.0000 -67.9512
v -58.0488 1010.0000 -66.5972
v -57.1795 1010.0000 -64.8912
v 69.1200 50.0000 -63.0000
v 68.8205 50.0000 -61.1088
v 67.9512 50.0000 -59.4028
v 66.5972 50.0000 -58.0488
v 64.8912 50.0000 -57.1795
v 63.0000 50.0000 -56.8800
v 61.1088 50.0000 -57.1795
v 59.4028 50.0000 -58.0488
v 58.0488 50.0000 -59.4028
v 57.1795 50.0000 -61.1088
v 56.8800 50.0000 -63.0000
v 57.1795 50.0000 -64.8912
v 58.0488 50.0000 -66.5972
v 59.4028 50.0000 -67.9512
v 61.1088 50.0000 -68.8205
v 63.0000 50.0000 -69.1200
v 64.8912 50.0000 -68.8205
v 66.5972 50.0000 -67.9512
v 67.9512 50.0000 -66.5972
v 68.8205 50.0000 -64.8912
v 69.1200 1010.0000 -63.0000
v 68.8205 1010.0000 -61.1088
v 67.9512 1010.0000 -59.4028
v 66.5972 1010.0000 -58.0488
v 64.8912 1010.0000 -57.1795
v 63.0000 1010.0000 -56.8800
v 61.1088 1010.0000 -57.1795
v 59.4028 1010.0000 -58.0488
v 58.0488 1010.0000 -59.4028
v 57.1795 1010.0000 -61.1088
v 56.8800 1010.0000 -63.0000
v 57.1795 1010.0000 -64.8912
v 58.0488 1010.0000 -66.5972
v 59.4028 1010.0000 -67.9512
v 61.1088 1010.0000 -68.8205
v 63.0000 1010.0000 -69.1200
v 64.8912 1010.0000 -68.8205
v 66.5972 1010.0000 -67.9512
v 67.9512 1010.0000 -66.5972
v 68.8205 1010.0000 -64.8912
v 69.1200 50.0000 -63.0000
v 68.8205 50.0000 -61.1088
v 67.9512 50.0000 -59.4028
v 66.5972 50.0000 -58.0488
v 64.8912 50.0000 -57.1795
v 63.0000 50.0000 -56.8800
v 61.1088 50.0000 -57.1795
v 59.4028 50.0000 -58.0488
v 58.0488 50.0000 -59.4028
v 57.1795 50.0000 -61.1088
v 56.8800 50.0000 -63.0000
v 57.1795 50.0000 -64.8912
v 58.0488 50.0000 -66.5972
v 59.4028 50.0000 -67.9512
v 61.1088 50.0000 -68.8205
v 63.0000 50.0000 -69.1200
v 64.8912 50.0000 -68.8205
v 66.5972 50.0000 -67.9512
v 67.9512 50.0000 -66.5972
v 68.8205 50.0000 -64.8912
v 69.1200 1010.0000 -63.0000
v 68.8205 1010.0000 -61.1088
v 67.9512 1010.0000 -59.4028
v 66.5972 1010.0000 -58.0488
v 64.8912 1010.0000 -57.1795
v 63.0000 1010.0000 -56.8800
v 61.1088 1010.0000 -57.1795
v 59.4028 1010.0000 -58.0488
v 58.0488 1010.0000 -59.4028
v 57.1795 1010.0000 -61.1088
v 56.8800 1010.0000 -63.0000
v 57.1795 1010.0000 -64.8912
v 58.0488 1010.0000 -66.5972
v 59.4028 1010.0000 -67.9512
v 61.1088 1010.0000 -68.8205
v 63.0000 1010.0000 -69.1200
v 64.8912 1010.0000 -68.8205
v 66.5972 1010.0000 -67.9512
v 67.9512 1010.0000 -66.5972
v 68.8205 1010.0000 -64.8912
v -69.4800 50.0000 -37.8000
v -69.7795 50.0000 -35.9088
v -70.6488 50.0000 -34.2028
v -72.0028 50.0000 -32.8488
v -73.7088 50.0000 -31.9795
v -75.6000 50.0000 -31.6800
v -77.4912 50.0000 -31.9795
v -79.1972 50.0000 -32.8488
v -80.5512 50.0000 -34.2028
v -81.4205 50.0000 -35.9088
v -81.7200 50.0000 -37.8000
v -81.4205 50.0000 -39.6912
v -80.5512 50.0000 -41.3972
v -79.1972 50.0000 -42.7512
v -77.4912 50.0000 -43.6205
v -75.6000 50.0000 -43.9200
v -73.7088 50.0000 -43.6205
v -72.0028 50.0000 -42.7512
v -70.6488 50.0000 -41.3972
v -69.7795 50.0000 -39.6912
v -69.4800 1010.0000 -37.8000
v -69.7795 1010.0000 -35.9088
v -70.6488 1010.0000 -34.2028
v -72.0028 1010.0000 -32.8488
v -73.7088 1010.0000 -31.9795
v -75.6000 1010.0000 -31.6800
v -77.4912 1010.0000 -31.9795
v -79.1972 1010.0000 -32.8488
v -80.5512 1010.0000 -34.2028
v -81.4205 1010.0000 -35.9088
v -81.7200 1010.0000 -37.8000
v -81.4205 1010.0000 -39.6912
v -80.5512 1010.0000 -41.3972
v -79.1972 1010.0000 -42.7512
v -77.4912 1010.0000 -43.6205
v -75.6000 1010.0000 -43.9200
v -73.7088 1010.0000 -43.6205
v -72.0028 1010.0000 -42.7512
v -70.6488 1010.0000 -41.3972
v -69.7795 1010.0000 -39.6912
v -69.4800 50.0000 -37.8000
v -69.7795 50.0000 -35.9088
v -70.6488 50.0000 -34.2028
v -72.0028 50.0000 -32.8488
v -73.7088 50.0000 -31.9795
v -75.6000 50.0000 -31.6800
v -77.4912 50.0000 -31.9795
v -79.1972 50.0000 -32.8488
v -80.5512 50.0000 -34.2028
v -81.4205 50.0000 -35.9088
v -81.7200 50.0000 -37.8000
v -81.4205 50.0000 -39.6912
v -80.5512 50.0000 -41.3972
v -79.1972 50.0000 -42.7512
v -77.4912 50.0000 -43.6205
v -75.6000 50.0000 -43.9200
v -73.7088 50.0000 -43.6205
v -72.0028 50.0000 -42.7512
v -70.6488 50.0000 -41.3972
v -69.7795 50.0000 -39.6912
v -69.4800 1010.0000 -37.8000
v -69.7795 1010.0000 -35.9088
v -70.6488 1010.0000 -34.2028
v -72.0028 1010.0000 -32.8488
v -73.7088 1010.0000 -31.9795
v -75.6000 1010.0000 -31.6800
v -77.4912 1010.0000 -31.9795
v -79.1972 1010.0000 -32.8488
v -80.5512 1010.0000 -34.2028
v -81.4205 1010.0000 -35.9088
v -81.7200 1010.0000 -37.8000
v -81.4205 1010.0000 -39.6912
v -80.5512 1010.0000 -41.3972
v -79.1972 1010.0000 -42.7512
v -77.4912 1010.0000 -43.6205
v -75.6000 1010.0000 -43.9200
v -73.7088 1010.0000 -43.6205
v -72.0028 1010.0000 -42.7512
v -70.6488 1010.0000 -41.3972
v -69.7795 1010.0000 -39.6912
v -31.6800 50.0000 -37.8000
v -31.9795 50.0000 -35.9088
v -32.8488 50.0000 -34.2028
v -34.2028 50.0000 -32.8488
v -35.9088 50.0000 -31.9795
v -37.8000 50.0000 -31.6800
v -39.6912 50.0000 -31.9795
v -41.3972 50.0000 -32.8488
v -42.7512 50.0000 -34.2028
v -43.6205 50.0000 -35.9088
v -43.9200 50.0000 -37.8000
v -43.6205 50.0000 -39.6912
v -42.7512 50.0000 -41.3972
v -41.3972 50.0000 -42.7512
v -39.6912 50.0000 -43.6205
v -37.8000 50.0000 -43.9200
v -35.9088 50.0000 -43.6205
v -34.2028 50.0000 -42.7512
v -32.8488 50.0000 -41.3972
v -31.9795 50.0000 -39.6912
v -31.6800 1010.0000 -37.8000
v -31.9795 1010.0000 -35.9088
v -32.8488 1010.0000 -34.2028
v -34.2028 1010.0000 -32.8488
v -35.9088 1010.0000 -31.9795
v -37.8000 1010.0000 -31.6800
v -39.6912 1010.0000 -31.9795
v -41.3972 1010.0000 -32.8488
v -42.7512 1010.0000 -34.2028
v -43.6205 1010.0000 -35.9088
v -43.9200 1010.0000 -37.8000
v -43.6205 1010.0000 -39.6912
v -42.7512 1010.0000 -41.3972
v -41.3972 1010.0000 -42.7512
v -39.6912 1010.0000 -43.6205
v -37.8000 1010.0000 -43.9200
v -35.9088 1010.0000 -43.6205
v -34.2028 1010.0000 -42.7512
v -32.8488 1010.0000 -41.3972
v -31.9795 1010.0000 -39.6912
v -31.6800 50.0000 -37.8000
v -31.9795 50.0000 -35.9088
v -32.8488 50.0000 -34.2028
v -34.2028 50.0000 -32.8488
v -35.9088 50.0000 -31.9795
v -37.8000 50.0000 -31.6800
v -39.6912 50.0000 -31.9795
v -41.3972 50.0000 -32.8488
v -42.7512 50.0000 -34.2028
v -43.6205 50.0000 -35.9088
v -43.9200 50.0000 -37.8000
v -43.6205 50.0000 -39.6912
v -42.7512 50.0000 -41.3972
v -41.3972 50.0000 -42.7512
v -39.6912 50.0000 -43.6205
v -37.8000 50.0000 -43.9200
v -35.9088 50.0000 -43.6205
v -34.2028 50.0000 -42.7512
v -32.8488 50.0000 -41.3972
v -31.9795 50.0000 -39.6912
v -31.6800 1010.0000 -37.8000
v -31.9795 1010.0000 -35.9088
v -32.8488 1010.0000 -34.2028
v -34.2028 1010.0000 -32.8488
v -35.9088 1010.0000 -31.9795
v -37.8000 1010.0000 -31.6800
v -39.6912 1010.0000 -31.9795
v -41.3972 1010.0000 -32.8488
v -42.7512 1010.0000 -34.2028
v -43.6205 1010.0000 -35.9088
v -43.9200 1010.0000 -37.8000
v -43.6205 1010.0000 -39.6912
v -42.7512 1010.0000 -41.3972
v -41.3972 1010.0000 -42.7512
v -39.6912 1010.0000 -43.6205
v -37.8000 1010.0000 -43.9200
v -35.9088 1010.0000 -43.6205
v -34.2028 1010.0000 -42.7512
v -32.8488 1010.0000 -41.3972
v -31.9795 1010.0000 -39.6912
v 6.1200 50.0000 -37.8000
v 5.8205 50.0000 -35.9088
v 4.9512 50.0000 -34.2028
v 3.5972 50.0000 -32.8488
v 1.8912 50.0000 -31.9795
v 0.0000 50.0000 -31.6800
v -1.8912 50.0000 -31.9795
v -3.5972 50.0000 -32.8488
v -4.9512 50.0000 -34.2028
v -5.8205 50.0000 -35.9088
v -6.1200 50.0000 -37.8000
v -5.8205 50.0000 -39.6912
v -4.9512 50.0000 -41.3972
v -3.5972 50.0000 -42.7512
v -1.8912 50.0000 -43.6205
v -0.0000 50.0000 -43.9200
v 1.8912 50.0000 -43.6205
v 3.5972 50.0000 -42.7512
v 4.9512 50.0000 -41.3972
v 5.8205 50.0000 -39.6912
v 6.1200 1010.0000 -37.8000
v 5.8205 1010.0000 -35.9088
v 4.9512 1010.0000 -34.2028
v 3.5972 1010.0000 -32.8488
v 1.8912 1010.0000 -31.9795
v 0.0000 1010.0000 -31.6800
v -1.8912 1010.0000 -31.9795
v -3.5972 1010.0000 -32.8488
v -4.9512 1010.0000 -34.2028
v -5.8205 1010.0000 -35.9088
v -6.1200 1010.0000 -37.8000
v -5.8205 1010.0000 -39.6912
v -4.9512 1010.0000 -41.3972
v -3.5972 1010.0000 -42.7512
v -1.8912 1010.0000 -43.6205
v -0.0000 1010.0000 -43.9200
v 1.8912 1010.0000 -43.6205
v 3.5972 1010.0000 -42.7512
v 4.9512 1010.0000 -41.3972
v 5.8205 1010.0000 -39.6912
v 6.1200 50.0000 -37.8000
v 5.8205 50.0000 -35.9088
v 4.9512 50.0000 -34.2028
v 3.5972 50.0000 -32.8488
v 1.8912 50.0000 -31.9795
v 0.0000 50.0000 -31.6800
v -1.8912 50.0000 -31.9795
v -3.5972 50.0000 -32.8488
v -4.9512 50.0000 -34.2028
v -5.8205 50.0000 -35.9088
v -6.1200 50.0000 -37.8000
v -5.8205 50.0000 -39.6912
v -4.9512 50.0000 -41.3972
v -3.5972 50.0000 -42.7512
v -1.8912 50.0000 -43.6205
v -0.0000 50.0000 -43.9200
v 1.8912 50.0000 -43.6205
v 3.5972 50.0000 -42.7512
v 4.9512 50.0000 -41.3972
v 5.8205 50.0000 -39.6912
v 6.1200 1010.0000 -37.8000
v 5.8205 1010.0000 -35.9088
v 4.9512 1010.0000 -34.2028
v 3.5972 1010.0000 -32.8488
v 1.8912 1010.0000 -31.9795
v 0.0000 1010.0000 -31.6800
v -1.8912 1010.0000 -31.9795
v -3.5972 1010.0000 -32.8488
v -4.9512 1010.0000 -34.2028
v -5.8205 1010.0000 -35.9088
v -6.1200 1010.0000 -37.8000
v -5.8205 1010.0000 -39.6912
v -4.9512 1010.0000 -41.3972
v -3.5972 1010.0000 -42.7512
v -1.8912 1010.0000 -43.6205
v -0.0000 1010.0000 -43.9200
v 1.8912 1010.0000 -43.6205
v 3.5972 1010.0000 -42.7512
v 4.9512 1010.0000 -41.3972
v 5.8205 1010.0000 -39.6912
v 43.9200 50.0000 -37.8000
v 43.6205 50.0000 -35.9088
v 42.7512 50.0000 -34.2028
v 41.3972 50.0000 -32.8488
v 39.6912 50.0000 -31.9795
v 37.8000 50.0000 -31.6800
v 35.9088 50.0000 -31.9795
v 34.2028 50.0000 -32.8488
v 32.8488 50.0000 -34.2028
v 31.9795 50.0000 -35.9088
v 31.6800 50.0000 -37.8000
v 31.9795 50.0000 -39.6912
v 32.8488 50.0000 -41.3972
v 34.2028 50.0000 -42.7512
v 35.9088 50.0000 -43.6205
v 37.8000 50.0000 -43.9200
v 39.6912 50.0000 -43.6205
v 41.3972 50.0000 -42.7512
v 42.7512 50.0000 -41.3972
v 43.6205 50.0000 -39.6912
v 43.9200 1010.0000 -37.8000
v 43.6205 1010.0000 -35.9088
v 42.7512 1010.0000 -34.2028
v 41.3972 1010.0000 -32.8488
v 39.6912 1010.0000 -31.9795
v 37.8000 1010.0000 -31.6800
v 35.9088 1010.0000 -31.9795
v 34.2028 1010.0000 -32.8488
v 32.8488 1010.0000 -34.2028
v 31.9795 1010.0000 -35.9088
v 31.6800 1010.0000 -37.8000
v 31.9795 1010.0000 -39.6912
v 32.8488 1010.0000 -41.3972
v 34.2028 1010.0000 -42.7512
v 35.9088 1010.0000 -43.6205
v 37.8000 1010.0000 -43.9200
v 39.6912 1010.0000 -43.6205
v 41.3972 1010.0000 -42.7512
v 42.7512 1010.0000 -41.3972
v 43.6205 1010.0000 -39.6912
v 43.9200 50.0000 -37.8000
v 43.6205 50.0000 -35.9088
v 42.7512 50.0000 -34.2028
v 41.3972 50.0000 -32.8488
v 39.6912 50.0000 -31.9795
v 37.8000 50.0000 -31.6800
v 35.9088 50.0000 -31.9795
v 34.2028 50.0000 -32.8488
v 32.8488 50.0000 -34.2028
v 31.9795 50.0000 -35.9088
v 31.6800 50.0000 -37.8000
v 31.9795 50.0000 -39.6912
v 32.8488 50.0000 -41.3972
v 34.2028 50.0000 -42.7512
v 35.9088 50.0000 -43.6205
v 37.8000 50.0000 -43.9200
v 39.6912 50.0000 -43.6205
v 41.3972 50.0000 -42.7512
v 42.7512 50.0000 -41.3972
v 43.6205 50.0000 -39.6912
v 43.9200 1010.0000 -37.8000
v 43.6205 1010.0000 -35.9088
v 42.7512 1010.0000 -34.2028
v 41.3972 1010.0000 -32.8488
v 39.6912 1010.0000 -31.9795
v 37.8000 1010.0000 -31.6800
v 35.9088 1010.0000 -31.9795
v 34.2028 1010.0000 -32.8488
v 32.8488 1010.0000 -34.2028
v 31.9795 1010.0000 -35.9088
v 31.6800 1010.0000 -37.8000
v 31.9795 1010.0000 -39.6912
v 32.8488 1010.0000 -41.3972
v 34.2028 1010.0000 -42.7512
v 35.9088 1010.0000 -43.6205
v 37.8000 1010.0000 -43.9200
v 39.6912 1010.0000 -43.6205
v 41.3972 1010.0000 -42.7512
v 42.7512 1010.0000 -41.3972
v 43.6205 1010.0000 -39.6912
v 81.7200 50.0000 -37.8000
v 81.4205 50.0000 -35.9088
v 80.5512 50.0000 -34.2028
v 79.1972 50.0000 -32.8488
v 77.4912 50.0000 -31.9795
v 75.6000 50.0000 -31.6800
v 73.7088 50.0000 -31.9795
v 72.0028 50.0000 -32.8488
v 70.6488 50.0000 -34.2028
v 69.7795 50.0000 -35.9088
v 69.4800 50.0000 -37.8000
v 69.7795 50.0000 -39.6912
v 70.6488 50.0000 -41.3972
v 72.0028 50.0000 -42.7512
v 73.7088 50.0000 -43.6205
v 75.6000 50.0000 -43.9200
v 77.4912 50.0000 -43.6205
v 79.1972 50.0000 -42.7512
v 80.5512 50.0000 -41.3972
v 81.4205 50.0000 -39.6912
v 81.7200 1010.0000 -37.8000
v 81.4205 1010.0000 -35.9088
v 80.5512 1010.0000 -34.2028
v 79.1972 1010.0000 -32.8488
v 77.4912 1010.0000 -31.9795
v 75.6000 1010.0000 -31.6800
v 73.7088 1010.0000 -31.9795
v 72.0028 1010.0000 -32.8488
v 70.6488 1010.0000 -34.2028
v 69.7795 1010.0000 -35.9088
v 69.4800 1010.0000 -37.8000
v 69.7795 1010.0000 -39.6912
v 70.6488 1010.0000 -41.3972
v 72.0028 1010.0000 -42.7512
v 73.7088 1010.0000 -43.6205
v 75.6000 1010.0000 -43.9200
v 77.4912 1010.0000 -43.6205
v 79.1972 1010.0000 -42.7512
v 80.5512 1010.0000 -41.3972
v 81.4205 1010.0000 -39.6912
v 81.7200 50.0000 -37.8000
v 81.4205 50.0000 -35.9088
v 80.5512 50.0000 -34.2028
v 79.1972 50.0000 -32.8488
v 77.4912 50.0000 -31.9795
v 75.6000 50.0000 -31.6800
v 73.7088 50.0000 -31.9795
v 72.0028 50.0000 -32.8488
v 70.6488 50.0000 -34.2028
v 69.7795 50.0000 -35.9088
v 69.4800 50.0000 -37.8000
v 69.7795 50.0000 -39.6912
v 70.6488 50.0000 -41.3972
v 72.0028 50.0000 -42.7512
v 73.7088 50.0000 -43.6205
v 75.6000 50.0000 -43.9200
v 77.4912 50.0000 -43.6205
v 79.1972 50.0000 -42.7512
v 80.5512 50.0000 -41.3972
v 81.4205 50.0000 -39.6912
v 81.7200 1010.0000 -37.8000
v 81.4205 1010.0000 -35.9088
v 80.5512 1010.0000 -34.2028
v 79.1972 1010.0000 -32.8488
v 77.4912 1010.0000 -31.9795
v 75.6000 1010.0000 -31.6800
v 73.7088 1010.0000 -31.9795
v 72.0028 1010.0000 -32.8488
v 70.6488 1010.0000 -34.2028
v 69.7795 1010.0000 -35.9088
v 69.4800 1010.0000 -37.8000
v 69.7795 1010.0000 -39.6912
v 70.6488 1010.0000 -41.3972
v 72.0028 1010.0000 -42.7512
v 73.7088 1010.0000 -43.6205
v 75.6000 1010.0000 -43.9200
v 77.4912 1010.0000 -43.6205
v 79.1972 1010.0000 -42.7512
v 80.5512 1010.0000 -41.3972
v 81.4205 1010.0000 -39.6912
v -69.4800 50.0000 0.0000
v -69.7795 50.0000 1.8912
v -70.6488 50.0000 3.5972
v -72.0028 50.0000 4.9512
v -73.7088 50.0000 5.8205
v -75.6000 50.0000 6.1200
v -77.4912 50.0000 5.8205
v -79.1972 50.0000 4.9512
v -80.5512 50.0000 3.5972
v -81.4205 50.0000 1.8912
v -81.7200 50.0000 0.0000
v -81.4205 50.0000 -1.8912
v -80.5512 50.0000 -3.5972
v -79.1972 50.0000 -4.9512
v -77.4912 50.0000 -5.8205
v -75.6000 50.0000 -6.1200
v -73.7088 50.0000 -5.8205
v -72.0028 50.0000 -4.9512
v -70.6488 50.0000 -3.5972
v -69.7795 50.0000 -1.8912
v -69.4800 1010.0000 0.0000
v -69.7795 1010.0000 1.8912
v -70.6488 1010.0000 3.5972
v -72.0028 1010.0000 4.9512
v -73.7088 1010.0000 5.8205
v -75.6000 1010.0000 6.1200
v -77.4912 1010.0000 5.8205
v -79.1972 1010.0000 4.9512
v -80.5512 1010.0000 3.5972
v -81.4205 1010.0000 1.8912
v -81.7200 1010.0000 0.0000
v -81.4205 1010.0000 -1.8912
v -80.5512 1010.0000 -3.5972
v -79.1972 1010.0000 -4.9512
v -77.4912 1010.0000 -5.8205
v -75.6000 1010.0000 -6.1200
v -73.7088 1010.0000 -5.8205
v -72.0028 1010.0000 -4.9512
v -70.6488 1010.0000 -3.5972
v -69.7795 1010.0000 -1.8912
v -69.4800 50.0000 0.0000
v -69.7795 50.0000 1.8912
v -70.6488 50.0000 3.5972
v -72.0028 50.0000 4.9512
v -73.7088 50.0000 5.8205
v -75.6000 50.0000 6.1200
v -77.4912 50.0000 5.8205
v -79.1972 50.0000 4.9512
v -80.5512 50.0000 3.5972
v -81.4205 50.0000 1.8912
v -81.7200 50.0000 0.0000
v -81.4205 50.0000 -1.8912
v -80.5512 50.0000 -3.5972
v -79.1972 50.0000 -4.9512
v -77.4912 50.0000 -5.8205
v -75.6000 50.0000 -6.1200
v -73.7088 50.0000 -5.8205
v -72.0028 50.0000 -4.9512
v -70.6488 50.0000 -3.5972
v -69.7795 50.0000 -1.8912
v -69.4800 1010.0000 0.0000
v -69.7795 1010.0000 1.8912
v -70.6488 1010.0000 3.5972
v -72.0028 1010.0000 4.9512
v -73.7088 1010.0000 5.8205
v -75.6000 1010.0000 6.1200
v -77.4912 1010.0000 5.8205
v -79.1972 1010.0000 4.9512
v -80.5512 1010.0000 3.5972
v -81.4205 1010.0000 1.8912
v -81.7200 1010.0000 0.0000
v -81.4205 1010.0000 -1.8912
v -80.5512 1010.0000 -3.5972
v -79.1972 1010.0000 -4.9512
v -77.4912 1010.0000 -5.8205
v -75.6000 1010.0000 -6.1200
v -73.7088 1010.0000 -5.8205
v -72.0028 1010.0000 -4.9512
v -70.6488 1010.0000 -3.5972
v -69.7795 1010.0000 -1.8912
v -31.6800 50.0000 0.0000
v -31.9795 50.0000 1.8912
v -32.8488 50.0000 3.5972
v -34.2028 50.0000 4.9512
v -35.9088 50.0000 5.8205
v -37.8000 50.0000 6.1200
v -39.6912 50.0000 5.8205
v -41.3972 50.0000 4.9512
v -42.7512 50.0000 3.5972
v -43.6205 50.0000 1.8912
v -43.9200 50.0000 0.0000
v -43.6205 50.0000 -1.8912
v -42.7512 50.0000 -3.5972
v -41.3972 50.0000 -4.9512
v -39.6912 50.0000 -5.8205
v -37.8000 50.0000 -6.1200
v -35.9088 50.0000 -5.8205
v -34.2028 50.0000 -4.9512
v -32.8488 50.0000 -3.5972
v -31.9795 50.0000 -1.8912
v -31.6800 1010.0000 0.0000
v -31.9795 1010.0000 1.8912
v -32.8488 1010.0000 3.5972
v -34.2028 1010.0000 4.9512
v -35.9088 1010.0000 5.8205
v -37.8000 1010.0000 6.1200
v -39.6912 1010.0000 5.8205
v -41.3972 1010.0000 4.9512
v -42.7512 1010.0000 3.5972
v -43.6205 1010.0000 1.8912
v -43.9200 1010.0000 0.0000
v -43.6205 1010.0000 -1.8912
v -42.7512 1010.0000 -3.5972
v -41.3972 1010.0000 -4.9512
v -39.6912 1010.0000 -5.8205
v -37.8000 1010.0000 -6.1200
v -35.9088 1010.0000 -5.8205
v -34.2028 1010.0000 -4.9512
v -32.8488 1010.0000 -3.5972
v -31.9795 1010.0000 -1.8912
v -31.6800 50.0000 0.0000
v -31.9795 50.0000 1.8912
v -32.8488 50.0000 3.5972
v -34.2028 50.0000 4.9512
v -35.9088 50.0000 5.8205
v -37.8000 50.0000 6.1200
v -39.6912 50.0000 5.8205
v -41.3972 50.0000 4.9512
v -42.7512 50.0000 3.5972
v -43.6205 50.0000 1.8912
v -43.9200 50.0000 0.0000
v -43.6205 50.0000 -1.8912
v -42.7512 50.0000 -3.5972
v -41.3972 50.0000 -4.9512
v -39.6912 50.0000 -5.8205
v -37.8000 50.0000 -6.1200
v -35.9088 50.0000 -5.8205
v -34.2028 50.0000 -4.9512
v -32.8488 50.0000 -3.5972
v -31.9795 50.0000 -1.8912
v -31.6800 1010.0000 0.0000
v -31.9795 1010.0000 1.8912
v -32.8488 1010.0000 3.5972
v -34.2028 1010.0000 4.9512
v -35.9088 1010.0000 5.8205
v -37.8000 1010.0000 6.1200
v -39.6912 1010.0000 5.8205
v -41.3972 1010.0000 4.9512
v -42.7512 1010.0000 3.5972
v -43.6205 1010.0000 1.8912
v -43.9200 1010.0000 0.0000
v -43.6205 1010.0000 -1.8912
v -42.7512 1010.0000 -3.5972
v -41.3972 1010.0000 -4.9512
v -39.6912 1010.0000 -5.8205
v -37.8000 1010.0000 -6.1200
v -35.9088 1010.0000 -5.8205
v -34.2028 1010.0000 -4.9512
v -32.8488 1010.0000 -3.5972
v -31.9795 1010.0000 -1.8912
v 6.1200 50.0000 0.0000
v 5.8205 50.0000 1.8912
v 4.9512 50.0000 3.5972
v 3.5972 50.0000 4.9512
v 1.8912 50.0000 5.8205
v 0.0000 50.0000 6.1200
v -1.8912 50.0000 5.8205
v -3.5972 50.0000 4.9512
v -4.9512 50.0000 3.5972
v -5.8205 50.0000 1.8912
v -6.1200 50.0000 0.0000
v -5.8205 50.0000 -1.8912
v -4.9512 50.0000 -3.5972
v -3.5972 50.0000 -4.9512
v -1.8912 50.0000 -5.8205
v -0.0000 50.0000 -6.1200
v 1.8912 50.0000 -5.8205
v 3.5972 50.0000 -4.9512
v 4.9512 50.0000 -3.5972
v 5.8205 50.0000 -1.8912
v 6.1200 1010.0000 0.0000
v 5.8205 1010.0000 1.8912
v 4.9512 1010.0000 3.5972
v 3.5972 1010.0000 4.9512
v 1.8912 1010.0000 5.8205
v 0.0000 1010.0000 6.1200
v -1.8912 1010.0000 5.8205
v -3.5972 1010.0000 4.9512
v -4.9512 1010.0000 3.5972
v -5.8205 1010.0000 1.8912
v -6.1200 1010.0000 0.0000
v -5.8205 1010.0000 -1.8912
v -4.9512 1010.0000 -3.5972
v -3.5972 1010.0000 -4.9512
v -1.8912 1010.0000 -5.8205
v -0.0000 1010.0000 -6.1200
v 1.8912 1010.0000 -5.8205
v 3.5972 1010.0000 -4.9512
v 4.9512 1010.0000 -3.5972
v 5.8205 1010.0000 -1.8912
v 6.1200 50.0000 0.0000
v 5.8205 50.0000 1.8912
v 4.9512 50.0000 3.5972
v 3.5972 50.0000 4.9512
v 1.8912 50.0000 5.8205
v 0.0000 50.0000 6.1200
v -1.8912 50.0000 5.8205
v -3.5972 50.0000 4.9512
v -4.9512 50.0000 3.5972
v -5.8205 50.0000 1.8912
v -6.1200 50.0000 0.0000
v -5.8205 50.0000 -1.8912
v -4.9512 50.0000 -3.5972
v -3.5972 50.0000 -4.9512
v -1.8912 50.0000 -5.8205
v -0.0000 50.0000 -6.1200
v 1.8912 50.0000 -5.8205
v 3.5972 50.0000 -4.9512
v 4.9512 50.0000 -3.5972
v 5.8205 50.0000 -1.8912
v 6.1200 1010.0000 0.0000
v 5.8205 1010.0000 1.8912
v 4.9512 1010.0000 3.5972
v 3.5972 1010.0000 4.9512
v 1.8912 1010.0000 5.8205
v 0.0000 1010.0000 6.1200
v -1.8912 1010.0000 5.8205
v -3.5972 1010.0000 4.9512
v -4.9512 1010.0000 3.5972
v -5.8205 1010.0000 1.8912
v -6.1200 1010.0000 0.0000
v -5.8205 1010.0000 -1.8912
v -4.9512 1010.0000 -3.5972
v -3.5972 1010.0000 -4.9512
v -1.8912 1010.0000 -5.8205
v -0.0000 1010.0000 -6.1200
v 1.8912 1010.0000 -5.8205
v 3.5972 1010.0000 -4.9512
v 4.9512 1010.0000 -3.5972
v 5.8205 1010.0000 -1.8912
v 43.9200 50.0000 0.0000
v 43.6205 50.0000 1.8912
v 42.7512 50.0000 3.5972
v 41.3972 50.0000 4.9512
v 39.6912 50.0000 5.8205
v 37.8000 50.0000 6.1200
v 35.9088 50.0000 5.8205
v 34.2028 50.0000 4.9512
v 32.8488 50.0000 3.5972
v 31.9795 50.0000 1.8912
v 31.6800 50.0000 0.0000
v 31.9795 50.0000 -1.8912
v 32.8488 50.0000 -3.5972
v 34.2028 50.0000 -4.9512
v 35.9088 50.0000 -5.8205
v 37.8000 50.0000 -6.1200
v 39.6912 50.0000 -5.8205
v 41.3972 50.0000 -4.9512
v 42.7512 50.0000 -3.5972
v 43.6205 50.0000 -1.8912
v 43.9200 1010.0000 0.0000
v 43.6205 1010.0000 1.8912
v 42.7512 1010.0000 3.5972
v 41.3972 1010.0000 4.9512
v 39.6912 1010.0000 5.8205
v 37.8000 1010.0000 6.1200
v 35.9088 1010.0000 5.8205
v 34.2028 1010.0000 4.9512
v 32.8488 1010.0000 3.5972
v 31.9795 1010.0000 1.8912
v 31.6800 1010.0000 0.0000
v 31.9795 1010.0000 -1.8912
v 32.8488 1010.0000 -3.5972
v 34.2028 1010.0000 -4.9512
v 35.9088 1010.0000 -5.8205
v 37.8000 1010.0000 -6.1200
v 39.6912 1010.0000 -5.8205
v 41.3972 1010.0000 -4.9512
v 42.7512 1010.0000 -3.5972
v 43.6205 1010.0000 -1.8912
v 43.9200 50.0000 0.0000
v 43.6205 50.0000 1.8912
v 42.7512 50.0000 3.5972
v 41.3972 50.0000 4.9512
v 39.6912 50.0000 5.8205
v 37.8000 50.0000 6.1200
v 35.9088 50.0000 5.8205
v 34.2028 50.0000 4.9512
v 32.8488 50.0000 3.5972
v 31.9795 50.0000 1.8912
v 31.6800 50.0000 0.0000
v 31.9795 50.0000 -1.8912
v 32.8488 50.0000 -3.5972
v 34.2028 50.0000 -4.9512
v 35.9088 50.0000 -5.8205
v 37.8000 50.0000 -6.1200
v 39.6912 50.0000 -5.8205
v 41.3972 50.0000 -4.9512
v 42.7512 50.0000 -3.5972
v 43.6205 50.0000 -1.8912
v 43.9200 1010.0000 0.0000
v 43.6205 1010.0000 1.8912
v 42.7512 1010.0000 3.5972
v 41.3972 1010.0000 4.9512
v 39.6912 1010.0000 5.8205
v 37.8000 1010.0000 6.1200
v 35.9088 1010.0000 5.8205
v 34.2028 1010.0000 4.9512
v 32.8488 1010.0000 3.5972
v 31.9795 1010.0000 1.8912
v 31.6800 1010.0000 0.0000
v 31.9795 1010.0000 -1.8912
v 32.8488 1010.0000 -3.5972
v 34.2028 1010.0000 -4.9512
v 35.9088 1010.0000 -5.8205
v 37.8000 1010.0000 -6.1200
v 39.6912 1010.0000 -5.8205
v 41.3972 1010.0000 -4.9512
v 42.7512 1010.0000 -3.5972
v 43.6205 1010.0000 -1.8912
v 81.7200 50.0000 0.0000
v 81.4205 50.0000 1.8912
v 80.5512 50.0000 3.5972
v 79.1972 50.0000 4.9512
v 77.4912 50.0000 5.8205
v 75.6000 50.0000 6.1200
v 73.7088 50.0000 5.8205
v 72.0028 50.0000 4.9512
v 70.6488 50.0000 3.5972
v 69.7795 50.0000 1.8912
v 69.4800 50.0000 0.0000
v 69.7795 50.0000 -1.8912
v 70.6488 50.0000 -3.5972
v 72.0028 50.0000 -4.9512
v 73.7088 50.0000 -5.8205
v 75.6000 50.0000 -6.1200
v 77.4912 50.0000 -5.8205
v 79.1972 50.0000 -4.9512
v 80.5512 50.0000 -3.5972
v 81.4205 50.0000 -1.8912
v 81.7200 1010.0000 0.0000
v 81.4205 1010.0000 1.8912
v 80.5512 1010.0000 3.5972
v 79.1972 1010.0000 4.9512
v 77.4912 1010.0000 5.8205
v 75.6000 1010.0000 6.1200
v 73.7088 1010.0000 5.8205
v 72.0028 1010.0000 4.9512
v 70.6488 1010.0000 3.5972
v 69.7795 1010.0000 1.8912
v 69.4800 1010.0000 0.0000
v 69.7795 1010.0000 -1.8912
v 70.6488 1010.0000 -3.5972
v 72.0028 1010.0000 -4.9512
v 73.7088 1010.0000 -5.8205
v 75.6000 1010.0000 -6.1200
v 77.4912 1010.0000 -5.8205
v 79.1972 1010.0000 -4.9512
v 80.5512 1010.0000 -3.5972
v 81.4205 1010.0000 -1.8912
v 81.7200 50.0000 0.0000
v 81.4205 50.0000 1.8912
v 80.5512 50.0000 3.5972
v 79.1972 50.0000 4.9512
v 77.4912 50.0000 5.8205
v 75.6000 50.0000 6.1200
v 73.7088 50.0000 5.8205
v 72.0028 50.0000 4.9512
v 70.6488 50.0000 3.5972
v 69.7795 50.0000 1.8912
v 69.4800 50.0000 0.0000
v 69.7795 50.0000 -1.8912
v 70.6488 50.0000 -3.5972
v 72.0028 50.0000 -4.9512
v 73.7088 50.0000 -5.8205
v 75.6000 50.0000 -6.1200
v 77.4912 50.0000 -5.8205
v 79.1972 50.0000 -4.9512
v 80.5512 50.0000 -3.5972
v 81.4205 50.0000 -1.8912
v 81.7200 1010.0000 0.0000
v 81.4205 1010.0000 1.8912
v 80.5512 1010.0000 3.5972
v 79.1972 1010.0000 4.9512
v 77.4912 1010.0000 5.8205
v 75.6000 1010.0000 6.1200
v 73.7088 1010.0000 5.8205
v 72.0028 1010.0000 4.9512
v 70.6488 1010.0000 3.5972
v 69.7795 1010.0000 1.8912
v 69.4800 1010.0000 0.0000
v 69.7795 1010.0000 -1.8912
v 70.6488 1010.0000 -3.5972
v 72.0028 1010.0000 -4.9512
v 73.7088 1010.0000 -5.8205
v 75.6000 1010.0000 -6.1200
v 77.4912 1010.0000 -5.8205
v 79.1972 1010.0000 -4.9512
v 80.5512 1010.0000 -3.5972
v 81.4205 1010.0000 -1.8912
v -69.4800 50.0000 37.8000
v -69.7795 50.0000 39.6912
v -70.6488 50.0000 41.3972
v -72.0028 50.0000 42.7512
v -73.7088 50.0000 43.6205
v -75.6000 50.0000 43.9200
v -77.4912 50.0000 43.6205
v -79.1972 50.0000 42.7512
v -80.5512 50.0000 41.3972
v -81.4205 50.0000 39.6912
v -81.7200 50.0000 37.8000
v -81.4205 50.0000 35.9088
v -80.5512 50.0000 34.2028
v -79.1972 50.0000 32.8488
v -77.4912 50.0000 31.9795
v -75.6000 50.0000 31.6800
v -73.7088 50.0000 31.9795
v -72.0028 50.0000 32.8488
v -70.6488 50.0000 34.2028
v -69.7795 50.0000 35.9088
v -69.4800 1010.0000 37.8000
v -69.7795 1010.0000 39.6912
v -70.6488 1010.0000 41.3972
v -72.0028 1010.0000 42.7512
v -73.7088 1010.0000 43.6205
v -75.6000 1010.0000 43.9200
v -77.4912 1010.0000 43.6205
v -79.1972 1010.0000 42.7512
v -80.5512 1010.0000 41.3972
v -81.4205 1010.0000 39.6912
v -81.7200 1010.0000 37.8000
v -81.4205 1010.0000 35.9088
v -80.5512 1010.0000 34.2028
v -79.1972 1010.0000 32.8488
v -77.4912 1010.0000 31.9795
v -75.6000 1010.0000 31.6800
v -73.7088 1010.0000 31.9795
v -72.0028 1010.0000 32.8488
v -70.6488 1010.0000 34.2028
v -69.7795 1010.0000 35.9088
v -69.4800 50.0000 37.8000
v -69.7795 50.0000 39.6912
v -70.6488 50.0000 41.3972
v -72.0028 50.0000 42.7512
v -73.7088 50.0000 43.6205
v -75.6000 50.0000 43.9200
v -77.4912 50.0000 43.6205
v -79.1972 50.0000 42.7512
v -80.5512 50.0000 41.3972
v -81.4205 50.0000 39.6912
v -81.7200 50.0000 37.8000
v -81.4205 50.0000 35.9088
v -80.5512 50.0000 34.2028
v -79.1972 50.0000 32.8488
v -77.4912 50.0000 31.9795
v -75.6000 50.0000 31.6800
v -73.7088 50.0000 31.9795
v -72.0028 50.0000 32.8488
v -70.6488 50.0000 34.2028
v -69.7795 50.0000 35.9088
v -69.4800 1010.0000 37.8000
v -69.7795 1010.0000 39.6912
v -70.6488 1010.0000 41.3972
v -72.0028 1010.0000 42.7512
v -73.7088 1010.0000 43.6205
v -75.6000 1010.0000 43.9200
v -77.4912 1010.0000 43.6205
v -79.1972 1010.0000 42.7512
v -80.5512 1010.0000 41.3972
v -81.4205 1010.0000 39.6912
v -81.7200 1010.0000 37.8000
v -81.4205 1010.0000 35.9088
v -80.5512 1010.0000 34.2028
v -79.1972 1010.0000 32.8488
v -77.4912 1010.0000 31.9795
v -75.6000 1010.0000 31.6800
v -73.7088 1010.0000 31.9795
v -72.0028 1010.0000 32.8488
v -70.6488 1010.0000 34.2028
v -69.7795 1010.0000 35.9088
v -31.6800 50.0000 37.8000
v -31.9795 50.0000 39.6912
v -32.8488 50.0000 41.3972
v -34.2028 50.0000 42.7512
v -35.9088 50.0000 43.6205
v -37.8000 50.0000 43.9200
v -39.6912 50.0000 43.6205
v -41.3972 50.0000 42.7512
v -42.7512 50.0000 41.3972
v -43.6205 50.0000 39.6912
v -43.9200 50.0000 37.8000
v -43.6205 50.0000 35.9088
v -42.7512 50.0000 34.2028
v -41.3972 50.0000 32.8488
v -39.6912 50.0000 31.9795
v -37.8000 50.0000 31.6800
v -35.9088 50.0000 31.9795
v -34.2028 50.0000 32.8488
v -32.8488 50.0000 34.2028
v -31.9795 50.0000 35.9088
v -31.6800 1010.0000 37.8000
v -31.9795 1010.0000 39.6912
v -32.8488 1010.0000 41.3972
v -34.2028 1010.0000 42.7512
v -35.9088 1010.0000 43.6205
v -37.8000 1010.0000 43.9200
v -39.6912 1010.0000 43.6205
v -41.3972 1010.0000 42.7512
v -42.7512 1010.0000 41.3972
v -43.6205 1010.0000 39.6912
v -43.9200 1010.0000 37.8000
v -43.6205 1010.0000 35.9088
v -42.7512 1010.0000 34.2028
v -41.3972 1010.0000 32.8488
v -39.6912 1010.0000 31.9795
v -37.8000 1010.0000 31.6800
v -35.9088 1010.0000 31.9795
v -34.2028 1010.0000 32.8488
v -32.8488 1010.0000 34.2028
v -31.9795 1010.0000 35.9088
v -31.6800 50.0000 37.8000
v -31.9795 50.0000 39.6912
v -32.8488 50.0000 41.3972
v -34.2028 50.0000 42.7512
v -35.9088 50.0000 43.6205
v -37.8000 50.0000 43.9200
v -39.6912 50.0000 43.6205
v -41.3972 50.0000 42.7512
v -42.7512 50.0000 41.3972
v -43.6205 50.0000 39.6912
v -43.9200 50.0000 37.8000
v -43.6205 50.0000 35.9088
v -42.7512 50.0000 34.2028
v -41.3972 50.0000 32.8488
v -39.6912 50.0000 31.9795
v -37.8000 50.0000 31.6800
v -35.9088 50.0000 31.9795
v -34.2028 50.0000 32.8488
v -32.8488 50.0000 34.2028
v -31.9795 50.0000 35.9088
v -31.6800 1010.0000 37.8000
v -31.9795 1010.0000 39.6912
v -32.8488 1010.0000 41.3972
v -34.2028 1010.0000 42.7512
v -35.9088 1010.0000 43.6205
v -37.8000 1010.0000 43.9200
v -39.6912 1010.0000 43.6205
v -41.3972 1010.0000 42.7512
v -42.7512 1010.0000 41.3972
v -43.6205 1010.0000 39.6912
v -43.9200 1010.0000 37.8000
v -43.6205 1010.0000 35.9088
v -42.7512 1010.0000 34.2028
v -41.3972 1010.0000 32.8488
v -39.6912 1010.0000 31.9795
v -37.8000 1010.0000 31.6800
v -35.9088 1010.0000 31.9795
v -34.2028 1010.0000 32.8488
v -32.8488 1010.0000 34.2028
v -31.9795 1010.0000 35.9088
v 6.1200 50.0000 37.8000
v 5.8205 50.0000 39.6912
v 4.9512 50.0000 41.3972
v 3.5972 50.0000 42.7512
v 1.8912 50.0000 43.6205
v 0.0000 50.0000 43.9200
v -1.8912 50.0000 43.6205
v -3.5972 50.0000 42.7512
v -4.9512 50.0000 41.3972
v -5.8205 50.0000 39.6912
v -6.1200 50.0000 37.8000
v -5.8205 50.0000 35.9088
v -4.9512 50.0000 34.2028
v -3.5972 50.0000 32.8488
v -1.8912 50.0000 31.9795
v -0.0000 50.0000 31.6800
v 1.8912 50.0000 31.9795
v 3.5972 50.0000 32.8488
v 4.9512 50.0000 34.2028
v 5.8205 50.0000 35.9088
v 6.1200 1010.0000 37.8000
v 5.8205 1010.0000 39.6912
v 4.9512 1010.0000 41.3972
v 3.5972 1010.0000 42.7512
v 1.8912 1010.0000 43.6205
v 0.0000 1010.0000 43.9200
v -1.8912 1010.0000 43.6205
v -3.5972 1010.0000 42.7512
v -4.9512 1010.0000 41.3972
v -5.8205 1010.0000 39.6912
v -6.1200 1010.0000 37.8000
v -5.8205 1010.0000 35.9088
v -4.9512 1010.0000 34.2028
v -3.5972 1010.0000 32.8488
v -1.8912 1010.0000 31.9795
v -0.0000 1010.0000 31.6800
v 1.8912 1010.0000 31.9795
v 3.5972 1010.0000 32.8488
v 4.9512 1010.0000 34.2028
v 5.8205 1010.0000 35.9088
v 6.1200 50.0000 37.8000
v 5.8205 50.0000 39.6912
v 4.9512 50.0000 41.3972
v 3.5972 50.0000 42.7512
v 1.8912 50.0000 43.6205
v 0.0000 50.0000 43.9200
v -1.8912 50.0000 43.6205
v -3.5972 50.0000 42.7512
v -4.9512 50.0000 41.3972
v -5.8205 50.0000 39.6912
v -6.1200 50.0000 37.8000
v -5.8205 50.0000 35.9088
v -4.9512 50.0000 34.2028
v -3.5972 50.0000 32.8488
v -1.8912 50.0000 31.9795
v -0.0000 50.0000 31.6800
v 1.8912 50.0000 31.9795
v 3.5972 50.0000 32.8488
v 4.9512 50.0000 34.2028
v 5.8205 50.0000 35.9088
v 6.1200 1010.0000 37.8000
v 5.8205 1010.0000 39.6912
v 4.9512 1010.0000 41.3972
v 3.5972 1010.0000 42.7512
v 1.8912 1010.0000 43.6205
v 0.0000 1010.0000 43.9200
v -1.8912 1010.0000 43.6205
v -3.5972 1010.0000 42.7512
v -4.9512 1010.0000 41.3972
v -5.8205 1010.0000 39.6912
v -6.1200 1010.0000 37.8000
v -5.8205 1010.0000 35.9088
v -4.9512 1010.0000 34.2028
v -3.5972 1010.0000 32.8488
v -1.8912 1010.0000 31.9795
v -0.0000 1010.0000 31.6800
v 1.8912 1010.0000 31.9795
v 3.5972 1010.0000 32.8488
v 4.9512 1010.0000 34.2028
v 5.8205 1010.0000 35.9088
v 43.9200 50.0000 37.8000
v 43.6205 50.0000 39.6912
v 42.7512 50.0000 41.3972
v 41.3972 50.0000 42.7512
v 39.6912 50.0000 43.6205
v 37.8000 50.0000 43.9200
v 35.9088 50.0000 43.6205
v 34.2028 50.0000 42.7512
v 32.8488 50.0000 41.3972
v 31.9795 50.0000 39.6912
v 31.6800 50.0000 37.8000
v 31.9795 50.0000 35.9088
v 32.8488 50.0000 34.2028
v 34.2028 50.0000 32.8488
v 35.9088 50.0000 31.9795
v 37.8000 50.0000 31.6800
v 39.6912 50.0000 31.9795
v 41.3972 50.0000 32.8488
v 42.7512 50.0000 34.2028
v 43.6205 50.0000 35.9088
v 43.9200 1010.0000 37.8000
v 43.6205 1010.0000 39.6912
v 42.7512 1010.0000 41.3972
v 41.3972 1010.0000 42.7512
v 39.6912 1010.0000 43.6205
v 37.8000 1010.0000 43.9200
v 35.9088 1010.0000 43.6205
v 34.2028 1010.0000 42.7512
v 32.8488 1010.0000 41.3972
v 31.9795 1010.0000 39.6912
v 31.6800 1010.0000 37.8000
v 31.9795 1010.0000 35.9088
v 32.8488 1010.0000 34.2028
v 34.2028 1010.0000 32.8488
v 35.9088 1010.0000 31.9795
v 37.8000 1010.0000 31.6800
v 39.6912 1010.0000 31.9795
v 41.3972 1010.0000 32.8488
v 42.7512 1010.0000 34.2028
v 43.6205 1010.0000 35.9088
v 43.9200 50.0000 37.8000
v 43.6205 50.0000 39.6912
v 42.7512 50.0000 41.3972
v 41.3972 50.0000 42.7512
v 39.6912 50.0000 43.6205
v 37.8000 50.0000 43.9200
v 35.9088 50.0000 43.6205
v 34.2028 50.0000 42.7512
v 32.8488 50.0000 41.3972
v 31.9795 50.0000 39.6912
v 31.6800 50.0000 37.8000
v 31.9795 50.0000 35.9088
v 32.8488 50.0000 34.2028
v 34.2028 50.0000 32.8488
v 35.9088 50.0000 31.9795
v 37.8000 50.0000 31.6800
v 39.6912 50.0000 31.9795
v 41.3972 50.0000 32.8488
v 42.7512 50.0000 34.2028
v 43.6205 50.0000 35.9088
v 43.9200 1010.0000 37.8000
v 43.6205 1010.0000 39.6912
v 42.7512 1010.0000 41.3972
v 41.3972 1010.0000 42.7512
v 39.6912 1010.0000 43.6205
v 37.8000 1010.0000 43.9200
v 35.9088 1010.0000 43.6205
v 34.2028 1010.0000 42.7512
v 32.8488 1010.0000 41.3972
v 31.9795 1010.0000 39.6912
v 31.6800 1010.0000 37.8000
v 31.9795 1010.0000 35.9088
v 32.8488 1010.0000 34.2028
v 34.2028 1010.0000 32.8488
v 35.9088 1010.0000 31.9795
v 37.8000 1010.0000 31.6800
v 39.6912 1010.0000 31.9795
v 41.3972 1010.0000 32.8488
v 42.7512 1010.0000 34.2028
v 43.6205 1010.0000 35.9088
v 81.7200 50.0000 37.8000
v 81.4205 50.0000 39.6912
v 80.5512 50.0000 41.3972
v 79.1972 50.0000 42.7512
v 77.4912 50.0000 43.6205
v 75.6000 50.0000 43.9200
v 73.7088 50.0000 43.6205
v 72.0028 50.0000 42.7512
v 70.6488 50.0000 41.3972
v 69.7795 50.0000 39.6912
v 69.4800 50.0000 37.8000
v 69.7795 50.0000 35.9088
v 70.6488 50.0000 34.2028
v 72.0028 50.0000 32.8488
v 73.7088 50.0000 31.9795
v 75.6000 50.0000 31.6800
v 77.4912 50.0000 31.9795
v 79.1972 50.0000 32.8488
v 80.5512 50.0000 34.2028
v 81.4205 50.0000 35.9088
v 81.7200 1010.0000 37.8000
v 81.4205 1010.0000 39.6912
v 80.5512 1010.0000 41.3972
v 79.1972 1010.0000 42.7512
v 77.4912 1010.0000 43.6205
v 75.6000 1010.0000 43.9200
v 73.7088 1010.0000 43.6205
v 72.0028 1010.0000 42.7512
v 70.6488 1010.0000 41.3972
v 69.7795 1010.0000 39.6912
v 69.4800 1010.0000 37.8000
v 69.7795 1010.0000 35.9088
v 70.6488 1010.0000 34.2028
v 72.0028 1010.0000 32.8488
v 73.7088 1010.0000 31.9795
v 75.6000 1010.0000 31.6800
v 77.4912 1010.0000 31.9795
v 79.1972 1010.0000 32.8488
v 80.5512 1010.0000 34.2028
v 81.4205 1010.0000 35.9088
v 81.7200 50.0000 37.8000
v 81.4205 50.0000 39.6912
v 80.5512 50.0000 41.3972
v 79.1972 50.0000 42.7512
v 77.4912 50.0000 43.6205
v 75.6000 50.0000 43.9200
v 73.7088 50.0000 43.6205
v 72.0028 50.0000 42.7512
v 70.6488 50.0000 41.3972
v 69.7795 50.0000 39.6912
v 69.4800 50.0000 37.8000
v 69.7795 50.0000 35.9088
v 70.6488 50.0000 34.2028
v 72.0028 50.0000 32.8488
v 73.7088 50.0000 31.9795
v 75.6000 50.0000 31.6800
v 77.4912 50.0000 31.9795
v 79.1972 50.0000 32.8488
v 80.5512 50.0000 34.2028
v 81.4205 50.0000 35.9088
v 81.7200 1010.0000 37.8000
v 81.4205 1010.0000 39.6912
v 80.5512 1010.0000 41.3972
v 79.1972 1010.0000 42.7512
v 77.4912 1010.0000 43.6205
v 75.6000 1010.0000 43.9200
v 73.7088 1010.0000 43.6205
v 72.0028 1010.0000 42.7512
v 70.6488 1010.0000 41.3972
v 69.7795 1010.0000 39.6912
v 69.4800 1010.0000 37.8000
v 69.7795 1010.0000 35.9088
v 70.6488 1010.0000 34.2028
v 72.0028 1010.0000 32.8488
v 73.7088 1010.0000 31.9795
v 75.6000 1010.0000 31.6800
v 77.4912 1010.0000 31.9795
v 79.1972 1010.0000 32.8488
v 80.5512 1010.0000 34.2028
v 81.4205 1010.0000 35.9088
v -56.8800 50.0000 63.0000
v -57.1795 50.0000 64.8912
v -58.0488 50.0000 66.5972
v -59.4028 50.0000 67.9512
v -61.1088 50.0000 68.8205
v -63.0000 50.0000 69.1200
v -64.8912 50.0000 68.8205
v -66.5972 50.0000 67.9512
v -67.9512 50.0000 66.5972
v -68.8205 50.0000 64.8912
v -69.1200 50.0000 63.0000
v -68.8205 50.0000 61.1088
v -67.9512 50.0000 59.4028
v -66.5972 50.0000 58.0488
v -64.8912 50.0000 57.1795
v -63.0000 50.0000 56.8800
v -61.1088 50.0000 57.1795
v -59.4028 50.0000 58.0488
v -58.0488 50.0000 59.4028
v -57.1795 50.0000 61.1088
v -56.8800 1010.0000 63.0000
v -57.1795 1010.0000 64.8912
v -58.0488 1010.0000 66.5972
v -59.4028 1010.0000 67.9512
v -61.1088 1010.0000 68.8205
v -63.0000 1010.0000 69.1200
v -64.8912 1010.0000 68.8205
v -66.5972 1010.0000 67.9512
v -67.9512 1010.0000 66.5972
v -68.8205 1010.0000 64.8912
v -69.1200 1010.0000 63.0000
v -68.8205 1010.0000 61.1088
v -67.9512 1010.0000 59.4028
v -66.5972 1010.0000 58.0488
v -64.8912 1010.0000 57.1795
v -63.0000 1010.0000 56.8800
v -61.1088 1010.0000 57.1795
v -59.4028 1010.0000 58.0488
v -58.0488 1010.0000 59.4028
v -57.1795 1010.0000 61.1088
v -56.8800 50.0000 63.0000
v -57.1795 50.0000 64.8912
v -58.0488 50.0000 66.5972
v -59.4028 50.0000 67.9512
v -61.1088 50.0000 68.8205
v -63.0000 50.0000 69.1200
v -64.8912 50.0000 68.8205
v -66.5972 50.0000 67.9512
v -67.9512 50.0000 66.5972
v -68.8205 50.0000 64.8912
v -69.1200 50.0000 63.0000
v -68.8205 50.0000 61.1088
v -67.9512 50.0000 59.4028
v -66.5972 50.0000 58.0488
v -64.8912 50.0000 57.1795
v -63.0000 50.0000 56.8800
v -61.1088 50.0000 57.1795
v -59.4028 50.0000 58.0488
v -58.0488 50.0000 59.4028
v -57.1795 50.0000 61.1088
v -56.8800 1010.0000 63.0000
v -57.1795 1010.0000 64.8912
v -58.0488 1010.0000 66.5972
v -59.4028 1010.0000 67.9512
v -61.1088 1010.0000 68.8205
v -63.0000 1010.0000 69.1200
v -64.8912 1010.0000 68.8205
v -66.5972 1010.0000 67.9512
v -67.9512 1010.0000 66.5972
v -68.8205 1010.0000 64.8912
v -69.1200 1010.0000 63.0000
v -68.8205 1010.0000 61.1088
v -67.9512 1010.0000 59.4028
v -66.5972 1010.0000 58.0488
v -64.8912 1010.0000 57.1795
v -63.0000 1010.0000 56.8800
v -61.1088 1010.0000 57.1795
v -59.4028 1010.0000 58.0488
v -58.0488 1010.0000 59.4028
v -57.1795 1010.0000 61.1088
v 69.1200 50.0000 63.0000
v 68.8205 50.0000 64.8912
v 67.9512 50.0000 66.5972
v 66.5972 50.0000 67.9512
v 64.8912 50.0000 68.8205
v 63.0000 50.0000 69.1200
v 61.1088 50.0000 68.8205
v 59.4028 50.0000 67.9512
v 58.0488 50.0000 66.5972
v 57.1795 50.0000 64.8912
v 56.8800 50.0000 63.0000
v 57.1795 50.0000 61.1088
v 58.0488 50.0000 59.4028
v 59.4028 50.0000 58.0488
v 61.1088 50.0000 57.1795
v 63.0000 50.0000 56.8800
v 64.8912 50.0000 57.1795
v 66.5972 50.0000 58.0488
v 67.9512 50.0000 59.4028
v 68.8205 50.0000 61.1088
v 69.1200 1010.0000 63.0000
v 68.8205 1010.0000 64.8912
v 67.9512 1010.0000 66.5972
v 66.5972 1010.0000 67.9512
v 64.8912 1010.0000 68.8205
v 63.0000 1010.0000 69.1200
v 61.1088 1010.0000 68.8205
v 59.4028 1010.0000 67.9512
v 58.0488 1010.0000 66.5972
v 57.1795 1010.0000 64.8912
v 56.8800 1010.0000 63.0000
v 57.1795 1010.0000 61.1088
v 58.0488 1010.0000 59.4028
v 59.4028 1010.0000 58.0488
v 61.1088 1010.0000 57.1795
v 63.0000 1010.0000 56.8800
v 64.8912 1010.0000 57.1795
v 66.5972 1010.0000 58.0488
v 67.9512 1010.0000 59.4028
v 68.8205 1010.0000 61.1088
v 69.1200 50.0000 63.0000
v 68.8205 50.0000 64.8912
v 67.9512 50.0000 66.5972
v 66.5972 50.0000 67.9512
v 64.8912 50.0000 68.8205
v 63.0000 50.0000 69.1200
v 61.1088 50.0000 68.8205
v 59.4028 50.0000 67.9512
v 58.0488 50.0000 66.5972
v 57.1795 50.0000 64.8912
v 56.8800 50.0000 63.0000
v 57.1795 50.0000 61.1088
v 58.0488 50.0000 59.4028
v 59.4028 50.0000 58.0488
v 61.1088 50.0000 57.1795
v 63.0000 50.0000 56.8800
v 64.8912 50.0000 57.1795
v 66.5972 50.0000 58.0488
v 67.9512 50.0000 59.4028
v 68.8205 50.0000 61.1088
v 69.1200 1010.0000 63.0000
v 68.8205 1010.0000 64.8912
v 67.9512 1010.0000 66.5972
v 66.5972 1010.0000 67.9512
v 64.8912 1010.0000 68.8205
v 63.0000 1010.0000 69.1200
v 61.1088 1010.0000 68.8205
v 59.4028 1010.0000 67.9512
v 58.0488 1010.0000 66.5972
v 57.1795 1010.0000 64.8912
v 56.8800 1010.0000 63.0000
v 57.1795 1010.0000 61.1088
v 58.0488 1010.0000 59.4028
v 59.4028 1010.0000 58.0488
v 61.1088 1010.0000 57.1795
v 63.0000 1010.0000 56.8800
v 64.8912 1010.0000 57.1795
v 66.5972 1010.0000 58.0488
v 67.9512 1010.0000 59.4028
v 68.8205 1010.0000 61.1088
v -31.6800 50.0000 75.6000
v -31.9795 50.0000 77.4912
v -32.8488 50.0000 79.1972
v -34.2028 50.0000 80.5512
v -35.9088 50.0000 81.4205
v -37.8000 50.0000 81.7200
v -39.6912 50.0000 81.4205
v -41.3972 50.0000 80.5512
v -42.7512 50.0000 79.1972
v -43.6205 50.0000 77.4912
v -43.9200 50.0000 75.6000
v -43.6205 50.0000 73.7088
v -42.7512 50.0000 72.0028
v -41.3972 50.0000 70.6488
v -39.6912 50.0000 69.7795
v -37.8000 50.0000 69.4800
v -35.9088 50.0000 69.7795
v -34.2028 50.0000 70.6488
v -32.8488 50.0000 72.0028
v -31.9795 50.0000 73.7088
v -31.6800 1010.0000 75.6000
v -31.9795 1010.0000 77.4912
v -32.8488 1010.0000 79.1972
v -34.2028 1010.0000 80.5512
v -35.9088 1010.0000 81.4205
v -37.8000 1010.0000 81.7200
v -39.6912 1010.0000 81.4205
v -41.3972 1010.0000 80.5512
v -42.7512 1010.0000 79.1972
v -43.6205 1010.0000 77.4912
v -43.9200 1010.0000 75.6000
v -43.6205 1010.0000 73.7088
v -42.7512 1010.0000 72.0028
v -41.3972 1010.0000 70.6488
v -39.6912 1010.0000 69.7795
v -37.8000 1010.0000 69.4800
v -35.9088 1010.0000 69.7795
v -34.2028 1010.0000 70.6488
v -32.8488 1010.0000 72.0028
v -31.9795 1010.0000 73.7088
v -31.6800 50.0000 75.6000
v -31.9795 50.0000 77.4912
v -32.8488 50.0000 79.1972
v -34.2028 50.0000 80.5512
v -35.9088 50.0000 81.4205
v -37.8000 50.0000 81.7200
v -39.6912 50.0000 81.4205
v -41.3972 50.0000 80.5512
v -42.7512 50.0000 79.1972
v -43.6205 50.0000 77.4912
v -43.9200 50.0000 75.6000
v -43.6205 50.0000 73.7088
v -42.7512 50.0000 72.0028
v -41.3972 50.0000 70.6488
v -39.6912 50.0000 69.7795
v -37.8000 50.0000 69.4800
v -35.9088 50.0000 69.7795
v -34.2028 50.0000 70.6488
v -32.8488 50.0000 72.0028
v -31.9795 50.0000 73.7088
v -31.6800 1010.0000 75.6000
v -31.9795 1010.0000 77.4912
v -32.8488 1010.0000 79.1972
v -34.2028 1010.0000 80.5512
v -35.9088 1010.0000 81.4205
v -37.8000 1010.0000 81.7200
v -39.6912 1010.0000 81.4205
v -41.3972 1010.0000 80.5512
v -42.7512 1010.0000 79.1972
v -43.6205 1010.0000 77.4912
v -43.9200 1010.0000 75.6000
v -43.6205 1010.0000 73.7088
v -42.7512 1010.0000 72.0028
v -41.3972 1010.0000 70.6488
v -39.6912 1010.0000 69.7795
v -37.8000 1010.0000 69.4800
v -35.9088 1010.0000 69.7795
v -34.2028 1010.0000 70.6488
v -32.8488 1010.0000 72.0028
v -31.9795 1010.0000 73.7088
v 6.1200 50.0000 75.6000
v 5.8205 50.0000 77.4912
v 4.9512 50.0000 79.1972
v 3.5972 50.0000 80.5512
v 1.8912 50.0000 81.4205
v 0.0000 50.0000 81.7200
v -1.8912 50.0000 81.4205
v -3.5972 50.0000 80.5512
v -4.9512 50.0000 79.1972
v -5.8205 50.0000 77.4912
v -6.1200 50.0000 75.6000
v -5.8205 50.0000 73.7088
v -4.9512 50.0000 72.0028
v -3.5972 50.0000 70.6488
v -1.8912 50.0000 69.7795
v -0.0000 50.0000 69.4800
v 1.8912 50.0000 69.7795
v 3.5972 50.0000 70.6488
v 4.9512 50.0000 72.0028
v 5.8205 50.0000 73.7088
v 6.1200 1010.0000 75.6000
v 5.8205 1010.0000 77.4912
v 4.9512 1010.0000 79.1972
v 3.5972 1010.0000 80.5512
v 1.8912 1010.0000 81.4205
v 0.0000 1010.0000 81.7200
v -1.8912 1010.0000 81.4205
v -3.5972 1010.0000 80.5512
v -4.9512 1010.0000 79.1972
v -5.8205 1010.0000 77.4912
v -6.1200 1010.0000 75.6000
v -5.8205 1010.0000 73.7088
v -4.9512 1010.0000 72.0028
v -3.5972 1010.0000 70.6488
v -1.8912 1010.0000 69.7795
v -0.0000 1010.0000 69.4800
v 1.8912 1010.0000 69.7795
v 3.5972 1010.0000 70.6488
v 4.9512 1010.0000 72.0028
v 5.8205 1010.0000 73.7088
v 6.1200 50.0000 75.6000
v 5.8205 50.0000 77.4912
v 4.9512 50.0000 79.1972
v 3.5972 50.0000 80.5512
v 1.8912 50.0000 81.4205
v 0.0000 50.0000 81.7200
v -1.8912 50.0000 81.4205
v -3.5972 50.0000 80.5512
v -4.9512 50.0000 79.1972
v -5.8205 50.0000 77.4912
v -6.1200 50.0000 75.6000
v -5.8205 50.0000 73.7088
v -4.9512 50.0000 72.0028
v -3.5972 50.0000 70.6488
v -1.8912 50.0000 69.7795
v -0.0000 50.0000 69.4800
v 1.8912 50.0000 69.7795
v 3.5972 50.0000 70.6488
v 4.9512 50.0000 72.0028
v 5.8205 50.0000 73.7088
v 6.1200 1010.0000 75.6000
v 5.8205 1010.0000 77.4912
v 4.9512 1010.0000 79.1972
v 3.5972 1010.0000 80.5512
v 1.8912 1010.0000 81.4205
v 0.0000 1010.0000 81.7200
v -1.8912 1010.0000 81.4205
v -3.5972 1010.0000 80.5512
v -4.9512 1010.0000 79.1972
v -5.8205 1010.0000 77.4912
v -6.1200 1010.0000 75.6000
v -5.8205 1010.0000 73.7088
v -4.9512 1010.0000 72.0028
v -3.5972 1010.0000 70.6488
v -1.8912 1010.0000 69.7795
v -0.0000 1010.0000 69.4800
v 1.8912 1010.0000 69.7795
v 3.5972 1010.0000 70.6488
v 4.9512 1010.0000 72.0028
v 5.8205 1010.0000 73.7088
v 43.9200 50.0000 75.6000
v 43.6205 50.0000 77.4912
v 42.7512 50.0000 79.1972
v 41.3972 50.0000 80.5512
v 39.6912 50.0000 81.4205
v 37.8000 50.0000 81.7200
v 35.9088 50.0000 81.4205
v 34.2028 50.0000 80.5512
v 32.8488 50.0000 79.1972
v 31.9795 50.0000 77.4912
v 31.6800 50.0000 75.6000
v 31.9795 50.0000 73.7088
v 32.8488 50.0000 72.0028
v 34.2028 50.0000 70.6488
v 35.9088 50.0000 69.7795
v 37.8000 50.0000 69.4800
v 39.6912 50.0000 69.7795
v 41.3972 50.0000 70.6488
v 42.7512 50.0000 72.0028
v 43.6205 50.0000 73.7088
v 43.9200 1010.0000 75.6000
v 43.6205 1010.0000 77.4912
v 42.7512 1010.0000 79.1972
v 41.3972 1010.0000 80.5512
v 39.6912 1010.0000 81.4205
v 37.8000 1010.0000 81.7200
v 35.9088 1010.0000 81.4205
v 34.2028 1010.0000 80.5512
v 32.8488 1010.0000 79.1972
v 31.9795 1010.0000 77.4912
v 31.6800 1010.0000 75.6000
v 31.9795 1010.0000 73.7088
v 32.8488 1010.0000 72.0028
v 34.2028 1010.0000 70.6488
v 35.9088 1010.0000 69.7795
v 37.8000 1010.0000 69.4800
v 39.6912 1010.0000 69.7795
v 41.3972 1010.0000 70.6488
v 42.7512 1010.0000 72.0028
v 43.6205 1010.0000 73.7088
v 43.9200 50.0000 75.6000
v 43.6205 50.0000 77.4912
v 42.7512 50.0000 79.1972
v 41.3972 50.0000 80.5512
v 39.6912 50.0000 81.4205
v 37.8000 50.0000 81.7200
v 35.9088 50.0000 81.4205
v 34.2028 50.0000 80.5512
v 32.8488 50.0000 79.1972
v 31.9795 50.0000 77.4912
v 31.6800 50.0000 75.6000
v 31.9795 50.0000 73.7088
v 32.8488 50.0000 72.0028
v 34.2028 50.0000 70.6488
v 35.9088 50.0000 69.7795
v 37.8000 50.0000 69.4800
v 39.6912 50.0000 69.7795
v 41.3972 50.0000 70.6488
v 42.7512 50.0000 72.0028
v 43.6205 50.0000 73.7088
v 43.9200 1010.0000 75.6000
v 43.6205 1010.0000 77.4912
v 42.7512 1010.0000 79.1972
v 41.3972 1010.0000 80.5512
v 39.6912 1010.0000 81.4205
v 37.8000 1010.0000 81.7200
v 35.9088 1010.0000 81.4205
v 34.2028 1010.0000 80.5512
v 32.8488 1010.0000 79.1972
v 31.9795 1010.0000 77.4912
v 31.6800 1010.0000 75.6000
v 31.9795 1010.0000 73.7088
v 32.8488 1010.0000 72.0028
v 34.2028 1010.0000 70.6488
v 35.9088 1010.0000 69.7795
v 37.8000 1010.0000 69.4800
v 39.6912 1010.0000 69.7795
v 41.3972 1010.0000 70.6488
v 42.7512 1010.0000 72.0028
v 43.6205 1010.0000 73.7088
f 21141 21142 21122 21121
f 21142 21143 21123 21122
f 21143 21144 21124 21123
f 21144 21145 21125 21124
f 21145 21146 21126 21125
f 21146 21147 21127 21126
f 21147 21148 21128 21127
f 21148 21149 21129 21128
f 21149 21150 21130 21129
f 21150 21151 21131 21130
f 21151 21152 21132 21131
f 21152 21153 21133 21132
f 21153 21154 21134 21133
f 21154 21155 21135 21134
f 21155 21156 21136 21135
f 21156 21157 21137 21136
f 21157 21158 21138 21137
f 21158 21159 21139 21138
f 21159 21160 21140 21139
f 21160 21141 21121 21140
f 21161 21162 21163 21164 21165 21166 21167 21168 21169 21170 21171 21172 21173 21174 21175 21176 21177 21178 21179 21180
f 21200 21199 21198 21197 21196 21195 21194 21193 21192 21191 21190 21189 21188 21187 21186 21185 21184 21183 21182 21181
f 21221 21222 21202 21201
f 21222 21223 21203 21202
f 21223 21224 21204 21203
f 21224 21225 21205 21204
f 21225 21226 21206 21205
f 21226 21227 21207 21206
f 21227 21228 21208 21207
f 21228 21229 21209 21208
f 21229 21230 21210 21209
f 21230 21231 21211 21210
f 21231 21232 21212 21211
f 21232 21233 21213 21212
f 21233 21234 21214 21213
f 21234 21235 21215 21214
f 21235 21236 21216 21215
f 21236 21237 21217 21216
f 21237 21238 21218 21217
f 21238 21239 21219 21218
f 21239 21240 21220 21219
f 21240 21221 21201 21220
f 21241 21242 21243 21244 21245 21246 21247 21248 21249 21250 21251 21252 21253 21254 21255 21256 21257 21258 21259 21260
f 21280 21279 21278 21277 21276 21275 21274 21273 21272 21271 21270 21269 21268 21267 21266 21265 21264 21263 21262 21261
f 21301 21302 21282 21281
f 21302 21303 21283 21282
f 21303 21304 21284 21283
f 21304 21305 21285 21284
f 21305 21306 21286 21285
f 21306 21307 21287 21286
f 21307 21308 21288 21287
f 21308 21309 21289 21288
f 21309 21310 21290 21289
f 21310 21311 21291 21290
f 21311 21312 21292 21291
f 21312 21313 21293 21292
f 21313 21314 21294 21293
f 21314 21315 21295 21294
f 21315 21316 21296 21295
f 21316 21317 21297 21296
f 21317 21318 21298 21297
f 21318 21319 21299 21298
f 21319 21320 21300 21299
f 21320 21301 21281 21300
f 21321 21322 21323 21324 21325 21326 21327 21328 21329 21330 21331 21332 21333 21334 21335 21336 21337 21338 21339 21340
f 21360 21359 21358 21357 21356 21355 21354 21353 21352 21351 21350 21349 21348 21347 21346 21345 21344 21343 21342 21341
f 21381 21382 21362 21361
f 21382 21383 21363 21362
f 21383 21384 21364 21363
f 21384 21385 21365 21364
f 21385 21386 21366 21365
f 21386 21387 21367 21366
f 21387 21388 21368 21367
f 21388 21389 21369 21368
f 21389 21390 21370 21369
f 21390 21391 21371 21370
f 21391 21392 21372 21371
f 21392 21393 21373 21372
f 21393 21394 21374 21373
f 21394 21395 21375 21374
f 21395 21396 21376 21375
f 21396 21397 21377 21376
f 21397 21398 21378 21377
f 21398 21399 21379 21378
f 21399 21400 21380 21379
f 21400 21381 21361 21380
f 21401 21402 21403 21404 21405 21406 21407 21408 21409 21410 21411 21412 21413 21414 21415 21416 21417 21418 21419 21420
f 21440 21439 21438 21437 21436 21435 21434 21433 21432 21431 21430 21429 21428 21427 21426 21425 21424 21423 21422 21421
f 21461 21462 21442 21441
f 21462 21463 21443 21442
f 21463 21464 21444 21443
f 21464 21465 21445 21444
f 21465 21466 21446 21445
f 21466 21467 21447 21446
f 21467 21468 21448 21447
f 21468 21469 21449 21448
f 21469 21470 21450 21449
f 21470 21471 21451 21450
f 21471 21472 21452 21451
f 21472 21473 21453 21452
f 21473 21474 21454 21453
f 21474 21475 21455 21454
f 21475 21476 21456 21455
f 21476 21477 21457 21456
f 21477 21478 21458 21457
f 21478 21479 21459 21458
f 21479 21480 21460 21459
f 21480 21461 21441 21460
f 21481 21482 21483 21484 21485 21486 21487 21488 21489 21490 21491 21492 21493 21494 21495 21496 21497 21498 21499 21500
f 21520 21519 21518 21517 21516 21515 21514 21513 21512 21511 21510 21509 21508 21507 21506 21505 21504 21503 21502 21501
f 21541 21542 21522 21521
f 21542 21543 21523 21522
f 21543 21544 21524 21523
f 21544 21545 21525 21524
f 21545 21546 21526 21525
f 21546 21547 21527 21526
f 21547 21548 21528 21527
f 21548 21549 21529 21528
f 21549 21550 21530 21529
f 21550 21551 21531 21530
f 21551 21552 21532 21531
f 21552 21553 21533 21532
f 21553 21554 21534 21533
f 21554 21555 21535 21534
f 21555 21556 21536 21535
f 21556 21557 21537 21536
f 21557 21558 21538 21537
f 21558 21559 21539 21538
f 21559 21560 21540 21539
f 21560 21541 21521 21540
f 21561 21562 21563 21564 21565 21566 21567 21568 21569 21570 21571 21572 21573 21574 21575 21576 21577 21578 21579 21580
f 21600 21599 21598 21597 21596 21595 21594 21593 21592 21591 21590 21589 21588 21587 21586 21585 21584 21583 21582 21581
f 21621 21622 21602 21601
f 21622 21623 21603 21602
f 21623 21624 21604 21603
f 21624 21625 21605 21604
f 21625 21626 21606 21605
f 21626 21627 21607 21606
f 21627 21628 21608 21607
f 21628 21629 21609 21608
f 21629 21630 21610 21609
f 21630 21631 21611 21610
f 21631 21632 21612 21611
f 21632 21633 21613 21612
f 21633 21634 21614 21613
f 21634 21635 21615 21614
f 21635 21636 21616 21615
f 21636 21637 21617 21616
f 21637 21638 21618 21617
f 21638 21639 21619 21618
f 21639 21640 21620 21619
f 21640 21621 21601 21620
f 21641 21642 21643 21644 21645 21646 21647 21648 21649 21650 21651 21652 21653 21654 21655 21656 21657 21658 21659 21660
f 21680 21679 21678 21677 21676 21675 21674 21673 21672 21671 21670 21669 21668 21667 21666 21665 21664 21663 21662 21661
f 21701 21702 21682 21681
f 21702 21703 21683 21682
f 21703 21704 21684 21683
f 21704 21705 21685 21684
f 21705 21706 21686 21685
f 21706 21707 21687 21686
f 21707 21708 21688 21687
f 21708 21709 21689 21688
f 21709 21710 21690 21689
f 21710 21711 21691 21690
f 21711 21712 21692 21691
f 21712 21713 21693 21692
f 21713 21714 21694 21693
f 21714 21715 21695 21694
f 21715 21716 21696 21695
f 21716 21717 21697 21696
f 21717 21718 21698 21697
f 21718 21719 21699 21698
f 21719 21720 21700 21699
f 21720 21701 21681 21700
f 21721 21722 21723 21724 21725 21726 21727 21728 21729 21730 21731 21732 21733 21734 21735 21736 21737 21738 21739 21740
f 21760 21759 21758 21757 21756 21755 21754 21753 21752 21751 21750 21749 21748 21747 21746 21745 21744 21743 21742 21741
f 21781 21782 21762 21761
f 21782 21783 21763 21762
f 21783 21784 21764 21763
f 21784 21785 21765 21764
f 21785 21786 21766 21765
f 21786 21787 21767 21766
f 21787 21788 21768 21767
f 21788 21789 21769 21768
f 21789 21790 21770 21769
f 21790 21791 21771 21770
f 21791 21792 21772 21771
f 21792 21793 21773 21772
f 21793 21794 21774 21773
f 21794 21795 21775 21774
f 21795 21796 21776 21775
f 21796 21797 21777 21776
f 21797 21798 21778 21777
f 21798 21799 21779 21778
f 21799 21800 21780 21779
f 21800 21781 21761 21780
f 21801 21802 21803 21804 21805 21806 21807 21808 21809 21810 21811 21812 21813 21814 21815 21816 21817 21818 21819 21820
f 21840 21839 21838 21837 21836 21835 21834 21833 21832 21831 21830 21829 21828 21827 21826 21825 21824 21823 21822 21821
f 21861 21862 21842 21841
f 21862 21863 21843 21842
f 21863 21864 21844 21843
f 21864 21865 21845 21844
f 21865 21866 21846 21845
f 21866 21867 21847 21846
f 21867 21868 21848 21847
f 21868 21869 21849 21848
f 21869 21870 21850 21849
f 21870 21871 21851 21850
f 21871 21872 21852 21851
f 21872 21873 21853 21852
f 21873 21874 21854 21853
f 21874 21875 21855 21854
f 21875 21876 21856 21855
f 21876 21877 21857 21856
f 21877 21878 21858 21857
f 21878 21879 21859 21858
f 21879 21880 21860 21859
f 21880 21861 21841 21860
f 21881 21882 21883 21884 21885 21886 21887 21888 21889 21890 21891 21892 21893 21894 21895 21896 21897 21898 21899 21900
f 21920 21919 21918 21917 21916 21915 21914 21913 21912 21911 21910 21909 21908 21907 21906 21905 21904 21903 21902 21901
f 21941 21942 21922 21921
f 21942 21943 21923 21922
f 21943 21944 21924 21923
f 21944 21945 21925 21924
f 21945 21946 21926 21925
f 21946 21947 21927 21926
f 21947 21948 21928 21927
f 21948 21949 21929 21928
f 21949 21950 21930 21929
f 21950 21951 21931 21930
f 21951 21952 21932 21931
f 21952 21953 21933 21932
f 21953 21954 21934 21933
f 21954 21955 21935 21934
f 21955 21956 21936 21935
f 21956 21957 21937 21936
f 21957 21958 21938 21937
f 21958 21959 21939 21938
f 21959 21960 21940 21939
f 21960 21941 21921 21940
f 21961 21962 21963 21964 21965 21966 21967 21968 21969 21970 21971 21972 21973 21974 21975 21976 21977 21978 21979 21980
f 22000 21999 21998 21997 21996 21995 21994 21993 21992 21991 21990 21989 21988 21987 21986 21985 21984 21983 21982 21981
f 22021 22022 22002 22001
f 22022 22023 22003 22002
f 22023 22024 22004 22003
f 22024 22025 22005 22004
f 22025 22026 22006 22005
f 22026 22027 22007 22006
f 22027 22028 22008 22007
f 22028 22029 22009 22008
f 22029 22030 22010 22009
f 22030 22031 22011 22010
f 22031 22032 22012 22011
f 22032 22033 22013 22012
f 22033 22034 22014 22013
f 22034 22035 22015 22014
f 22035 22036 22016 22015
f 22036 22037 22017 22016
f 22037 22038 22018 22017
f 22038 22039 22019 22018
f 22039 22040 22020 22019
f 22040 22021 22001 22020
f 22041 22042 22043 22044 22045 22046 22047 22048 22049 22050 22051 22052 22053 22054 22055 22056 22057 22058 22059 22060
f 22080 22079 22078 22077 22076 22075 22074 22073 22072 22071 22070 22069 22068 22067 22066 22065 22064 22063 22062 22061
f 22101 22102 22082 22081
f 22102 22103 22083 22082
f 22103 22104 22084 22083
f 22104 22105 22085 22084
f 22105 22106 22086 22085
f 22106 22107 22087 22086
f 22107 22108 22088 22087
f 22108 22109 22089 22088
f 22109 22110 22090 22089
f 22110 22111 22091 22090
f 22111 22112 22092 22091
f 22112 22113 22093 22092
f 22113 22114 22094 22093
f 22114 22115 22095 22094
f 22115 22116 22096 22095
f 22116 22117 22097 22096
f 22117 22118 22098 22097
f 22118 22119 22099 22098
f 22119 22120 22100 22099
f 22120 22101 22081 22100
f 22121 22122 22123 22124 22125 22126 22127 22128 22129 22130 22131 22132 22133 22134 22135 22136 22137 22138 22139 22140
f 22160 22159 22158 22157 22156 22155 22154 22153 22152 22151 22150 22149 22148 22147 22146 22145 22144 22143 22142 22141
f 22181 22182 22162 22161
f 22182 22183 22163 22162
f 22183 22184 22164 22163
f 22184 22185 22165 22164
f 22185 22186 22166 22165
f 22186 22187 22167 22166
f 22187 22188 22168 22167
f 22188 22189 22169 22168
f 22189 22190 22170 22169
f 22190 22191 22171 22170
f 22191 22192 22172 22171
f 22192 22193 22173 22172
f 22193 22194 22174 22173
f 22194 22195 22175 22174
f 22195 22196 22176 22175
f 22196 22197 22177 22176
f 22197 22198 22178 22177
f 22198 22199 22179 22178
f 22199 22200 22180 22179
f 22200 22181 22161 22180
f 22201 22202 22203 22204 22205 22206 22207 22208 22209 22210 22211 22212 22213 22214 22215 22216 22217 22218 22219 22220
f 22240 22239 22238 22237 22236 22235 22234 22233 22232 22231 22230 22229 22228 22227 22226 22225 22224 22223 22222 22221
f 22261 22262 22242 22241
f 22262 22263 22243 22242
f 22263 22264 22244 22243
f 22264 22265 22245 22244
f 22265 22266 22246 22245
f 22266 22267 22247 22246
f 22267 22268 22248 22247
f 22268 22269 22249 22248
f 22269 22270 22250 22249
f 22270 22271 22251 22250
f 22271 22272 22252 22251
f 22272 22273 22253 22252
f 22273 22274 22254 22253
f 22274 22275 22255 22254
f 22275 22276 22256 22255
f 22276 22277 22257 22256
f 22277 22278 22258 22257
f 22278 22279 22259 22258
f 22279 22280 22260 22259
f 22280 22261 22241 22260
f 22281 22282 22283 22284 22285 22286 22287 22288 22289 22290 22291 22292 22293 22294 22295 22296 22297 22298 22299 22300
f 22320 22319 22318 22317 22316 22315 22314 22313 22312 22311 22310 22309 22308 22307 22306 22305 22304 22303 22302 22301
f 22341 22342 22322 22321
f 22342 22343 22323 22322
f 22343 22344 22324 22323
f 22344 22345 22325 22324
f 22345 22346 22326 22325
f 22346 22347 22327 22326
f 22347 22348 22328 22327
f 22348 22349 22329 22328
f 22349 22350 22330 22329
f 22350 22351 22331 22330
f 22351 22352 22332 22331
f 22352 22353 22333 22332
f 22353 22354 22334 22333
f 22354 22355 22335 22334
f 22355 22356 22336 22335
f 22356 22357 22337 22336
f 22357 22358 22338 22337
f 22358 22359 22339 22338
f 22359 22360 22340 22339
f 22360 22341 22321 22340
f 22361 22362 22363 22364 22365 22366 22367 22368 22369 22370 22371 22372 22373 22374 22375 22376 22377 22378 22379 22380
f 22400 22399 22398 22397 22396 22395 22394 22393 22392 22391 22390 22389 22388 22387 22386 22385 22384 22383 22382 22381
f 22421 22422 22402 22401
f 22422 22423 22403 22402
f 22423 22424 22404 22403
f 22424 22425 22405 22404
f 22425 22426 22406 22405
f 22426 22427 22407 22406
f 22427 22428 22408 22407
f 22428 22429 22409 22408
f 22429 22430 22410 22409
f 22430 22431 22411 22410
f 22431 22432 22412 22411
f 22432 22433 22413 22412
f 22433 22434 22414 22413
f 22434 22435 22415 22414
f 22435 22436 22416 22415
f 22436 22437 22417 22416
f 22437 22438 22418 22417
f 22438 22439 22419 22418
f 22439 22440 22420 22419
f 22440 22421 22401 22420
f 22441 22442 22443 22444 22445 22446 22447 22448 22449 22450 22451 22452 22453 22454 22455 22456 22457 22458 22459 22460
f 22480 22479 22478 22477 22476 22475 22474 22473 22472 22471 22470 22469 22468 22467 22466 22465 22464 22463 22462 22461
f 22501 22502 22482 22481
f 22502 22503 22483 22482
f 22503 22504 22484 22483
f 22504 22505 22485 22484
f 22505 22506 22486 22485
f 22506 22507 22487 22486
f 22507 22508 22488 22487
f 22508 22509 22489 22488
f 22509 22510 22490 22489
f 22510 22511 22491 22490
f 22511 22512 22492 22491
f 22512 22513 22493 22492
f 22513 22514 22494 22493
f 22514 22515 22495 22494
f 22515 22516 22496 22495
f 22516 22517 22497 22496
f 22517 22518 22498 22497
f 22518 22519 22499 22498
f 22519 22520 22500 22499
f 22520 22501 22481 22500
f 22521 22522 22523 22524 22525 22526 22527 22528 22529 22530 22531 22532 22533 22534 22535 22536 22537 22538 22539 22540
f 22560 22559 22558 22557 22556 22555 22554 22553 22552 22551 22550 22549 22548 22547 22546 22545 22544 22543 22542 22541
f 22581 22582 22562 22561
f 22582 22583 22563 22562
f 22583 22584 22564 22563
f 22584 22585 22565 22564
f 22585 22586 22566 22565
f 22586 22587 22567 22566
f 22587 22588 22568 22567
f 22588 22589 22569 22568
f 22589 22590 22570 22569
f 22590 22591 22571 22570
f 22591 22592 22572 22571
f 22592 22593 22573 22572
f 22593 22594 22574 22573
f 22594 22595 22575 22574
f 22595 22596 22576 22575
f 22596 22597 22577 22576
f 22597 22598 22578 22577
f 22598 22599 22579 22578
f 22599 22600 22580 22579
f 22600 22581 22561 22580
f 22601 22602 22603 22604 22605 22606 22607 22608 22609 22610 22611 22612 22613 22614 22615 22616 22617 22618 22619 22620
f 22640 22639 22638 22637 22636 22635 22634 22633 22632 22631 22630 22629 22628 22627 22626 22625 22624 22623 22622 22621
f 22661 22662 22642 22641
f 22662 22663 22643 22642
f 22663 22664 22644 22643
f 22664 22665 22645 22644
f 22665 22666 22646 22645
f 22666 22667 22647 22646
f 22667 22668 22648 22647
f 22668 22669 22649 22648
f 22669 22670 22650 22649
f 22670 22671 22651 22650
f 22671 22672 22652 22651
f 22672 22673 22653 22652
f 22673 22674 22654 22653
f 22674 22675 22655 22654
f 22675 22676 22656 22655
f 22676 22677 22657 22656
f 22677 22678 22658 22657
f 22678 22679 22659 22658
f 22679 22680 22660 22659
f 22680 22661 22641 22660
f 22681 22682 22683 22684 22685 22686 22687 22688 22689 22690 22691 22692 22693 22694 22695 22696 22697 22698 22699 22700
f 22720 22719 22718 22717 22716 22715 22714 22713 22712 22711 22710 22709 22708 22707 22706 22705 22704 22703 22702 22701
f 22741 22742 22722 22721
f 22742 22743 22723 22722
f 22743 22744 22724 22723
f 22744 22745 22725 22724
f 22745 22746 22726 22725
f 22746 22747 22727 22726
f 22747 22748 22728 22727
f 22748 22749 22729 22728
f 22749 22750 22730 22729
f 22750 22751 22731 22730
f 22751 22752 22732 22731
f 22752 22753 22733 22732
f 22753 22754 22734 22733
f 22754 22755 22735 22734
f 22755 22756 22736 22735
f 22756 22757 22737 22736
f 22757 22758 22738 22737
f 22758 22759 22739 22738
f 22759 22760 22740 22739
f 22760 22741 22721 22740
f 22761 22762 22763 22764 22765 22766 22767 22768 22769 22770 22771 22772 22773 22774 22775 22776 22777 22778 22779 22780
f 22800 22799 22798 22797 22796 22795 22794 22793 22792 22791 22790 22789 22788 22787 22786 22785 22784 22783 22782 22781
f 22821 22822 22802 22801
f 22822 22823 22803 22802
f 22823 22824 22804 22803
f 22824 22825 22805 22804
f 22825 22826 22806 22805
f 22826 22827 22807 22806
f 22827 22828 22808 22807
f 22828 22829 22809 22808
f 22829 22830 22810 22809
f 22830 22831 22811 22810
f 22831 22832 22812 22811
f 22832 22833 22813 22812
f 22833 22834 22814 22813
f 22834 22835 22815 22814
f 22835 22836 22816 22815
f 22836 22837 22817 22816
f 22837 22838 22818 22817
f 22838 22839 22819 22818
f 22839 22840 22820 22819
f 22840 22821 22801 22820
f 22841 22842 22843 22844 22845 22846 22847 22848 22849 22850 22851 22852 22853 22854 22855 22856 22857 22858 22859 22860
f 22880 22879 22878 22877 22876 22875 22874 22873 22872 22871 22870 22869 22868 22867 22866 22865 22864 22863 22862 22861
f 22901 22902 22882 22881
f 22902 22903 22883 22882
f 22903 22904 22884 22883
f 22904 22905 22885 22884
f 22905 22906 22886 22885
f 22906 22907 22887 22886
f 22907 22908 22888 22887
f 22908 22909 22889 22888
f 22909 22910 22890 22889
f 22910 22911 22891 22890
f 22911 22912 22892 22891
f 22912 22913 22893 22892
f 22913 22914 22894 22893
f 22914 22915 22895 22894
f 22915 22916 22896 22895
f 22916 22917 22897 22896
f 22917 22918 22898 22897
f 22918 22919 22899 22898
f 22919 22920 22900 22899
f 22920 22901 22881 22900
f 22921 22922 22923 22924 22925 22926 22927 22928 22929 22930 22931 22932 22933 22934 22935 22936 22937 22938 22939 22940
f 22960 22959 22958 22957 22956 22955 22954 22953 22952 22951 22950 22949 22948 22947 22946 22945 22944 22943 22942 22941
f 22981 22982 22962 22961
f 22982 22983 22963 22962
f 22983 22984 22964 22963
f 22984 22985 22965 22964
f 22985 22986 22966 22965
f 22986 22987 22967 22966
f 22987 22988 22968 22967
f 22988 22989 22969 22968
f 22989 22990 22970 22969
f 22990 22991 22971 22970
f 22991 22992 22972 22971
f 22992 22993 22973 22972
f 22993 22994 22974 22973
f 22994 22995 22975 22974
f 22995 22996 22976 22975
f 22996 22997 22977 22976
f 22997 22998 22978 22977
f 22998 22999 22979 22978
f 22999 23000 22980 22979
f 23000 22981 22961 22980
f 23001 23002 23003 23004 23005 23006 23007 23008 23009 23010 23011 23012 23013 23014 23015 23016 23017 23018 23019 23020
f 23040 23039 23038 23037 23036 23035 23034 23033 23032 23031 23030 23029 23028 23027 23026 23025 23024 23023 23022 23021
f 23061 23062 23042 23041
f 23062 23063 23043 23042
f 23063 23064 23044 23043
f 23064 23065 23045 23044
f 23065 23066 23046 23045
f 23066 23067 23047 23046
f 23067 23068 23048 23047
f 23068 23069 23049 23048
f 23069 23070 23050 23049
f 23070 23071 23051 23050
f 23071 23072 23052 23051
f 23072 23073 23053 23052
f 23073 23074 23054 23053
f 23074 23075 23055 23054
f 23075 23076 23056 23055
f 23076 23077 23057 23056
f 23077 23078 23058 23057
f 23078 23079 23059 23058
f 23079 23080 23060 23059
f 23080 23061 23041 23060
f 23081 23082 23083 23084 23085 23086 23087 23088 23089 23090 23091 23092 23093 23094 23095 23096 23097 23098 23099 23100
f 23120 23119 23118 23117 23116 23115 23114 23113 23112 23111 23110 23109 23108 23107 23106 23105 23104 23103 23102 23101
o spacer_grids
v -107.7000 170.0000 -107.1000
v -106.5000 170.0000 -107.1000
v -106.5000 210.0000 -107.1000
v -107.7000 210.0000 -107.1000
v -107.7000 170.0000 107.1000
v -106.5000 170.0000 107.1000
v -106.5000 210.0000 107.1000
v -107.7000 210.0000 107.1000
v -107.1000 170.0000 -107.7000
v 107.1000 170.0000 -107.7000
v 107.1000 210.0000 -107.7000
v -107.1000 210.0000 -107.7000
v -107.1000 170.0000 -106.5000
v 107.1000 170.0000 -106.5000
v 107.1000 210.0000 -106.5000
v -107.1000 210.0000 -106.5000
v -94.7500 170.0000 -107.1000
v -94.2500 170.0000 -107.1000
v -94.2500 210.0000 -107.1000
v -94.7500 210.0000 -107.1000
v -94.7500 170.0000 107.1000
v -94.2500 170.0000 107.1000
v -94.2500 210.0000 107.1000
v -94.7500 210.0000 107.1000
v -107.1000 170.0000 -94.7500
v 107.1000 170.0000 -94.7500
v 107.1000 210.0000 -94.7500
v -107.1000 210.0000 -94.7500
v -107.1000 170.0000 -94.2500
v 107.1000 170.0000 -94.2500
v 107.1000 210.0000 -94.2500
v -107.1000 210.0000 -94.2500
v -82.1500 170.0000 -107.1000
v -81.6500 170.0000 -107.1000
v -81.6500 210.0000 -107.1000
v -82.1500 210.0000 -107.1000
v -82.1500 170.0000 107.1000
v -81.6500 170.0000 107.1000
v -81.6500 210.0000 107.1000
v -82.1500 210.0000 107.1000
v -107.1000 170.0000 -82.1500
v 107.1000 170.0000 -82.1500
v 107.1000 210.0000 -82.1500
v -107.1000 210.0000 -82.1500
v -107.1000 170.0000 -81.6500
v 107.1000 170.0000 -81.6500
v 107.1000 210.0000 -81.6500
v -107.1000 210.0000 -81.6500
v -69.5500 170.0000 -107.1000
v -69.0500 170.0000 -107.1000
v -69.0500 210.0000 -107.1000
v -69.5500 210.0000 -107.1000
v -69.5500 170.0000 107.1000
v -69.0500 170.0000 107.1000
v -69.0500 210.0000 107.1000
v -69.5500 210.0000 107.1000
v -107.1000 170.0000 -69.5500
v 107.1000 170.0000 -69.5500
v 107.1000 210.0000 -69.5500
v -107.1000 210.0000 -69.5500
v -107.1000 170.0000 -69.0500
v 107.1000 170.0000 -69.0500
v 107.1000 210.0000 -69.0500
v -107.1000 210.0000 -69.0500
v -56.9500 170.0000 -107.1000
v -56.4500 170.0000 -107.1000
v -56.4500 210.0000 -107.1000
v -56.9500 210.0000 -107.1000
v -56.9500 170.0000 107.1000
v -56.4500 170.0000 107.1000
v -56.4500 210.0000 107.1000
v -56.9500 210.0000 107.1000
v -107.1000 170.0000 -56.9500
v 107.1000 170.0000 -56.9500
v 107.1000 210.0000 -56.9500
v -107.1000 210.0000 -56.9500
v -107.1000 170.0000 -56.4500
v 107.1000 170.0000 -56.4500
v 107.1000 210.0000 -56.4500
v -107.1000 210.0000 -56.4500
v -44.3500 170.0000 -107.1000
v -43.8500 170.0000 -107.1000
v -43.8500 210.0000 -107.1000
v -44.3500 210.0000 -107.1000
v -44.3500 170.0000 107.1000
v -43.8500 170.0000 107.1000
v -43.8500 210.0000 107.1000
v -44.3500 210.0000 107.1000
v -107.1000 170.0000 -44.3500
v 107.1000 170.0000 -44.3500
v 107.1000 210.0000 -44.3500
v -107.1000 210.0000 -44.3500
v -107.1000 170.0000 -43.8500
v 107.1000 170.0000 -43.8500
v 107.1000 210.0000 -43.8500
v -107.1000 210.0000 -43.8500
v -31.7500 170.0000 -107.1000
v -31.2500 170.0000 -107.1000
v -31.2500 210.0000 -107.1000
v -31.7500 210.0000 -107.1000
v -31.7500 170.0000 107.1000
v -31.2500 170.0000 107.1000
v -31.2500 210.0000 107.1000
v -31.7500 210.0000 107.1000
v -107.1000 170.0000 -31.7500
v 107.1000 170.0000 -31.7500
v 107.1000 210.0000 -31.7500
v -107.1000 210.0000 -31.7500
v -107.1000 170.0000 -31.2500
v 107.1000 170.0000 -31.2500
v 107.1000 210.0000 -31.2500
v -107.1000 210.0000 -31.2500
v -19.1500 170.0000 -107.1000
v -18.6500 170.0000 -107.1000
v -18.6500 210.0000 -107.1000
v -19.1500 210.0000 -107.1000
v -19.1500 170.0000 107.1000
v -18.6500 170.0000 107.1000
v -18.6500 210.0000 107.1000
v -19.1500 210.0000 107.1000
v -107.1000 170.0000 -19.1500
v 107.1000 170.0000 -19.1500
v 107.1000 210.0000 -19.1500
v -107.1000 210.0000 -19.1500
v -107.1000 170.0000 -18.6500
v 107.1000 170.0000 -18.6500
v 107.1000 210.0000 -18.6500
v -107.1000 210.0000 -18.6500
v -6.5500 170.0000 -107.1000
v -6.0500 170.0000 -107.1000
v -6.0500 210.0000 -107.1000
v -6.5500 210.0000 -107.1000
v -6.5500 170.0000 107.1000
v -6.0500 170.0000 107.1000
v -6.0500 210.0000 107.1000
v -6.5500 210.0000 107.1000
v -107.1000 170.0000 -6.5500
v 107.1000 170.0000 -6.5500
v 107.1000 210.0000 -6.5500
v -107.1000 210.0000 -6.5500
v -107.1000 170.0000 -6.0500
v 107.1000 170.0000 -6.0500
v 107.1000 210.0000 -6.0500
v -107.1000 210.0000 -6.0500
v 6.0500 170.0000 -107.1000
v 6.5500 170.0000 -107.1000
v 6.5500 210.0000 -107.1000
v 6.0500 210.0000 -107.1000
v 6.0500 170.0000 107.1000
v 6.5500 170.0000 107.1000
v 6.5500 210.0000 107.1000
v 6.0500 210.0000 107.1000
v -107.1000 170.0000 6.0500
v 107.1000 170.0000 6.0500
v 107.1000 210.0000 6.0500
v -107.1000 210.0000 6.0500
v -107.1000 170.0000 6.5500
v 107.1000 170.0000 6.5500
v 107.1000 210.0000 6.5500
v -107.1000 210.0000 6.5500
v 18.6500 170.0000 -107.1000
v 19.1500 170.0000 -107.1000
v 19.1500 210.0000 -107.1000
v 18.6500 210.0000 -107.1000
v 18.6500 170.0000 107.1000
v 19.1500 170.0000 107.1000
v 19.1500 210.0000 107.1000
v 18.6500 210.0000 107.1000
v -107.1000 170.0000 18.6500
v 107.1000 170.0000 18.6500
v 107.1000 210.0000 18.6500
v -107.1000 210.0000 18.6500
v -107.1000 170.0000 19.1500
v 107.1000 170.0000 19.1500
v 107.1000 210.0000 19.1500
v -107.1000 210.0000 19.1500
v 31.2500 170.0000 -107.1000
v 31.7500 170.0000 -107.1000
v 31.7500 210.0000 -107.1000
v 31.2500 210.0000 -107.1000
v 31.2500 170.0000 107.1000
v 31.7500 170.0000 107.1000
v 31.7500 210.0000 107.1000
v 31.2500 210.0000 107.1000
v -107.1000 170.0000 31.2500
v 107.1000 170.0000 31.2500
v 107.1000 210.0000 31.2500
v -107.1000 210.0000 31.2500
v -107.1000 170.0000 31.7500
v 107.1000 170.0000 31.7500
v 107.1000 210.0000 31.7500
v -107.1000 210.0000 31.7500
v 43.8500 170.0000 -107.1000
v 44.3500 170.0000 -107.1000
v 44.3500 210.0000 -107.1000
v 43.8500 210.0000 -107.1000
v 43.8500 170.0000 107.1000
v 44.3500 170.0000 107.1000
v 44.3500 210.0000 107.1000
v 43.8500 210.0000 107.1000
v -107.1000 170.0000 43.8500
v 107.1000 170.0000 43.8500
v 107.1000 210.0000 43.8500
v -107.1000 210.0000 43.8500
v -107.1000 170.0000 44.3500
v 107.1000 170.0000 44.3500
v 107.1000 210.0000 44.3500
v -107.1000 210.0000 44.3500
v 56.4500 170.0000 -107.1000
v 56.9500 170.0000 -107.1000
v 56.9500 210.0000 -107.1000
v 56.4500 210.0000 -107.1000
v 56.4500 170.0000 107.1000
v 56.9500 170.0000 107.1000
v 56.9500 210.0000 107.1000
v 56.4500 210.0000 107.1000
v -107.1000 170.0000 56.4500
v 107.1000 170.0000 56.4500
v 107.1000 210.0000 56.4500
v -107.1000 210.0000 56.4500
v -107.1000 170.0000 56.9500
v 107.1000 170.0000 56.9500
v 107.1000 210.0000 56.9500
v -107.1000 210.0000 56.9500
v 69.0500 170.0000 -107.1000
v 69.5500 170.0000 -107.1000
v 69.5500 210.0000 -107.1000
v 69.0500 210.0000 -107.1000
v 69.0500 170.0000 107.1000
v 69.5500 170.0000 107.1000
v 69.5500 210.0000 107.1000
v 69.0500 210.0000 107.1000
v -107.1000 170.0000 69.0500
v 107.1000 170.0000 69.0500
v 107.1000 210.0000 69.0500
v -107.1000 210.0000 69.0500
v -107.1000 170.0000 69.5500
v 107.1000 170.0000 69.5500
v 107.1000 210.0000 69.5500
v -107.1000 210.0000 69.5500
v 81.6500 170.0000 -107.1000
v 82.1500 170.0000 -107.1000
v 82.1500 210.0000 -107.1000
v 81.6500 210.0000 -107.1000
v 81.6500 170.0000 107.1000
v 82.1500 170.0000 107.1000
v 82.1500 210.0000 107.1000
v 81.6500 210.0000 107.1000
v -107.1000 170.0000 81.6500
v 107.1000 170.0000 81.6500
v 107.1000 210.0000 81.6500
v -107.1000 210.0000 81.6500
v -107.1000 170.0000 82.1500
v 107.1000 170.0000 82.1500
v 107.1000 210.0000 82.1500
v -107.1000 210.0000 82.1500
v 94.2500 170.0000 -107.1000
v 94.7500 170.0000 -107.1000
v 94.7500 210.0000 -107.1000
v 94.2500 210.0000 -107.1000
v 94.2500 170.0000 107.1000
v 94.7500 170.0000 107.1000
v 94.7500 210.0000 107.1000
v 94.2500 210.0000 107.1000
v -107.1000 170.0000 94.2500
v 107.1000 170.0000 94.2500
v 107.1000 210.0000 94.2500
v -107.1000 210.0000 94.2500
v -107.1000 170.0000 94.7500
v 107.1000 170.0000 94.7500
v 107.1000 210.0000 94.7500
v -107.1000 210.0000 94.7500
v 106.5000 170.0000 -107.1000
v 107.7000 170.0000 -107.1000
v 107.7000 210.0000 -107.1000
v 106.5000 210.0000 -107.1000
v 106.5000 170.0000 107.1000
v 107.7000 170.0000 107.1000
v 107.7000 210.0000 107.1000
v 106.5000 210.0000 107.1000
v -107.1000 170.0000 106.5000
v 107.1000 170.0000 106.5000
v 107.1000 210.0000 106.5000
v -107.1000 210.0000 106.5000
v -107.1000 170.0000 107.7000
v 107.1000 170.0000 107.7000
v 107.1000 210.0000 107.7000
v -107.1000 210.0000 107.7000
v -107.7000 385.0000 -107.1000
v -106.5000 385.0000 -107.1000
v -106.5000 425.0000 -107.1000
v -107.7000 425.0000 -107.1000
v -107.7000 385.0000 107.1000
v -106.5000 385.0000 107.1000
v -106.5000 425.0000 107.1000
v -107.7000 425.0000 107.1000
v -107.1000 385.0000 -107.7000
v 107.1000 385.0000 -107.7000
v 107.1000 425.0000 -107.7000
v -107.1000 425.0000 -107.7000
v -107.1000 385.0000 -106.5000
v 107.1000 385.0000 -106.5000
v 107.1000 425.0000 -106.5000
v -107.1000 425.0000 -106.5000
v -94.7500 385.0000 -107.1000
v -94.2500 385.0000 -107.1000
v -94.2500 425.0000 -107.1000
v -94.7500 425.0000 -107.1000
v -94.7500 385.0000 107.1000
v -94.2500 385.0000 107.1000
v -94.2500 425.0000 107.1000
v -94.7500 425.0000 107.1000
v -107.1000 385.0000 -94.7500
v 107.1000 385.0000 -94.7500
v 107.1000 425.0000 -94.7500
v -107.1000 425.0000 -94.7500
v -107.1000 385.0000 -94.2500
v 107.1000 385.0000 -94.2500
v 107.1000 425.0000 -94.2500
v -107.1000 425.0000 -94.2500
v -82.1500 385.0000 -107.1000
v -81.6500 385.0000 -107.1000
v -81.6500 425.0000 -107.1000
v -82.1500 425.0000 -107.1000
v -82.1500 385.0000 107.1000
v -81.6500 385.0000 107.1000
v -81.6500 425.0000 107.1000
v -82.1500 425.0000 107.1000
v -107.1000 385.0000 -82.1500
v 107.1000 385.0000 -82.1500
v 107.1000 425.0000 -82.1500
v -107.1000 425.0000 -82.1500
v -107.1000 385.0000 -81.6500
v 107.1000 385.0000 -81.6500
v 107.1000 425.0000 -81.6500
v -107.1000 425.0000 -81.6500
v -69.5500 385.0000 -107.1000
v -69.0500 385.0000 -107.1000
v -69.0500 425.0000 -107.1000
v -69.5500 425.0000 -107.1000
v -69.5500 385.0000 107.1000
v -69.0500 385.0000 107.1000
v -69.0500 425.0000 107.1000
v -69.5500 425.0000 107.1000
v -107.1000 385.0000 -69.5500
v 107.1000 385.0000 -69.5500
v 107.1000 425.0000 -69.5500
v -107.1000 425.0000 -69.5500
v -107.1000 385.0000 -69.0500
v 107.1000 385.0000 -69.0500
v 107.1000 425.0000 -69.0500
v -107.1000 425.0000 -69.0500
v -56.9500 385.0000 -107.1000
v -56.4500 385.0000 -107.1000
v -56.4500 425.0000 -107.1000
v -56.9500 425.0000 -107.1000
v -56.9500 385.0000 107.1000
v -56.4500 385.0000 107.1000
v -56.4500 425.0000 107.1000
v -56.9500 425.0000 107.1000
v -107.1000 385.0000 -56.9500
v 107.1000 385.0000 -56.9500
v 107.1000 425.0000 -56.9500
v -107.1000 425.0000 -56.9500
v -107.1000 385.0000 -56.4500
v 107.1000 385.0000 -56.4500
v 107.1000 425.0000 -56.4500
v -107.1000 425.0000 -56.4500
v -44.3500 385.0000 -107.1000
v -43.8500 385.0000 -107.1000
v -43.8500 425.0000 -107.1000
v -44.3500 425.0000 -107.1000
v -44.3500 385.0000 107.1000
v -43.8500 385.0000 107.1000
v -43.8500 425.0000 107.1000
v -44.3500 425.0000 107.1000
v -107.1000 385.0000 -44.3500
v 107.1000 385.0000 -44.3500
v 107.1000 425.0000 -44.3500
v -107.1000 425.0000 -44.3500
v -107.1000 385.0000 -43.8500
v 107.1000 385.0000 -43.8500
v 107.1000 425.0000 -43.8500
v -107.1000 425.0000 -43.8500
v -31.7500 385.0000 -107.1000
v -31.2500 385.0000 -107.1000
v -31.2500 425.0000 -107.1000
v -31.7500 425.0000 -107.1000
v -31.7500 385.0000 107.1000
v -31.2500 385.0000 107.1000
v -31.2500 425.0000 107.1000
v -31.7500 425.0000 107.1000
v -107.1000 385.0000 -31.7500
v 107.1000 385.0000 -31.7500
v 107.1000 425.0000 -31.7500
v -107.1000 425.0000 -31.7500
v -107.1000 385.0000 -31.2500
v 107.1000 385.0000 -31.2500
v 107.1000 425.0000 -31.2500
v -107.1000 425.0000 -31.2500
v -19.1500 385.0000 -107.1000
v -18.6500 385.0000 -107.1000
v -18.6500 425.0000 -107.1000
v -19.1500 425.0000 -107.1000
v -19.1500 385.0000 107.1000
v -18.6500 385.0000 107.1000
v -18.6500 425.0000 107.1000
v -19.1500 425.0000 107.1000
v -107.1000 385.0000 -19.1500
v 107.1000 385.0000 -19.1500
v 107.1000 425.0000 -19.1500
v -107.1000 425.0000 -19.1500
v -107.1000 385.0000 -18.6500
v 107.1000 385.0000 -18.6500
v 107.1000 425.0000 -18.6500
v -107.1000 425.0000 -18.6500
v -6.5500 385.0000 -107.1000
v -6.0500 385.0000 -107.1000
v -6.0500 425.0000 -107.1000
v -6.5500 425.0000 -107.1000
v -6.5500 385.0000 107.1000
v -6.0500 385.0000 107.1000
v -6.0500 425.0000 107.1000
v -6.5500 425.0000 107.1000
v -107.1000 385.0000 -6.5500
v 107.1000 385.0000 -6.5500
v 107.1000 425.0000 -6.5500
v -107.1000 425.0000 -6.5500
v -107.1000 385.0000 -6.0500
v 107.1000 385.0000 -6.0500
v 107.1000 425.0000 -6.0500
v -107.1000 425.0000 -6.0500
v 6.0500 385.0000 -107.1000
v 6.5500 385.0000 -107.1000
v 6.5500 425.0000 -107.1000
v 6.0500 425.0000 -107.1000
v 6.0500 385.0000 107.1000
v 6.5500 385.0000 107.1000
v 6.5500 425.0000 107.1000
v 6.0500 425.0000 107.1000
v -107.1000 385.0000 6.0500
v 107.1000 385.0000 6.0500
v 107.1000 425.0000 6.0500
v -107.1000 425.0000 6.0500
v -107.1000 385.0000 6.5500
v 107.1000 385.0000 6.5500
v 107.1000 425.0000 6.5500
v -107.1000 425.0000 6.5500
v 18.6500 385.0000 -107.1000
v 19.1500 385.0000 -107.1000
v 19.1500 425.0000 -107.1000
v 18.6500 425.0000 -107.1000
v 18.6500 385.0000 107.1000
v 19.1500 385.0000 107.1000
v 19.1500 425.0000 107.1000
v 18.6500 425.0000 107.1000
v -107.1000 385.0000 18.6500
v 107.1000 385.0000 18.6500
v 107.1000 425.0000 18.6500
v -107.1000 425.0000 18.6500
v -107.1000 385.0000 19.1500
v 107.1000 385.0000 19.1500
v 107.1000 425.0000 19.1500
v -107.1000 425.0000 19.1500
v 31.2500 385.0000 -107.1000
v 31.7500 385.0000 -107.1000
v 31.7500 425.0000 -107.1000
v 31.2500 425.0000 -107.1000
v 31.2500 385.0000 107.1000
v 31.7500 385.0000 107.1000
v 31.7500 425.0000 107.1000
v 31.2500 425.0000 107.1000
v -107.1000 385.0000 31.2500
v 107.1000 385.0000 31.2500
v 107.1000 425.0000 31.2500
v -107.1000 425.0000 31.2500
v -107.1000 385.0000 31.7500
v 107.1000 385.0000 31.7500
v 107.1000 425.0000 31.7500
v -107.1000 425.0000 31.7500
v 43.8500 385.0000 -107.1000
v 44.3500 385.0000 -107.1000
v 44.3500 425.0000 -107.1000
v 43.8500 425.0000 -107.1000
v 43.8500 385.0000 107.1000
v 44.3500 385.0000 107.1000
v 44.3500 425.0000 107.1000
v 43.8500 425.0000 107.1000
v -107.1000 385.0000 43.8500
v 107.1000 385.0000 43.8500
v 107.1000 425.0000 43.8500
v -107.1000 425.0000 43.8500
v -107.1000 385.0000 44.3500
v 107.1000 385.0000 44.3500
v 107.1000 425.0000 44.3500
v -107.1000 425.0000 44.3500
v 56.4500 385.0000 -107.1000
v 56.9500 385.0000 -107.1000
v 56.9500 425.0000 -107.1000
v 56.4500 425.0000 -107.1000
v 56.4500 385.0000 107.1000
v 56.9500 385.0000 107.1000
v 56.9500 425.0000 107.1000
v 56.4500 425.0000 107.1000
v -107.1000 385.0000 56.4500
v 107.1000 385.0000 56.4500
v 107.1000 425.0000 56.4500
v -107.1000 425.0000 56.4500
v -107.1000 385.0000 56.9500
v 107.1000 385.0000 56.9500
v 107.1000 425.0000 56.9500
v -107.1000 425.0000 56.9500
v 69.0500 385.0000 -107.1000
v 69.5500 385.0000 -107.1000
v 69.5500 425.0000 -107.1000
v 69.0500 425.0000 -107.1000
v 69.0500 385.0000 107.1000
v 69.5500 385.0000 107.1000
v 69.5500 425.0000 107.1000
v 69.0500 425.0000 107.1000
v -107.1000 385.0000 69.0500
v 107.1000 385.0000 69.0500
v 107.1000 425.0000 69.0500
v -107.1000 425.0000 69.0500
v -107.1000 385.0000 69.5500
v 107.1000 385.0000 69.5500
v 107.1000 425.0000 69.5500
v -107.1000 425.0000 69.5500
v 81.6500 385.0000 -107.1000
v 82.1500 385.0000 -107.1000
v 82.1500 425.0000 -107.1000
v 81.6500 425.0000 -107.1000
v 81.6500 385.0000 107.1000
v 82.1500 385.0000 107.1000
v 82.1500 425.0000 107.1000
v 81.6500 425.0000 107.1000
v -107.1000 385.0000 81.6500
v 107.1000 385.0000 81.6500
v 107.1000 425.0000 81.6500
v -107.1000 425.0000 81.6500
v -107.1000 385.0000 82.1500
v 107.1000 385.0000 82.1500
v 107.1000 425.0000 82.1500
v -107.1000 425.0000 82.1500
v 94.2500 385.0000 -107.1000
v 94.7500 385.0000 -107.1000
v 94.7500 425.0000 -107.1000
v 94.2500 425.0000 -107.1000
v 94.2500 385.0000 107.1000
v 94.7500 385.0000 107.1000
v 94.7500 425.0000 107.1000
v 94.2500 425.0000 107.1000
v -107.1000 385.0000 94.2500
v 107.1000 385.0000 94.2500
v 107.1000 425.0000 94.2500
v -107.1000 425.0000 94.2500
v -107.1000 385.0000 94.7500
v 107.1000 385.0000 94.7500
v 107.1000 425.0000 94.7500
v -107.1000 425.0000 94.7500
v 106.5000 385.0000 -107.1000
v 107.7000 385.0000 -107.1000
v 107.7000 425.0000 -107.1000
v 106.5000 425.0000 -107.1000
v 106.5000 385.0000 107.1000
v 107.7000 385.0000 107.1000
v 107.7000 425.0000 107.1000
v 106.5000 425.0000 107.1000
v -107.1000 385.0000 106.5000
v 107.1000 385.0000 106.5000
v 107.1000 425.0000 106.5000
v -107.1000 425.0000 106.5000
v -107.1000 385.0000 107.7000
v 107.1000 385.0000 107.7000
v 107.1000 425.0000 107.7000
v -107.1000 425.0000 107.7000
v -107.7000 600.0000 -107.1000
v -106.5000 600.0000 -107.1000
v -106.5000 640.0000 -107.1000
v -107.7000 640.0000 -107.1000
v -107.7000 600.0000 107.1000
v -106.5000 600.0000 107.1000
v -106.5000 640.0000 107.1000
v -107.7000 640.0000 107.1000
v -107.1000 600.0000 -107.7000
v 107.1000 600.0000 -107.7000
v 107.1000 640.0000 -107.7000
v -107.1000 640.0000 -107.7000
v -107.1000 600.0000 -106.5000
v 107.1000 600.0000 -106.5000
v 107.1000 640.0000 -106.5000
v -107.1000 640.0000 -106.5000
v -94.7500 600.0000 -107.1000
v -94.2500 600.0000 -107.1000
v -94.2500 640.0000 -107.1000
v -94.7500 640.0000 -107.1000
v -94.7500 600.0000 107.1000
v -94.2500 600.0000 107.1000
v -94.2500 640.0000 107.1000
v -94.7500 640.0000 107.1000
v -107.1000 600.0000 -94.7500
v 107.1000 600.0000 -94.7500
v 107.1000 640.0000 -94.7500
v -107.1000 640.0000 -94.7500
v -107.1000 600.0000 -94.2500
v 107.1000 600.0000 -94.2500
v 107.1000 640.0000 -94.2500
v -107.1000 640.0000 -94.2500
v -82.1500 600.0000 -107.1000
v -81.6500 600.0000 -107.1000
v -81.6500 640.0000 -107.1000
v -82.1500 640.0000 -107.1000
v -82.1500 600.0000 107.1000
v -81.6500 600.0000 107.1000
v -81.6500 640.0000 107.1000
v -82.1500 640.0000 107.1000
v -107.1000 600.0000 -82.1500
v 107.1000 600.0000 -82.1500
v 107.1000 640.0000 -82.1500
v -107.1000 640.0000 -82.1500
v -107.1000 600.0000 -81.6500
v 107.1000 600.0000 -81.6500
v 107.1000 640.0000 -81.6500
v -107.1000 640.0000 -81.6500
v -69.5500 600.0000 -107.1000
v -69.0500 600.0000 -107.1000
v -69.0500 640.0000 -107.1000
v -69.5500 640.0000 -107.1000
v -69.5500 600.0000 107.1000
v -69.0500 600.0000 107.1000
v -69.0500 640.0000 107.1000
v -69.5500 640.0000 107.1000
v -107.1000 600.0000 -69.5500
v 107.1000 600.0000 -69.5500
v 107.1000 640.0000 -69.5500
v -107.1000 640.0000 -69.5500
v -107.1000 600.0000 -69.0500
v 107.1000 600.0000 -69.0500
v 107.1000 640.0000 -69.0500
v -107.1000 640.0000 -69.0500
v -56.9500 600.0000 -107.1000
v -56.4500 600.0000 -107.1000
v -56.4500 640.0000 -107.1000
v -56.9500 640.0000 -107.1000
v -56.9500 600.0000 107.1000
v -56.4500 600.0000 107.1000
v -56.4500 640.0000 107.1000
v -56.9500 640.0000 107.1000
v -107.1000 600.0000 -56.9500
v 107.1000 600.0000 -56.9500
v 107.1000 640.0000 -56.9500
v -107.1000 640.0000 -56.9500
v -107.1000 600.0000 -56.4500
v 107.1000 600.0000 -56.4500
v 107.1000 640.0000 -56.4500
v -107.1000 640.0000 -56.4500
v -44.3500 600.0000 -107.1000
v -43.8500 600.0000 -107.1000
v -43.8500 640.0000 -107.1000
v -44.3500 640.0000 -107.1000
v -44.3500 600.0000 107.1000
v -43.8500 600.0000 107.1000
v -43.8500 640.0000 107.1000
v -44.3500 640.0000 107.1000
v -107.1000 600.0000 -44.3500
v 107.1000 600.0000 -44.3500
v 107.1000 640.0000 -44.3500
v -107.1000 640.0000 -44.3500
v -107.1000 600.0000 -43.8500
v 107.1000 600.0000 -43.8500
v 107.1000 640.0000 -43.8500
v -107.1000 640.0000 -43.8500
v -31.7500 600.0000 -107.1000
v -31.2500 600.0000 -107.1000
v -31.2500 640.0000 -107.1000
v -31.7500 640.0000 -107.1000
v -31.7500 600.0000 107.1000
v -31.2500 600.0000 107.1000
v -31.2500 640.0000 107.1000
v -31.7500 640.0000 107.1000
v -107.1000 600.0000 -31.7500
v 107.1000 600.0000 -31.7500
v 107.1000 640.0000 -31.7500
v -107.1000 640.0000 -31.7500
v -107.1000 600.0000 -31.2500
v 107.1000 600.0000 -31.2500
v 107.1000 640.0000 -31.2500
v -107.1000 640.0000 -31.2500
v -19.1500 600.0000 -107.1000
v -18.6500 600.0000 -107.1000
v -18.6500 640.0000 -107.1000
v -19.1500 640.0000 -107.1000
v -19.1500 600.0000 107.1000
v -18.6500 600.0000 107.1000
v -18.6500 640.0000 107.1000
v -19.1500 640.0000 107.1000
v -107.1000 600.0000 -19.1500
v 107.1000 600.0000 -19.1500
v 107.1000 640.0000 -19.1500
v -107.1000 640.0000 -19.1500
v -107.1000 600.0000 -18.6500
v 107.1000 600.0000 -18.6500
v 107.1000 640.0000 -18.6500
v -107.1000 640.0000 -18.6500
v -6.5500 600.0000 -107.1000
v -6.0500 600.0000 -107.1000
v -6.0500 640.0000 -107.1000
v -6.5500 640.0000 -107.1000
v -6.5500 600.0000 107.1000
v -6.0500 600.0000 107.1000
v -6.0500 640.0000 107.1000
v -6.5500 640.0000 107.1000
v -107.1000 600.0000 -6.5500
v 107.1000 600.0000 -6.5500
v 107.1000 640.0000 -6.5500
v -107.1000 640.0000 -6.5500
v -107.1000 600.0000 -6.0500
v 107.1000 600.0000 -6.0500
v 107.1000 640.0000 -6.0500
v -107.1000 640.0000 -6.0500
v 6.0500 600.0000 -107.1000
v 6.5500 600.0000 -107.1000
v 6.5500 640.0000 -107.1000
v 6.0500 640.0000 -107.1000
v 6.0500 600.0000 107.1000
v 6.5500 600.0000 107.1000
v 6.5500 640.0000 107.1000
v 6.0500 640.0000 107.1000
v -107.1000 600.0000 6.0500
v 107.1000 600.0000 6.0500
v 107.1000 640.0000 6.0500
v -107.1000 640.0000 6.0500
v -107.1000 600.0000 6.5500
v 107.1000 600.0000 6.5500
v 107.1000 640.0000 6.5500
v -107.1000 640.0000 6.5500
v 18.6500 600.0000 -107.1000
v 19.1500 600.0000 -107.1000
v 19.1500 640.0000 -107.1000
v 18.6500 640.0000 -107.1000
v 18.6500 600.0000 107.1000
v 19.1500 600.0000 107.1000
v 19.1500 640.0000 107.1000
v 18.6500 640.0000 107.1000
v -107.1000 600.0000 18.6500
v 107.1000 600.0000 18.6500
v 107.1000 640.0000 18.6500
v -107.1000 640.0000 18.6500
v -107.1000 600.0000 19.1500
v 107.1000 600.0000 19.1500
v 107.1000 640.0000 19.1500
v -107.1000 640.0000 19.1500
v 31.2500 600.0000 -107.1000
v 31.7500 600.0000 -107.1000
v 31.7500 640.0000 -107.1000
v 31.2500 640.0000 -107.1000
v 31.2500 600.0000 107.1000
v 31.7500 600.0000 107.1000
v 31.7500 640.0000 107.1000
v 31.2500 640.0000 107.1000
v -107.1000 600.0000 31.2500
v 107.1000 600.0000 31.2500
v 107.1000 640.0000 31.2500
v -107.1000 640.0000 31.2500
v -107.1000 600.0000 31.7500
v 107.1000 600.0000 31.7500
v 107.1000 640.0000 31.7500
v -107.1000 640.0000 31.7500
v 43.8500 600.0000 -107.1000
v 44.3500 600.0000 -107.1000
v 44.3500 640.0000 -107.1000
v 43.8500 640.0000 -107.1000
v 43.8500 600.0000 107.1000
v 44.3500 600.0000 107.1000
v 44.3500 640.0000 107.1000
v 43.8500 640.0000 107.1000
v -107.1000 600.0000 43.8500
v 107.1000 600.0000 43.8500
v 107.1000 640.0000 43.8500
v -107.1000 640.0000 43.8500
v -107.1000 600.0000 44.3500
v 107.1000 600.0000 44.3500
v 107.1000 640.0000 44.3500
v -107.1000 640.0000 44.3500
v 56.4500 600.0000 -107.1000
v 56.9500 600.0000 -107.1000
v 56.9500 640.0000 -107.1000
v 56.4500 640.0000 -107.1000
v 56.4500 600.0000 107.1000
v 56.9500 600.0000 107.1000
v 56.9500 640.0000 107.1000
v 56.4500 640.0000 107.1000
v -107.1000 600.0000 56.4500
v 107.1000 600.0000 56.4500
v 107.1000 640.0000 56.4500
v -107.1000 640.0000 56.4500
v -107.1000 600.0000 56.9500
v 107.1000 600.0000 56.9500
v 107.1000 640.0000 56.9500
v -107.1000 640.0000 56.9500
v 69.0500 600.0000 -107.1000
v 69.5500 600.0000 -107.1000
v 69.5500 640.0000 -107.1000
v 69.0500 640.0000 -107.1000
v 69.0500 600.0000 107.1000
v 69.5500 600.0000 107.1000
v 69.5500 640.0000 107.1000
v 69.0500 640.0000 107.1000
v -107.1000 600.0000 69.0500
v 107.1000 600.0000 69.0500
v 107.1000 640.0000 69.0500
v -107.1000 640.0000 69.0500
v -107.1000 600.0000 69.5500
v 107.1000 600.0000 69.5500
v 107.1000 640.0000 69.5500
v -107.1000 640.0000 69.5500
v 81.6500 600.0000 -107.1000
v 82.1500 600.0000 -107.1000
v 82.1500 640.0000 -107.1000
v 81.6500 640.0000 -107.1000
v 81.6500 600.0000 107.1000
v 82.1500 600.0000 107.1000
v 82.1500 640.0000 107.1000
v 81.6500 640.0000 107.1000
v -107.1000 600.0000 81.6500
v 107.1000 600.0000 81.6500
v 107.1000 640.0000 81.6500
v -107.1000 640.0000 81.6500
v -107.1000 600.0000 82.1500
v 107.1000 600.0000 82.1500
v 107.1000 640.0000 82.1500
v -107.1000 640.0000 82.1500
v 94.2500 600.0000 -107.1000
v 94.7500 600.0000 -107.1000
v 94.7500 640.0000 -107.1000
v 94.2500 640.0000 -107.1000
v 94.2500 600.0000 107.1000
v 94.7500 600.0000 107.1000
v 94.7500 640.0000 107.1000
v 94.2500 640.0000 107.1000
v -107.1000 600.0000 94.2500
v 107.1000 600.0000 94.2500
v 107.1000 640.0000 94.2500
v -107.1000 640.0000 94.2500
v -107.1000 600.0000 94.7500
v 107.1000 600.0000 94.7500
v 107.1000 640.0000 94.7500
v -107.1000 640.0000 94.7500
v 106.5000 600.0000 -107.1000
v 107.7000 600.0000 -107.1000
v 107.7000 640.0000 -107.1000
v 106.5000 640.0000 -107.1000
v 106.5000 600.0000 107.1000
v 107.7000 600.0000 107.1000
v 107.7000 640.0000 107.1000
v 106.5000 640.0000 107.1000
v -107.1000 600.0000 106.5000
v 107.1000 600.0000 106.5000
v 107.1000 640.0000 106.5000
v -107.1000 640.0000 106.5000
v -107.1000 600.0000 107.7000
v 107.1000 600.0000 107.7000
v 107.1000 640.0000 107.7000
v -107.1000 640.0000 107.7000
v -107.7000 815.0000 -107.1000
v -106.5000 815.0000 -107.1000
v -106.5000 855.0000 -107.1000
v -107.7000 855.0000 -107.1000
v -107.7000 815.0000 107.1000
v -106.5000 815.0000 107.1000
v -106.5000 855.0000 107.1000
v -107.7000 855.0000 107.1000
v -107.1000 815.0000 -107.7000
v 107.1000 815.0000 -107.7000
v 107.1000 855.0000 -107.7000
v -107.1000 855.0000 -107.7000
v -107.1000 815.0000 -106.5000
v 107.1000 815.0000 -106.5000
v 107.1000 855.0000 -106.5000
v -107.1000 855.0000 -106.5000
v -94.7500 815.0000 -107.1000
v -94.2500 815.0000 -107.1000
v -94.2500 855.0000 -107.1000
v -94.7500 855.0000 -107.1000
v -94.7500 815.0000 107.1000
v -94.2500 815.0000 107.1000
v -94.2500 855.0000 107.1000
v -94.7500 855.0000 107.1000
v -107.1000 815.0000 -94.7500
v 107.1000 815.0000 -94.7500
v 107.1000 855.0000 -94.7500
v -107.1000 855.0000 -94.7500
v -107.1000 815.0000 -94.2500
v 107.1000 815.0000 -94.2500
v 107.1000 855.0000 -94.2500
v -107.1000 855.0000 -94.2500
v -82.1500 815.0000 -107.1000
v -81.6500 815.0000 -107.1000
v -81.6500 855.0000 -107.1000
v -82.1500 855.0000 -107.1000
v -82.1500 815.0000 107.1000
v -81.6500 815.0000 107.1000
v -81.6500 855.0000 107.1000
v -82.1500 855.0000 107.1000
v -107.1000 815.0000 -82.1500
v 107.1000 815.0000 -82.1500
v 107.1000 855.0000 -82.1500
v -107.1000 855.0000 -82.1500
v -107.1000 815.0000 -81.6500
v 107.1000 815.0000 -81.6500
v 107.1000 855.0000 -81.6500
v -107.1000 855.0000 -81.6500
v -69.5500 815.0000 -107.1000
v -69.0500 815.0000 -107.1000
v -69.0500 855.0000 -107.1000
v -69.5500 855.0000 -107.1000
v -69.5500 815.0000 107.1000
v -69.0500 815.0000 107.1000
v -69.0500 855.0000 107.1000
v -69.5500 855.0000 107.1000
v -107.1000 815.0000 -69.5500
v 107.1000 815.0000 -69.5500
v 107.1000 855.0000 -69.5500
v -107.1000 855.0000 -69.5500
v -107.1000 815.0000 -69.0500
v 107.1000 815.0000 -69.0500
v 107.1000 855.0000 -69.0500
v -107.1000 855.0000 -69.0500
v -56.9500 815.0000 -107.1000
v -56.4500 815.0000 -107.1000
v -56.4500 855.0000 -107.1000
v -56.9500 855.0000 -107.1000
v -56.9500 815.0000 107.1000
v -56.4500 815.0000 107.1000
v -56.4500 855.0000 107.1000
v -56.9500 855.0000 107.1000
v -107.1000 815.0000 -56.9500
v 107.1000 815.0000 -56.9500
v 107.1000 855.0000 -56.9500
v -107.1000 855.0000 -56.9500
v -107.1000 815.0000 -56.4500
v 107.1000 815.0000 -56.4500
v 107.1000 855.0000 -56.4500
v -107.1000 855.0000 -56.4500
v -44.3500 815.0000 -107.1000
v -43.8500 815.0000 -107.1000
v -43.8500 855.0000 -107.1000
v -44.3500 855.0000 -107.1000
v -44.3500 815.0000 107.1000
v -43.8500 815.0000 107.1000
v -43.8500 855.0000 107.1000
v -44.3500 855.0000 107.1000
v -107.1000 815.0000 -44.3500
v 107.1000 815.0000 -44.3500
v 107.1000 855.0000 -44.3500
v -107.1000 855.0000 -44.3500
v -107.1000 815.0000 -43.8500
v 107.1000 815.0000 -43.8500
v 107.1000 855.0000 -43.8500
v -107.1000 855.0000 -43.8500
v -31.7500 815.0000 -107.1000
v -31.2500 815.0000 -107.1000
v -31.2500 855.0000 -107.1000
v -31.7500 855.0000 -107.1000
v -31.7500 815.0000 107.1000
v -31.2500 815.0000 107.1000
v -31.2500 855.0000 107.1000
v -31.7500 855.0000 107.1000
v -107.1000 815.0000 -31.7500
v 107.1000 815.0000 -31.7500
v 107.1000 855.0000 -31.7500
v -107.1000 855.0000 -31.7500
v -107.1000 815.0000 -31.2500
v 107.1000 815.0000 -31.2500
v 107.1000 855.0000 -31.2500
v -107.1000 855.0000 -31.2500
v -19.1500 815.0000 -107.1000
v -18.6500 815.0000 -107.1000
v -18.6500 855.0000 -107.1000
v -19.1500 855.0000 -107.1000
v -19.1500 815.0000 107.1000
v -18.6500 815.0000 107.1000
v -18.6500 855.0000 107.1000
v -19.1500 855.0000 107.1000
v -107.1000 815.0000 -19.1500
v 107.1000 815.0000 -19.1500
v 107.1000 855.0000 -19.1500
v -107.1000 855.0000 -19.1500
v -107.1000 815.0000 -18.6500
v 107.1000 815.0000 -18.6500
v 107.1000 855.0000 -18.6500
v -107.1000 855.0000 -18.6500
v -6.5500 815.0000 -107.1000
v -6.0500 815.0000 -107.1000
v -6.0500 855.0000 -107.1000
v -6.5500 855.0000 -107.1000
v -6.5500 815.0000 107.1000
v -6.0500 815.0000 107.1000
v -6.0500 855.0000 107.1000
v -6.5500 855.0000 107.1000
v -107.1000 815.0000 -6.5500
v 107.1000 815.0000 -6.5500
v 107.1000 855.0000 -6.5500
v -107.1000 855.0000 -6.5500
v -107.1000 815.0000 -6.0500
v 107.1000 815.0000 -6.0500
v 107.1000 855.0000 -6.0500
v -107.1000 855.0000 -6.0500
v 6.0500 815.0000 -107.1000
v 6.5500 815.0000 -107.1000
v 6.5500 855.0000 -107.1000
v 6.0500 855.0000 -107.1000
v 6.0500 815.0000 107.1000
v 6.5500 815.0000 107.1000
v 6.5500 855.0000 107.1000
v 6.0500 855.0000 107.1000
v -107.1000 815.0000 6.0500
v 107.1000 815.0000 6.0500
v 107.1000 855.0000 6.0500
v -107.1000 855.0000 6.0500
v -107.1000 815.0000 6.5500
v 107.1000 815.0000 6.5500
v 107.1000 855.0000 6.5500
v -107.1000 855.0000 6.5500
v 18.6500 815.0000 -107.1000
v 19.1500 815.0000 -107.1000
v 19.1500 855.0000 -107.1000
v 18.6500 855.0000 -107.1000
v 18.6500 815.0000 107.1000
v 19.1500 815.0000 107.1000
v 19.1500 855.0000 107.1000
v 18.6500 855.0000 107.1000
v -107.1000 815.0000 18.6500
v 107.1000 815.0000 18.6500
v 107.1000 855.0000 18.6500
v -107.1000 855.0000 18.6500
v -107.1000 815.0000 19.1500
v 107.1000 815.0000 19.1500
v 107.1000 855.0000 19.1500
v -107.1000 855.0000 19.1500
v 31.2500 815.0000 -107.1000
v 31.7500 815.0000 -107.1000
v 31.7500 855.0000 -107.1000
v 31.2500 855.0000 -107.1000
v 31.2500 815.0000 107.1000
v 31.7500 815.0000 107.1000
v 31.7500 855.0000 107.1000
v 31.2500 855.0000 107.1000
v -107.1000 815.0000 31.2500
v 107.1000 815.0000 31.2500
v 107.1000 855.0000 31.2500
v -107.1000 855.0000 31.2500
v -107.1000 815.0000 31.7500
v 107.1000 815.0000 31.7500
v 107.1000 855.0000 31.7500
v -107.1000 855.0000 31.7500
v 43.8500 815.0000 -107.1000
v 44.3500 815.0000 -107.1000
v 44.3500 855.0000 -107.1000
v 43.8500 855.0000 -107.1000
v 43.8500 815.0000 107.1000
v 44.3500 815.0000 107.1000
v 44.3500 855.0000 107.1000
v 43.8500 855.0000 107.1000
v -107.1000 815.0000 43.8500
v 107.1000 815.0000 43.8500
v 107.1000 855.0000 43.8500
v -107.1000 855.0000 43.8500
v -107.1000 815.0000 44.3500
v 107.1000 815.0000 44.3500
v 107.1000 855.0000 44.3500
v -107.1000 855.0000 44.3500
v 56.4500 815.0000 -107.1000
v 56.9500 815.0000 -107.1000
v 56.9500 855.0000 -107.1000
v 56.4500 855.0000 -107.1000
v 56.4500 815.0000 107.1000
v 56.9500 815.0000 107.1000
v 56.9500 855.0000 107.1000
v 56.4500 855.0000 107.1000
v -107.1000 815.0000 56.4500
v 107.1000 815.0000 56.4500
v 107.1000 855.0000 56.4500
v -107.1000 855.0000 56.4500
v -107.1000 815.0000 56.9500
v 107.1000 815.0000 56.9500
v 107.1000 855.0000 56.9500
v -107.1000 855.0000 56.9500
v 69.0500 815.0000 -107.1000
v 69.5500 815.0000 -107.1000
v 69.5500 855.0000 -107.1000
v 69.0500 855.0000 -107.1000
v 69.0500 815.0000 107.1000
v 69.5500 815.0000 107.1000
v 69.5500 855.0000 107.1000
v 69.0500 855.0000 107.1000
v -107.1000 815.0000 69.0500
v 107.1000 815.0000 69.0500
v 107.1000 855.0000 69.0500
v -107.1000 855.0000 69.0500
v -107.1000 815.0000 69.5500
v 107.1000 815.0000 69.5500
v 107.1000 855.0000 69.5500
v -107.1000 855.0000 69.5500
v 81.6500 815.0000 -107.1000
v 82.1500 815.0000 -107.1000
v 82.1500 855.0000 -107.1000
v 81.6500 855.0000 -107.1000
v 81.6500 815.0000 107.1000
v 82.1500 815.0000 107.1000
v 82.1500 855.0000 107.1000
v 81.6500 855.0000 107.1000
v -107.1000 815.0000 81.6500
v 107.1000 815.0000 81.6500
v 107.1000 855.0000 81.6500
v -107.1000 855.0000 81.6500
v -107.1000 815.0000 82.1500
v 107.1000 815.0000 82.1500
v 107.1000 855.0000 82.1500
v -107.1000 855.0000 82.1500
v 94.2500 815.0000 -107.1000
v 94.7500 815.0000 -107.1000
v 94.7500 855.0000 -107.1000
v 94.2500 855.0000 -107.1000
v 94.2500 815.0000 107.1000
v 94.7500 815.0000 107.1000
v 94.7500 855.0000 107.1000
v 94.2500 855.0000 107.1000
v -107.1000 815.0000 94.2500
v 107.1000 815.0000 94.2500
v 107.1000 855.0000 94.2500
v -107.1000 855.0000 94.2500
v -107.1000 815.0000 94.7500
v 107.1000 815.0000 94.7500
v 107.1000 855.0000 94.7500
v -107.1000 855.0000 94.7500
v 106.5000 815.0000 -107.1000
v 107.7000 815.0000 -107.1000
v 107.7000 855.0000 -107.1000
v 106.5000 855.0000 -107.1000
v 106.5000 815.0000 107.1000
v 107.7000 815.0000 107.1000
v 107.7000 855.0000 107.1000
v 106.5000 855.0000 107.1000
v -107.1000 815.0000 106.5000
v 107.1000 815.0000 106.5000
v 107.1000 855.0000 106.5000
v -107.1000 855.0000 106.5000
v -107.1000 815.0000 107.7000
v 107.1000 815.0000 107.7000
v 107.1000 855.0000 107.7000
v -107.1000 855.0000 107.7000
f 23121 23124 23123 23122
f 23125 23126 23127 23128
f 23121 23122 23126 23125
f 23123 23124 23128 23127
f 23122 23123 23127 23126
f 23121 23125 23128 23124
f 23129 23132 23131 23130
f 23133 23134 23135 23136
f 23129 23130 23134 23133
f 23131 23132 23136 23135
f 23130 23131 23135 23134
f 23129 23133 23136 23132
f 23137 23140 23139 23138
f 23141 23142 23143 23144
f 23137 23138 23142 23141
f 23139 23140 23144 23143
f 23138 23139 23143 23142
f 23137 23141 23144 23140
f 23145 23148 23147 23146
f 23149 23150 23151 23152
f 23145 23146 23150 23149
f 23147 23148 23152 23151
f 23146 23147 23151 23150
f 23145 23149 23152 23148
f 23153 23156 23155 23154
f 23157 23158 23159 23160
f 23153 23154 23158 23157
f 23155 23156 23160 23159
f 23154 23155 23159 23158
f 23153 23157 23160 23156
f 23161 23164 23163 23162
f 23165 23166 23167 23168
f 23161 23162 23166 23165
f 23163 23164 23168 23167
f 23162 23163 23167 23166
f 23161 23165 23168 23164
f 23169 23172 23171 23170
f 23173 23174 23175 23176
f 23169 23170 23174 23173
f 23171 23172 23176 23175
f 23170 23171 23175 23174
f 23169 23173 23176 23172
f 23177 23180 23179 23178
f 23181 23182 23183 23184
f 23177 23178 23182 23181
f 23179 23180 23184 23183
f 23178 23179 23183 23182
f 23177 23181 23184 23180
f 23185 23188 23187 23186
f 23189 23190 23191 23192
f 23185 23186 23190 23189
f 23187 23188 23192 23191
f 23186 23187 23191 23190
f 23185 23189 23192 23188
f 23193 23196 23195 23194
f 23197 23198 23199 23200
f 23193 23194 23198 23197
f 23195 23196 23200 23199
f 23194 23195 23199 23198
f 23193 23197 23200 23196
f 23201 23204 23203 23202
f 23205 23206 23207 23208
f 23201 23202 23206 23205
f 23203 23204 23208 23207
f 23202 23203 23207 23206
f 23201 23205 23208 23204
f 23209 23212 23211 23210
f 23213 23214 23215 23216
f 23209 23210 23214 23213
f 23211 23212 23216 23215
f 23210 23211 23215 23214
f 23209 23213 23216 23212
f 23217 23220 23219 23218
f 23221 23222 23223 23224
f 23217 23218 23222 23221
f 23219 23220 23224 23223
f 23218 23219 23223 23222
f 23217 23221 23224 23220
f 23225 23228 23227 23226
f 23229 23230 23231 23232
f 23225 23226 23230 23229
f 23227 23228 23232 23231
f 23226 23227 23231 23230
f 23225 23229 23232 23228
f 23233 23236 23235 23234
f 23237 23238 23239 23240
f 23233 23234 23238 23237
f 23235 23236 23240 23239
f 23234 23235 23239 23238
f 23233 23237 23240 23236
f 23241 23244 23243 23242
f 23245 23246 23247 23248
f 23241 23242 23246 23245
f 23243 23244 23248 23247
f 23242 23243 23247 23246
f 23241 23245 23248 23244
f 23249 23252 23251 23250
f 23253 23254 23255 23256
f 23249 23250 23254 23253
f 23251 23252 23256 23255
f 23250 23251 23255 23254
f 23249 23253 23256 23252
f 23257 23260 23259 23258
f 23261 23262 23263 23264
f 23257 23258 23262 23261
f 23259 23260 23264 23263
f 23258 23259 23263 23262
f 23257 23261 23264 23260
f 23265 23268 23267 23266
f 23269 23270 23271 23272
f 23265 23266 23270 23269
f 23267 23268 23272 23271
f 23266 23267 23271 23270
f 23265 23269 23272 23268
f 23273 23276 23275 23274
f 23277 23278 23279 23280
f 23273 23274 23278 23277
f 23275 23276 23280 23279
f 23274 23275 23279 23278
f 23273 23277 23280 23276
f 23281 23284 23283 23282
f 23285 23286 23287 23288
f 23281 23282 23286 23285
f 23283 23284 23288 23287
f 23282 23283 23287 23286
f 23281 23285 23288 23284
f 23289 23292 23291 23290
f 23293 23294 23295 23296
f 23289 23290 23294 23293
f 23291 23292 23296 23295
f 23290 23291 23295 23294
f 23289 23293 23296 23292
f 23297 23300 23299 23298
f 23301 23302 23303 23304
f 23297 23298 23302 23301
f 23299 23300 23304 23303
f 23298 23299 23303 23302
f 23297 23301 23304 23300
f 23305 23308 23307 23306
f 23309 23310 23311 23312
f 23305 23306 23310 23309
f 23307 23308 23312 23311
f 23306 23307 23311 23310
f 23305 23309 23312 23308
f 23313 23316 23315 23314
f 23317 23318 23319 23320
f 23313 23314 23318 23317
f 23315 23316 23320 23319
f 23314 23315 23319 23318
f 23313 23317 23320 23316
f 23321 23324 23323 23322
f 23325 23326 23327 23328
f 23321 23322 23326 23325
f 23323 23324 23328 23327
f 23322 23323 23327 23326
f 23321 23325 23328 23324
f 23329 23332 23331 23330
f 23333 23334 23335 23336
f 23329 23330 23334 23333
f 23331 23332 23336 23335
f 23330 23331 23335 23334
f 23329 23333 23336 23332
f 23337 23340 23339 23338
f 23341 23342 23343 23344
f 23337 23338 23342 23341
f 23339 23340 23344 23343
f 23338 23339 23343 23342
f 23337 23341 23344 23340
f 23345 23348 23347 23346
f 23349 23350 23351 23352
f 23345 23346 23350 23349
f 23347 23348 23352 23351
f 23346 23347 23351 23350
f 23345 23349 23352 23348
f 23353 23356 23355 23354
f 23357 23358 23359 23360
f 23353 23354 23358 23357
f 23355 23356 23360 23359
f 23354 23355 23359 23358
f 23353 23357 23360 23356
f 23361 23364 23363 23362
f 23365 23366 23367 23368
f 23361 23362 23366 23365
f 23363 23364 23368 23367
f 23362 23363 23367 23366
f 23361 23365 23368 23364
f 23369 23372 23371 23370
f 23373 23374 23375 23376
f 23369 23370 23374 23373
f 23371 23372 23376 23375
f 23370 23371 23375 23374
f 23369 23373 23376 23372
f 23377 23380 23379 23378
f 23381 23382 23383 23384
f 23377 23378 23382 23381
f 23379 23380 23384 23383
f 23378 23379 23383 23382
f 23377 23381 23384 23380
f 23385 23388 23387 23386
f 23389 23390 23391 23392
f 23385 23386 23390 23389
f 23387 23388 23392 23391
f 23386 23387 23391 23390
f 23385 23389 23392 23388
f 23393 23396 23395 23394
f 23397 23398 23399 23400
f 23393 23394 23398 23397
f 23395 23396 23400 23399
f 23394 23395 23399 23398
f 23393 23397 23400 23396
f 23401 23404 23403 23402
f 23405 23406 23407 23408
f 23401 23402 23406 23405
f 23403 23404 23408 23407
f 23402 23403 23407 23406
f 23401 23405 23408 23404
f 23409 23412 23411 23410
f 23413 23414 23415 23416
f 23409 23410 23414 23413
f 23411 23412 23416 23415
f 23410 23411 23415 23414
f 23409 23413 23416 23412
f 23417 23420 23419 23418
f 23421 23422 23423 23424
f 23417 23418 23422 23421
f 23419 23420 23424 23423
f 23418 23419 23423 23422
f 23417 23421 23424 23420
f 23425 23428 23427 23426
f 23429 23430 23431 23432
f 23425 23426 23430 23429
f 23427 23428 23432 23431
f 23426 23427 23431 23430
f 23425 23429 23432 23428
f 23433 23436 23435 23434
f 23437 23438 23439 23440
f 23433 23434 23438 23437
f 23435 23436 23440 23439
f 23434 23435 23439 23438
f 23433 23437 23440 23436
f 23441 23444 23443 23442
f 23445 23446 23447 23448
f 23441 23442 23446 23445
f 23443 23444 23448 23447
f 23442 23443 23447 23446
f 23441 23445 23448 23444
f 23449 23452 23451 23450
f 23453 23454 23455 23456
f 23449 23450 23454 23453
f 23451 23452 23456 23455
f 23450 23451 23455 23454
f 23449 23453 23456 23452
f 23457 23460 23459 23458
f 23461 23462 23463 23464
f 23457 23458 23462 23461
f 23459 23460 23464 23463
f 23458 23459 23463 23462
f 23457 23461 23464 23460
f 23465 23468 23467 23466
f 23469 23470 23471 23472
f 23465 23466 23470 23469
f 23467 23468 23472 23471
f 23466 23467 23471 23470
f 23465 23469 23472 23468
f 23473 23476 23475 23474
f 23477 23478 23479 23480
f 23473 23474 23478 23477
f 23475 23476 23480 23479
f 23474 23475 23479 23478
f 23473 23477 23480 23476
f 23481 23484 23483 23482
f 23485 23486 23487 23488
f 23481 23482 23486 23485
f 23483 23484 23488 23487
f 23482 23483 23487 23486
f 23481 23485 23488 23484
f 23489 23492 23491 23490
f 23493 23494 23495 23496
f 23489 23490 23494 23493
f 23491 23492 23496 23495
f 23490 23491 23495 23494
f 23489 23493 23496 23492
f 23497 23500 23499 23498
f 23501 23502 23503 23504
f 23497 23498 23502 23501
f 23499 23500 23504 23503
f 23498 23499 23503 23502
f 23497 23501 23504 23500
f 23505 23508 23507 23506
f 23509 23510 23511 23512
f 23505 23506 23510 23509
f 23507 23508 23512 23511
f 23506 23507 23511 23510
f 23505 23509 23512 23508
f 23513 23516 23515 23514
f 23517 23518 23519 23520
f 23513 23514 23518 23517
f 23515 23516 23520 23519
f 23514 23515 23519 23518
f 23513 23517 23520 23516
f 23521 23524 23523 23522
f 23525 23526 23527 23528
f 23521 23522 23526 23525
f 23523 23524 23528 23527
f 23522 23523 23527 23526
f 23521 23525 23528 23524
f 23529 23532 23531 23530
f 23533 23534 23535 23536
f 23529 23530 23534 23533
f 23531 23532 23536 23535
f 23530 23531 23535 23534
f 23529 23533 23536 23532
f 23537 23540 23539 23538
f 23541 23542 23543 23544
f 23537 23538 23542 23541
f 23539 23540 23544 23543
f 23538 23539 23543 23542
f 23537 23541 23544 23540
f 23545 23548 23547 23546
f 23549 23550 23551 23552
f 23545 23546 23550 23549
f 23547 23548 23552 23551
f 23546 23547 23551 23550
f 23545 23549 23552 23548
f 23553 23556 23555 23554
f 23557 23558 23559 23560
f 23553 23554 23558 23557
f 23555 23556 23560 23559
f 23554 23555 23559 23558
f 23553 23557 23560 23556
f 23561 23564 23563 23562
f 23565 23566 23567 23568
f 23561 23562 23566 23565
f 23563 23564 23568 23567
f 23562 23563 23567 23566
f 23561 23565 23568 23564
f 23569 23572 23571 23570
f 23573 23574 23575 23576
f 23569 23570 23574 23573
f 23571 23572 23576 23575
f 23570 23571 23575 23574
f 23569 23573 23576 23572
f 23577 23580 23579 23578
f 23581 23582 23583 23584
f 23577 23578 23582 23581
f 23579 23580 23584 23583
f 23578 23579 23583 23582
f 23577 23581 23584 23580
f 23585 23588 23587 23586
f 23589 23590 23591 23592
f 23585 23586 23590 23589
f 23587 23588 23592 23591
f 23586 23587 23591 23590
f 23585 23589 23592 23588
f 23593 23596 23595 23594
f 23597 23598 23599 23600
f 23593 23594 23598 23597
f 23595 23596 23600 23599
f 23594 23595 23599 23598
f 23593 23597 23600 23596
f 23601 23604 23603 23602
f 23605 23606 23607 23608
f 23601 23602 23606 23605
f 23603 23604 23608 23607
f 23602 23603 23607 23606
f 23601 23605 23608 23604
f 23609 23612 23611 23610
f 23613 23614 23615 23616
f 23609 23610 23614 23613
f 23611 23612 23616 23615
f 23610 23611 23615 23614
f 23609 23613 23616 23612
f 23617 23620 23619 23618
f 23621 23622 23623 23624
f 23617 23618 23622 23621
f 23619 23620 23624 23623
f 23618 23619 23623 23622
f 23617 23621 23624 23620
f 23625 23628 23627 23626
f 23629 23630 23631 23632
f 23625 23626 23630 23629
f 23627 23628 23632 23631
f 23626 23627 23631 23630
f 23625 23629 23632 23628
f 23633 23636 23635 23634
f 23637 23638 23639 23640
f 23633 23634 23638 23637
f 23635 23636 23640 23639
f 23634 23635 23639 23638
f 23633 23637 23640 23636
f 23641 23644 23643 23642
f 23645 23646 23647 23648
f 23641 23642 23646 23645
f 23643 23644 23648 23647
f 23642 23643 23647 23646
f 23641 23645 23648 23644
f 23649 23652 23651 23650
f 23653 23654 23655 23656
f 23649 23650 23654 23653
f 23651 23652 23656 23655
f 23650 23651 23655 23654
f 23649 23653 23656 23652
f 23657 23660 23659 23658
f 23661 23662 23663 23664
f 23657 23658 23662 23661
f 23659 23660 23664 23663
f 23658 23659 23663 23662
f 23657 23661 23664 23660
f 23665 23668 23667 23666
f 23669 23670 23671 23672
f 23665 23666 23670 23669
f 23667 23668 23672 23671
f 23666 23667 23671 23670
f 23665 23669 23672 23668
f 23673 23676 23675 23674
f 23677 23678 23679 23680
f 23673 23674 23678 23677
f 23675 23676 23680 23679
f 23674 23675 23679 23678
f 23673 23677 23680 23676
f 23681 23684 23683 23682
f 23685 23686 23687 23688
f 23681 23682 23686 23685
f 23683 23684 23688 23687
f 23682 23683 23687 23686
f 23681 23685 23688 23684
f 23689 23692 23691 23690
f 23693 23694 23695 23696
f 23689 23690 23694 23693
f 23691 23692 23696 23695
f 23690 23691 23695 23694
f 23689 23693 23696 23692
f 23697 23700 23699 23698
f 23701 23702 23703 23704
f 23697 23698 23702 23701
f 23699 23700 23704 23703
f 23698 23699 23703 23702
f 23697 23701 23704 23700
f 23705 23708 23707 23706
f 23709 23710 23711 23712
f 23705 23706 23710 23709
f 23707 23708 23712 23711
f 23706 23707 23711 23710
f 23705 23709 23712 23708
f 23713 23716 23715 23714
f 23717 23718 23719 23720
f 23713 23714 23718 23717
f 23715 23716 23720 23719
f 23714 23715 23719 23718
f 23713 23717 23720 23716
f 23721 23724 23723 23722
f 23725 23726 23727 23728
f 23721 23722 23726 23725
f 23723 23724 23728 23727
f 23722 23723 23727 23726
f 23721 23725 23728 23724
f 23729 23732 23731 23730
f 23733 23734 23735 23736
f 23729 23730 23734 23733
f 23731 23732 23736 23735
f 23730 23731 23735 23734
f 23729 23733 23736 23732
f 23737 23740 23739 23738
f 23741 23742 23743 23744
f 23737 23738 23742 23741
f 23739 23740 23744 23743
f 23738 23739 23743 23742
f 23737 23741 23744 23740
f 23745 23748 23747 23746
f 23749 23750 23751 23752
f 23745 23746 23750 23749
f 23747 23748 23752 23751
f 23746 23747 23751 23750
f 23745 23749 23752 23748
f 23753 23756 23755 23754
f 23757 23758 23759 23760
f 23753 23754 23758 23757
f 23755 23756 23760 23759
f 23754 23755 23759 23758
f 23753 23757 23760 23756
f 23761 23764 23763 23762
f 23765 23766 23767 23768
f 23761 23762 23766 23765
f 23763 23764 23768 23767
f 23762 23763 23767 23766
f 23761 23765 23768 23764
f 23769 23772 23771 23770
f 23773 23774 23775 23776
f 23769 23770 23774 23773
f 23771 23772 23776 23775
f 23770 23771 23775 23774
f 23769 23773 23776 23772
f 23777 23780 23779 23778
f 23781 23782 23783 23784
f 23777 23778 23782 23781
f 23779 23780 23784 23783
f 23778 23779 23783 23782
f 23777 23781 23784 23780
f 23785 23788 23787 23786
f 23789 23790 23791 23792
f 23785 23786 23790 23789
f 23787 23788 23792 23791
f 23786 23787 23791 23790
f 23785 23789 23792 23788
f 23793 23796 23795 23794
f 23797 23798 23799 23800
f 23793 23794 23798 23797
f 23795 23796 23800 23799
f 23794 23795 23799 23798
f 23793 23797 23800 23796
f 23801 23804 23803 23802
f 23805 23806 23807 23808
f 23801 23802 23806 23805
f 23803 23804 23808 23807
f 23802 23803 23807 23806
f 23801 23805 23808 23804
f 23809 23812 23811 23810
f 23813 23814 23815 23816
f 23809 23810 23814 23813
f 23811 23812 23816 23815
f 23810 23811 23815 23814
f 23809 23813 23816 23812
f 23817 23820 23819 23818
f 23821 23822 23823 23824
f 23817 23818 23822 23821
f 23819 23820 23824 23823
f 23818 23819 23823 23822
f 23817 23821 23824 23820
f 23825 23828 23827 23826
f 23829 23830 23831 23832
f 23825 23826 23830 23829
f 23827 23828 23832 23831
f 23826 23827 23831 23830
f 23825 23829 23832 23828
f 23833 23836 23835 23834
f 23837 23838 23839 23840
f 23833 23834 23838 23837
f 23835 23836 23840 23839
f 23834 23835 23839 23838
f 23833 23837 23840 23836
f 23841 23844 23843 23842
f 23845 23846 23847 23848
f 23841 23842 23846 23845
f 23843 23844 23848 23847
f 23842 23843 23847 23846
f 23841 23845 23848 23844
f 23849 23852 23851 23850
f 23853 23854 23855 23856
f 23849 23850 23854 23853
f 23851 23852 23856 23855
f 23850 23851 23855 23854
f 23849 23853 23856 23852
f 23857 23860 23859 23858
f 23861 23862 23863 23864
f 23857 23858 23862 23861
f 23859 23860 23864 23863
f 23858 23859 23863 23862
f 23857 23861 23864 23860
f 23865 23868 23867 23866
f 23869 23870 23871 23872
f 23865 23866 23870 23869
f 23867 23868 23872 23871
f 23866 23867 23871 23870
f 23865 23869 23872 23868
f 23873 23876 23875 23874
f 23877 23878 23879 23880
f 23873 23874 23878 23877
f 23875 23876 23880 23879
f 23874 23875 23879 23878
f 23873 23877 23880 23876
f 23881 23884 23883 23882
f 23885 23886 23887 23888
f 23881 23882 23886 23885
f 23883 23884 23888 23887
f 23882 23883 23887 23886
f 23881 23885 23888 23884
f 23889 23892 23891 23890
f 23893 23894 23895 23896
f 23889 23890 23894 23893
f 23891 23892 23896 23895
f 23890 23891 23895 23894
f 23889 23893 23896 23892
f 23897 23900 23899 23898
f 23901 23902 23903 23904
f 23897 23898 23902 23901
f 23899 23900 23904 23903
f 23898 23899 23903 23902
f 23897 23901 23904 23900
f 23905 23908 23907 23906
f 23909 23910 23911 23912
f 23905 23906 23910 23909
f 23907 23908 23912 23911
f 23906 23907 23911 23910
f 23905 23909 23912 23908
f 23913 23916 23915 23914
f 23917 23918 23919 23920
f 23913 23914 23918 23917
f 23915 23916 23920 23919
f 23914 23915 23919 23918
f 23913 23917 23920 23916
f 23921 23924 23923 23922
f 23925 23926 23927 23928
f 23921 23922 23926 23925
f 23923 23924 23928 23927
f 23922 23923 23927 23926
f 23921 23925 23928 23924
f 23929 23932 23931 23930
f 23933 23934 23935 23936
f 23929 23930 23934 23933
f 23931 23932 23936 23935
f 23930 23931 23935 23934
f 23929 23933 23936 23932
f 23937 23940 23939 23938
f 23941 23942 23943 23944
f 23937 23938 23942 23941
f 23939 23940 23944 23943
f 23938 23939 23943 23942
f 23937 23941 23944 23940
f 23945 23948 23947 23946
f 23949 23950 23951 23952
f 23945 23946 23950 23949
f 23947 23948 23952 23951
f 23946 23947 23951 23950
f 23945 23949 23952 23948
f 23953 23956 23955 23954
f 23957 23958 23959 23960
f 23953 23954 23958 23957
f 23955 23956 23960 23959
f 23954 23955 23959 23958
f 23953 23957 23960 23956
f 23961 23964 23963 23962
f 23965 23966 23967 23968
f 23961 23962 23966 23965
f 23963 23964 23968 23967
f 23962 23963 23967 23966
f 23961 23965 23968 23964
f 23969 23972 23971 23970
f 23973 23974 23975 23976
f 23969 23970 23974 23973
f 23971 23972 23976 23975
f 23970 23971 23975 23974
f 23969 23973 23976 23972
f 23977 23980 23979 23978
f 23981 23982 23983 23984
f 23977 23978 23982 23981
f 23979 23980 23984 23983
f 23978 23979 23983 23982
f 23977 23981 23984 23980
f 23985 23988 23987 23986
f 23989 23990 23991 23992
f 23985 23986 23990 23989
f 23987 23988 23992 23991
f 23986 23987 23991 23990
f 23985 23989 23992 23988
f 23993 23996 23995 23994
f 23997 23998 23999 24000
f 23993 23994 23998 23997
f 23995 23996 24000 23999
f 23994 23995 23999 23998
f 23993 23997 24000 23996
f 24001 24004 24003 24002
f 24005 24006 24007 24008
f 24001 24002 24006 24005
f 24003 24004 24008 24007
f 24002 24003 24007 24006
f 24001 24005 24008 24004
f 24009 24012 24011 24010
f 24013 24014 24015 24016
f 24009 24010 24014 24013
f 24011 24012 24016 24015
f 24010 24011 24015 24014
f 24009 24013 24016 24012
f 24017 24020 24019 24018
f 24021 24022 24023 24024
f 24017 24018 24022 24021
f 24019 24020 24024 24023
f 24018 24019 24023 24022
f 24017 24021 24024 24020
f 24025 24028 24027 24026
f 24029 24030 24031 24032
f 24025 24026 24030 24029
f 24027 24028 24032 24031
f 24026 24027 24031 24030
f 24025 24029 24032 24028
f 24033 24036 24035 24034
f 24037 24038 24039 24040
f 24033 24034 24038 24037
f 24035 24036 24040 24039
f 24034 24035 24039 24038
f 24033 24037 24040 24036
f 24041 24044 24043 24042
f 24045 24046 24047 24048
f 24041 24042 24046 24045
f 24043 24044 24048 24047
f 24042 24043 24047 24046
f 24041 24045 24048 24044
f 24049 24052 24051 24050
f 24053 24054 24055 24056
f 24049 24050 24054 24053
f 24051 24052 24056 24055
f 24050 24051 24055 24054
f 24049 24053 24056 24052
f 24057 24060 24059 24058
f 24061 24062 24063 24064
f 24057 24058 24062 24061
f 24059 24060 24064 24063
f 24058 24059 24063 24062
f 24057 24061 24064 24060
f 24065 24068 24067 24066
f 24069 24070 24071 24072
f 24065 24066 24070 24069
f 24067 24068 24072 24071
f 24066 24067 24071 24070
f 24065 24069 24072 24068
f 24073 24076 24075 24074
f 24077 24078 24079 24080
f 24073 24074 24078 24077
f 24075 24076 24080 24079
f 24074 24075 24079 24078
f 24073 24077 24080 24076
f 24081 24084 24083 24082
f 24085 24086 24087 24088
f 24081 24082 24086 24085
f 24083 24084 24088 24087
f 24082 24083 24087 24086
f 24081 24085 24088 24084
f 24089 24092 24091 24090
f 24093 24094 24095 24096
f 24089 24090 24094 24093
f 24091 24092 24096 24095
f 24090 24091 24095 24094
f 24089 24093 24096 24092
f 24097 24100 24099 24098
f 24101 24102 24103 24104
f 24097 24098 24102 24101
f 24099 24100 24104 24103
f 24098 24099 24103 24102
f 24097 24101 24104 24100
f 24105 24108 24107 24106
f 24109 24110 24111 24112
f 24105 24106 24110 24109
f 24107 24108 24112 24111
f 24106 24107 24111 24110
f 24105 24109 24112 24108
f 24113 24116 24115 24114
f 24117 24118 24119 24120
f 24113 24114 24118 24117
f 24115 24116 24120 24119
f 24114 24115 24119 24118
f 24113 24117 24120 24116
f 24121 24124 24123 24122
f 24125 24126 24127 24128
f 24121 24122 24126 24125
f 24123 24124 24128 24127
f 24122 24123 24127 24126
f 24121 24125 24128 24124
f 24129 24132 24131 24130
f 24133 24134 24135 24136
f 24129 24130 24134 24133
f 24131 24132 24136 24135
f 24130 24131 24135 24134
f 24129 24133 24136 24132
f 24137 24140 24139 24138
f 24141 24142 24143 24144
f 24137 24138 24142 24141
f 24139 24140 24144 24143
f 24138 24139 24143 24142
f 24137 24141 24144 24140
f 24145 24148 24147 24146
f 24149 24150 24151 24152
f 24145 24146 24150 24149
f 24147 24148 24152 24151
f 24146 24147 24151 24150
f 24145 24149 24152 24148
f 24153 24156 24155 24154
f 24157 24158 24159 24160
f 24153 24154 24158 24157
f 24155 24156 24160 24159
f 24154 24155 24159 24158
f 24153 24157 24160 24156
f 24161 24164 24163 24162
f 24165 24166 24167 24168
f 24161 24162 24166 24165
f 24163 24164 24168 24167
f 24162 24163 24167 24166
f 24161 24165 24168 24164
f 24169 24172 24171 24170
f 24173 24174 24175 24176
f 24169 24170 24174 24173
f 24171 24172 24176 24175
f 24170 24171 24175 24174
f 24169 24173 24176 24172
f 24177 24180 24179 24178
f 24181 24182 24183 24184
f 24177 24178 24182 24181
f 24179 24180 24184 24183
f 24178 24179 24183 24182
f 24177 24181 24184 24180
f 24185 24188 24187 24186
f 24189 24190 24191 24192
f 24185 24186 24190 24189
f 24187 24188 24192 24191
f 24186 24187 24191 24190
f 24185 24189 24192 24188
f 24193 24196 24195 24194
f 24197 24198 24199 24200
f 24193 24194 24198 24197
f 24195 24196 24200 24199
f 24194 24195 24199 24198
f 24193 24197 24200 24196
f 24201 24204 24203 24202
f 24205 24206 24207 24208
f 24201 24202 24206 24205
f 24203 24204 24208 24207
f 24202 24203 24207 24206
f 24201 24205 24208 24204
f 24209 24212 24211 24210
f 24213 24214 24215 24216
f 24209 24210 24214 24213
f 24211 24212 24216 24215
f 24210 24211 24215 24214
f 24209 24213 24216 24212
f 24217 24220 24219 24218
f 24221 24222 24223 24224
f 24217 24218 24222 24221
f 24219 24220 24224 24223
f 24218 24219 24223 24222
f 24217 24221 24224 24220
f 24225 24228 24227 24226
f 24229 24230 24231 24232
f 24225 24226 24230 24229
f 24227 24228 24232 24231
f 24226 24227 24231 24230
f 24225 24229 24232 24228
f 24233 24236 24235 24234
f 24237 24238 24239 24240
f 24233 24234 24238 24237
f 24235 24236 24240 24239
f 24234 24235 24239 24238
f 24233 24237 24240 24236
f 24241 24244 24243 24242
f 24245 24246 24247 24248
f 24241 24242 24246 24245
f 24243 24244 24248 24247
f 24242 24243 24247 24246
f 24241 24245 24248 24244
f 24249 24252 24251 24250
f 24253 24254 24255 24256
f 24249 24250 24254 24253
f 24251 24252 24256 24255
f 24250 24251 24255 24254
f 24249 24253 24256 24252
f 24257 24260 24259 24258
f 24261 24262 24263 24264
f 24257 24258 24262 24261
f 24259 24260 24264 24263
f 24258 24259 24263 24262
f 24257 24261 24264 24260
f 24265 24268 24267 24266
f 24269 24270 24271 24272
f 24265 24266 24270 24269
f 24267 24268 24272 24271
f 24266 24267 24271 24270
f 24265 24269 24272 24268
o nozzles
v -107.1000 28.0000 -107.1000
v 107.1000 28.0000 -107.1000
v 107.1000 50.0000 -107.1000
v -107.1000 50.0000 -107.1000
v -107.1000 28.0000 107.1000
v 107.1000 28.0000 107.1000
v 107.1000 50.0000 107.1000
v -107.1000 50.0000 107.1000
v -107.1000 0.0000 -107.1000
v -81.1000 0.0000 -107.1000
v -81.1000 28.0000 -107.1000
v -107.1000 28.0000 -107.1000
v -107.1000 0.0000 -81.1000
v -81.1000 0.0000 -81.1000
v -81.1000 28.0000 -81.1000
v -107.1000 28.0000 -81.1000
v -107.1000 0.0000 81.1000
v -81.1000 0.0000 81.1000
v -81.1000 28.0000 81.1000
v -107.1000 28.0000 81.1000
v -107.1000 0.0000 107.1000
v -81.1000 0.0000 107.1000
v -81.1000 28.0000 107.1000
v -107.1000 28.0000 107.1000
v 81.1000 0.0000 -107.1000
v 107.1000 0.0000 -107.1000
v 107.1000 28.0000 -107.1000
v 81.1000 28.0000 -107.1000
v 81.1000 0.0000 -81.1000
v 107.1000 0.0000 -81.1000
v 107.1000 28.0000 -81.1000
v 81.1000 28.0000 -81.1000
v 81.1000 0.0000 81.1000
v 107.1000 0.0000 81.1000
v 107.1000 28.0000 81.1000
v 81.1000 28.0000 81.1000
v 81.1000 0.0000 107.1000
v 107.1000 0.0000 107.1000
v 107.1000 28.0000 107.1000
v 81.1000 28.0000 107.1000
v -107.1000 1010.0000 -107.1000
v 107.1000 1010.0000 -107.1000
v 107.1000 1022.0000 -107.1000
v -107.1000 1022.0000 -107.1000
v -107.1000 1010.0000 107.1000
v 107.1000 1010.0000 107.1000
v 107.1000 1022.0000 107.1000
v -107.1000 1022.0000 107.1000
v -107.1000 1022.0000 -107.1000
v 107.1000 1022.0000 -107.1000
v 107.1000 1080.0000 -107.1000
v -107.1000 1080.0000 -107.1000
v -107.1000 1022.0000 -97.1000
v 107.1000 1022.0000 -97.1000
v 107.1000 1080.0000 -97.1000
v -107.1000 1080.0000 -97.1000
v -107.1000 1022.0000 97.1000
v 107.1000 1022.0000 97.1000
v 107.1000 1080.0000 97.1000
v -107.1000 1080.0000 97.1000
v -107.1000 1022.0000 107.1000
v 107.1000 1022.0000 107.1000
v 107.1000 1080.0000 107.1000
v -107.1000 1080.0000 107.1000
v -107.1000 1022.0000 -97.1000
v -97.1000 1022.0000 -97.1000
v -97.1000 1080.0000 -97.1000
v -107.1000 1080.0000 -97.1000
v -107.1000 1022.0000 97.1000
v -97.1000 1022.0000 97.1000
v -97.1000 1080.0000 97.1000
v -107.1000 1080.0000 97.1000
v 97.1000 1022.0000 -97.1000
v 107.1000 1022.0000 -97.1000
v 107.1000 1080.0000 -97.1000
v 97.1000 1080.0000 -97.1000
v 97.1000 1022.0000 97.1000
v 107.1000 1022.0000 97.1000
v 107.1000 1080.0000 97.1000
v 97.1000 1080.0000 97.1000
f 24273 24276 24275 24274
f 24277 24278 24279 24280
f 24273 24274 24278 24277
f 24275 24276 24280 24279
f 24274 24275 24279 24278
f 24273 24277 24280 24276
f 24281 24284 24283 24282
f 24285 24286 24287 24288
f 24281 24282 24286 24285
f 24283 24284 24288 24287
f 24282 24283 24287 24286
f 24281 24285 24288 24284
f 24289 24292 24291 24290
f 24293 24294 24295 24296
f 24289 24290 24294 24293
f 24291 24292 24296 24295
f 24290 24291 24295 24294
f 24289 24293 24296 24292
f 24297 24300 24299 24298
f 24301 24302 24303 24304
f 24297 24298 24302 24301
f 24299 24300 24304 24303
f 24298 24299 24303 24302
f 24297 24301 24304 24300
f 24305 24308 24307 24306
f 24309 24310 24311 24312
f 24305 24306 24310 24309
f 24307 24308 24312 24311
f 24306 24307 24311 24310
f 24305 24309 24312 24308
f 24313 24316 24315 24314
f 24317 24318 24319 24320
f 24313 24314 24318 24317
f 24315 24316 24320 24319
f 24314 24315 24319 24318
f 24313 24317 24320 24316
f 24321 24324 24323 24322
f 24325 24326 24327 24328
f 24321 24322 24326 24325
f 24323 24324 24328 24327
f 24322 24323 24327 24326
f 24321 24325 24328 24324
f 24329 24332 24331 24330
f 24333 24334 24335 24336
f 24329 24330 24334 24333
f 24331 24332 24336 24335
f 24330 24331 24335 24334
f 24329 24333 24336 24332
f 24337 24340 24339 24338
f 24341 24342 24343 24344
f 24337 24338 24342 24341
f 24339 24340 24344 24343
f 24338 24339 24343 24342
f 24337 24341 24344 24340
f 24345 24348 24347 24346
f 24349 24350 24351 24352
f 24345 24346 24350 24349
f 24347 24348 24352 24351
f 24346 24347 24351 24350
f 24345 24349 24352 24348
